time,base_x,base_y,base_z,base_qx,base_qy,base_qz,base_qw,base_vx,base_vy,base_vz,base_wx,base_wy,base_wz,base_ax,base_ay,base_az,base_alphax,base_alphay,base_alphaz,q_fl_hip_abduction,dq_fl_hip_abduction,ddq_fl_hip_abduction,tau_fl_hip_abduction,q_fl_hip_pitch,dq_fl_hip_pitch,ddq_fl_hip_pitch,tau_fl_hip_pitch,q_fl_knee,dq_fl_knee,ddq_fl_knee,tau_fl_knee,q_fr_hip_abduction,dq_fr_hip_abduction,ddq_fr_hip_abduction,tau_fr_hip_abduction,q_fr_hip_pitch,dq_fr_hip_pitch,ddq_fr_hip_pitch,tau_fr_hip_pitch,q_fr_knee,dq_fr_knee,ddq_fr_knee,tau_fr_knee,q_rl_hip_abduction,dq_rl_hip_abduction,ddq_rl_hip_abduction,tau_rl_hip_abduction,q_rl_hip_pitch,dq_rl_hip_pitch,ddq_rl_hip_pitch,tau_rl_hip_pitch,q_rl_knee,dq_rl_knee,ddq_rl_knee,tau_rl_knee,q_rr_hip_abduction,dq_rr_hip_abduction,ddq_rr_hip_abduction,tau_rr_hip_abduction,q_rr_hip_pitch,dq_rr_hip_pitch,ddq_rr_hip_pitch,tau_rr_hip_pitch,q_rr_knee,dq_rr_knee,ddq_rr_knee,tau_rr_knee,contact_fl_foot_fx,contact_fl_foot_fy,contact_fl_foot_fz,contact_fl_foot_active,contact_fr_foot_fx,contact_fr_foot_fy,contact_fr_foot_fz,contact_fr_foot_active,contact_rl_foot_fx,contact_rl_foot_fy,contact_rl_foot_fz,contact_rl_foot_active,contact_rr_foot_fx,contact_rr_foot_fy,contact_rr_foot_fz,contact_rr_foot_active
0,0,0.012,0.43,0,0.022498101610554,0,0.99974688567853,0.08,-0,0.045,0.2,-0,0.16,0.38883849154827,0.17016240625238,0.2331019732581,-0.36102297241069,2.3629624638332,3.2422539636403,0,0.86393797973719,-0,-0.78332746376475,0.70506124072876,1.2528945533271,-2.6400626188079,-3.0403653715322,-0.86201982609979,1.3046294397738,-7.974288755359,0.80066942978061,0.21138371412534,0.36151702589844,-7.4326758058337,-2.310621931999,0.87666692980141,-0.2942099671918,-12.912414890873,-5.7901113222857,-0.83197845949657,-1.5110763737419,-16.784938919695,-0.74623221253852,0.11715767966224,-1.4771129873858,-7.3721348739202,-0.84111107194196,0.61936395764506,-2.5577264505237,-2.9114327094946,-0.25636355447569,-1.2617193587179,-3.366086017736,9.5956016727425,2.5888941145902,-0.14645003671015,-1.6310941187899,14.456071867814,1.286533646097,0.30515021897516,-1.2748870812535,30.898876961775,6.7669068770747,-1.5299410734008,0.075420156692448,48.261388237644,8.0162741978858,0,2.5,35.16584604219,1,2.4270509831248,-0.39108616260058,36.981808041148,1,-2.8531695488855,-2.3776412907379,31.92977806469,1,0.92705098312484,1.1349762493489,39.11659940457,1
0.005,0.00020616052677095,0.011998126366049,0.43020418134847,0.00042389245723657,0.022493004214952,0.0003436157281627,0.99974685146031,0.079992443703087,-0.0010602323369372,0.04498534096363,0.19997532649633,-0.0038874186500893,0.15998889682347,0.401824358221,0.16298453481979,0.25907539750012,-0.44085482031357,2.0302630414081,3.2672745845569,0.0043194123413382,0.86377144746869,-0.066610767272174,-0.84959611443196,0.71129216316181,1.2393648057954,-2.7715983792108,-3.1643603947223,-0.85559710435338,1.2643110505911,-8.1521365464331,0.72196119382449,0.21309813279828,0.32420020720926,-7.4929582085922,-2.3171921627816,0.87503475618075,-0.35860027976167,-12.841374606815,-5.703205546519,-0.83974196861135,-1.593985804491,-16.375186718357,-0.69323100226339,0.10968191136656,-1.5128023106508,-6.9017229272105,-0.76629409288883,0.60654287885744,-2.5699148141499,-1.9631614891605,-0.023394918514216,-1.278423842687,-3.314511900452,11.030353681311,2.7786872008938,-0.15442148970242,-1.5568313332216,15.242933380012,1.3487157649874,0.29916491457672,-1.1186739237889,31.571750643889,6.8484669724816,-1.5289610644454,0.31647968326399,48.136904216356,8.0560059850657,0.08245642165762,2.4994169063923,35.29933893743,1,2.377667381931,-0.4443221421599,36.861853434939,1,-2.8775720655694,-2.3604023131637,32.010045842926,1,1.00512146317,1.1828186884389,39.093515782597,1
0.01,0.0004122821082881,0.011992506049278,0.43040822967019,0.00084769065897622,0.0224777143669,0.00068719842220615,0.99974674869975,0.079969776239788,-0.0021201335926573,0.044941373405068,0.19990131207315,-0.0077730239170063,0.15995558883488,0.41506497587257,0.15453861944407,0.28349274164847,-0.50213819488784,1.7033296377096,3.2957555466728,0.0086371594669951,0.86327191486455,-0.13319585482557,-0.91447855706827,0.71745379868267,1.2251810073408,-2.9016714819126,-3.2860757095387,-0.84937817426381,1.2231174796503,-8.3243412632092,0.64478535213881,0.21462524123788,0.28659842114065,-7.5466544074637,-2.3212448211224,0.8730815773043,-0.4226004261829,-12.756362583311,-5.6094986147692,-0.84791481238199,-1.674792232047,-15.943830140204,-0.63528058807593,0.1020336226158,-1.5461121226561,-6.4204551487101,-0.68966688362965,0.59367272859459,-2.5773520160107,-1.0112608497673,0.20662160324529,-1.2948526171543,-3.25582195167,12.441424936719,2.9669695958297,-0.16201194771983,-1.4787274701207,15.992186907523,1.4097029512612,0.29396871910093,-0.95931744264205,32.155911941297,6.9194295454276,-1.5267779513151,0.55653446801911,47.859597871435,8.0866709789276,0.16485053973734,2.4976678975677,35.432683110589,1,2.3264872295167,-0.49735085659853,36.740009336808,1,-2.8998003060507,-2.3420622671892,32.093829442504,1,1.0824324794629,1.2301093723158,39.066056413041,1
0.015,0.0006183258066547,0.011983140804758,0.43061201202509,0.0012713003613222,0.022452239081589,0.0010307150320426,0.99974657707948,0.079932001892155,-0.0031793727893305,0.044868125969738,0.19977797499239,-0.011655003263476,0.15990008065704,0.42852419907701,0.14476816160744,0.30622323088354,-0.54475271291206,1.3824451982307,3.3278369549791,0.012951576803262,0.8624395745041,-0.19972959284143,-0.97795553875937,0.72354289560677,1.2103506431899,-3.0302132833368,-3.4053794998923,-0.84336734070066,1.1810772419771,-8.4907837020889,0.56923121648009,0.21596369713748,0.24874471912873,-7.5937172042516,-2.3227435837063,0.87080951827992,-0.48614077268203,-12.657471315589,-5.5092484860375,-0.85648620807977,-1.7533890455636,-15.491438289589,-0.57253390360332,0.09422484352722,-1.5769900298587,-5.9290885323038,-0.61165686126132,0.58077730070582,-2.5800243064872,-0.057490629383315,0.43321025709032,-1.3109704116503,-3.1901421711747,13.825786050151,3.1532854699012,-0.16920268327589,-1.396975230512,16.701983861597,1.4697645787449,0.28957623316013,-0.79726540815116,32.649719439105,6.9797855816491,-1.523398664834,0.79482239859097,47.430349579398,8.1084055239146,0.24712009773746,2.494753789395,35.565730005278,1,2.2735491972984,-0.55014756935296,36.616411491115,1,-2.9198374748042,-2.3226297079852,32.181035521592,1,1.1589256162632,1.2768262410634,39.034251887902,1
0.02,0.00082425269868669,0.011970033556995,0.43081539564636,0.0016946273435905,0.022416590047439,0.0013741324756793,0.99974633607168,0.079879127796043,-0.00423761915587,0.044765646379278,0.19960534568565,-0.015531545843626,0.15982237999392,0.44214685712688,0.13362540529921,0.32713125883742,-0.56862558339042,1.067932297463,3.3635195742955,0.017261001060126,0.86127474727039,-0.26618633129723,-1.040014825267,0.72955624053041,1.1948815397822,-3.1571559480217,-3.5221417071932,-0.83756876448486,1.1382194386767,-8.6513486482395,0.49538795972093,0.21711232401336,0.21067237404014,-7.6341052314258,-2.3216491671592,0.86822105116515,-0.54915218575953,-12.544808399842,-5.4027141556013,-0.86544484715194,-1.8296725494187,-15.018608023463,-0.50514610674169,0.086267856655945,-1.6053874638984,-5.4283959565019,-0.53267324480939,0.56788043577276,-2.5779267451494,0.89638587751203,0.65594055610873,-1.3267426233396,-3.1176135650222,15.180464976034,3.3371998799843,-0.17597595509561,-1.3117763168435,17.370573002342,1.5291264024975,0.28599979905068,-0.63297316479767,33.051785604477,7.0294234424025,-1.5188339333698,1.0305869719215,46.850522093467,8.1212878707866,0.32920293327314,2.4906759412324,35.698331396296,1,2.2188932849358,-0.6026876520826,36.49119759604,1,-2.9376684318653,-2.3021137003526,32.271566925436,1,1.2345430758153,1.3229475024355,38.998137640039,1
0.025,0.0010300238832656,0.01195318839902,0.43101824802699,0.0021175774199479,0.022370783620747,0.0017174176233467,0.99974602493972,0.079811163939761,-0.0052945422312222,0.044634001400443,0.19938346674663,-0.019400843347697,0.15972249762955,0.45585928263806,0.12107187239388,0.34607725427052,-0.57372097898069,0.76015896750838,3.4026587616392,0.021563770872503,0.85977788222649,-0.33254044985522,-1.1006502435936,0.73549066002654,1.1787818606391,-3.2824324844191,-3.6362342685922,-0.8319864595085,1.0945737367901,-8.805924955348,0.42334438094716,0.2180701122388,0.17241485092571,-7.6677829884837,-2.3179201080292,0.86531899227749,-0.61156610740876,-12.418496416163,-5.2901551704709,-0.87477891014158,-1.9035421000233,-14.525963163918,-0.43327425058047,0.078175177675514,-1.6312597579909,-4.9191649687675,-0.45310035245073,0.55500597703381,-2.5710632098898,1.848605179941,0.87442923552399,-1.3421353913086,-3.0383918428179,16.502553392642,3.5183013171721,-0.18231505188751,-1.2233409353374,17.996304759461,1.5879639479203,0.28324946607271,-0.46690235174948,33.360980685416,7.0681280437537,-1.5130982487742,1.2630796959648,46.121956217183,8.1253362172705,0.4110370250459,2.4854362552936,35.830339554773,1,2.1625607901088,-0.65494659615834,36.364507150175,1,-2.9532797042697,-2.2805238144937,32.365322794596,1,1.30922772202,1.368451642022,38.9577539037,1
0.03,0.0012356004886873,0.01193261059111,0.43122043700607,0.0025400564510864,0.022314840818204,0.0020605372817222,0.99974564274049,0.079728123162187,-0.0063498119675607,0.044473276801614,0.19911239292062,-0.023261090845575,0.1596004474266,0.46957010019217,0.10707907434472,0.36291929098658,-0.56003042473595,0.45954533206908,3.444959858863,0.025858227440724,0.85794955644237,-0.3987663677396,-1.1598607012311,0.7413430223195,1.1620601020564,-3.4059767802482,-3.7475312365801,-0.82662428995634,1.0501703487575,-8.9544056225586,0.35318869392795,0.21883621993154,0.13400577760511,-7.6947208731551,-2.3115136406711,0.86210649913021,-0.67331462970882,-12.278672795176,-5.171831013027,-0.88447608228136,-1.9749002386043,-14.014153675157,-0.35707694735348,0.069959535691787,-1.654566217186,-4.40219654677,-0.37329167782601,0.54217772630363,-2.5594463897539,2.7974068507029,1.0883416022941,-1.3571156692609,-2.9526470834281,17.78921294589,3.6962039018343,-0.18820433357437,-1.1318872773608,18.577635302133,1.6463961448692,0.28133296229302,-0.29951960571678,33.576435885215,7.0955824934896,-1.5062098203744,1.4915624659569,45.246964960324,8.1205084514707,0.49256053970659,2.4790371757605,35.961607412747,1,2.1045942773126,-0.70690002409521,36.236481297111,1,-2.9666594962335,-2.257870121548,32.462198677311,1,1.3829231236064,1.4133174332846,38.913145669692,1
0.035,0.001440943680005,0.011908306559144,0.43142183085491,0.0029619703559491,0.022248787307277,0.0024034581782823,0.99974518832738,0.079630021150338,-0.0074030988333512,0.044283577296912,0.19879219109104,-0.02711048762875,0.15945624632437,0.4831712780547,0.091629419686577,0.37751541217699,-0.52756423502153,0.16657073027306,3.4899751886499,0.030142715170033,0.85579047477243,-0.46483855359834,-1.2176491827841,0.74711023893771,1.1447250886204,-3.5277236373845,-3.8559087863675,-0.82148596763092,1.0050400115049,-9.0966878685413,0.28500833704128,0.2194099736938,0.095478915108482,-7.7148952074216,-2.3023866528884,0.85858706699686,-0.73433056871009,-12.125489668508,-5.0480003691338,-0.89452356974094,-2.0436528197854,-13.483854805972,-0.27671403251035,0.061633853221121,-1.6752701823764,-3.8783038385145,-0.29356485322825,0.52941939996927,-2.5430977614815,3.741036780986,1.2973922360363,-1.371651296463,-2.8605633698423,19.037681342911,3.8705491858126,-0.19362926988107,-1.0376409810952,19.113130348018,1.7044792107619,0.28025567283017,-0.13129524976549,33.697545803662,7.111372223196,-1.4981905171638,1.7153099077097,44.228326195693,8.1067036715937,0.57371187857622,2.4714816876432,36.091988727014,1,2.0450375456968,-0.75852370092381,36.107262668192,1,-2.9777976980662,-2.2341631888945,32.562086645869,1,1.4555735967707,1.4575239474584,38.864362635263,1
0.04,0.0016460146663657,0.011880283892599,0.43162229836285,0.003383225123516,0.022172653394462,0.0027461469458145,0.99974466035391,0.079516876436414,-0.008454073916255,0.044065026477979,0.1984229402629,-0.030947238050294,0.15928991433649,0.49653945659488,0.074717315752346,0.38972661511642,-0.47634407733807,-0.11821907113369,3.5371028500272,0.034415582308851,0.85330146958374,-0.53073153534607,-1.2740217301609,0.7527892663436,1.1267859685509,-3.6476088062675,-3.9612451257801,-0.81657504938319,0.95921396516739,-9.2326732026391,0.21888980048162,0.21979086920417,0.056868128001002,-7.7282882583301,-2.2904989245835,0.85476452510837,-0.79454753753205,-11.959113703263,-4.918920307061,-0.90490811650628,-2.1097091357967,-12.935766198864,-0.19234623982328,0.05321122586434,-1.6933390879598,-3.3483108833282,-0.21419758282322,0.51675458514417,-2.5220475498012,4.6777504232977,1.5013450082434,-1.3857110667895,-2.7623383939709,20.245278282348,4.0410075319869,-0.19857647618431,-0.94083457483279,19.601468701979,1.7622008306308,0.28002062472304,0.037298028227493,33.723970138129,7.3648477392109,-1.4890657983731,1.9336116804875,43.069273840084,8.0837654575206,0.65442972418963,2.4627733153869,36.221338242051,1,1.983935595971,-0.80979354549537,35.976995223616,1,-2.9866858938092,-2.2094140752217,32.664875416847,1,1.5271242472511,1.5010505633147,38.811459148731,1
0.045,0.0018507747083378,0.011848551342178,0.43182170892276,0.0038037268246659,0.022086474011415,0.0030885701071198,0.999744057278,0.079388710394291,-0.0095024090258391,0.043817766733456,0.19800473154331,-0.034769552362491,0.15910147454813,0.50953757514526,0.056350440423485,0.39942041862311,-0.40639679925537,-0.39420504673112,3.585587551635,0.038675181585558,0.8504835004352,-0.59641990998399,-1.3289864192019,0.75837710753977,1.1082522088731,-3.7655690198067,-4.0634203298557,-0.81189493465039,0.91272393146382,-9.3622674930449,0.15491846467315,0.21997857166091,0.018207354616371,-7.7348882535787,-2.2807586115011,0.85064303248673,-0.85390001859389,-11.779725920689,-4.7848454019619,-0.91561602186876,-2.1729820361483,-12.370610966981,-0.10413490161931,0.044704901708448,-1.708744513062,-2.8130513157155,-0.13542460331957,0.50420669606121,-2.4963346715518,5.6058160167179,1.7000123986706,-1.3992647957188,-2.6581830322261,21.409411208616,4.2072790527988,-0.20303374653564,-0.84170690327316,20.041445515782,1.8194747312507,0.28062847842531,0.2057865037638,33.655634639781,7.3558531883566,-1.4788646326439,2.1457747321566,41.773487587425,8.0514868442607,0.73465308662654,2.4529161212288,36.349511851844,1,1.9213345964018,-0.86068564171499,35.845824092043,1,-2.9933173675952,-2.1836343253698,32.770450475087,1,1.5975210118049,1.5438769767804,38.754494148937,1
0.05,0.0020551851252295,0.011813118817079,0.43201993261612,0.0042233816241229,0.021990288698969,0.0034306940599383,0.99974337736684,0.079245547235486,-0.010547776796061,0.043541959156212,0.19753766811903,-0.038575647551709,0.15889095311279,0.52201682350776,0.036551137065935,0.40647491405524,-0.31774971608836,-0.66068897875586,3.6345237477993,0.042919870843548,0.84733765370754,-0.66187835339323,-1.3825523528559,0.76387081365056,1.089133590422,-3.8815420267695,-4.1623161285886,-0.80744886310289,0.86560209173867,-9.4853810319619,0.09317844236912,0.21997291607621,-0.020469422774475,-7.7346893918655,-2.4490860368452,0.84622707341986,-0.91232343489929,-11.587521499216,-4.6460268471899,-0.92663315850111,-2.2333880426117,-11.789134740084,-0.012241690576122,0.036128260488502,-1.7214622262402,-2.2733670541207,-0.057435703522965,0.49179893078538,-2.4660066637347,6.5235177885142,1.8932541014152,-1.4122833851348,-2.5483208927967,22.527580877787,4.3690941012334,-0.20699008377651,-0.74050253823601,20.431975260753,1.8761357987442,0.2820775259496,0.37369674682593,33.492731322203,7.3332990338735,-1.4676194060608,2.3511254994486,40.345081226697,8.0096169211287,0.81432134959522,2.4419147033022,36.476366760436,1,1.8572818479295,-0.91117624969787,35.713895408917,1,-2.9976871087222,-2.1568359649445,32.878694201279,1,1.6667106990588,1.5859832104091,38.693531099583,1
0.055,0.0022592073023958,0.011773997381898,0.43221684029767,0.0046420957925013,0.021884141589034,0.0037724850621264,0.99974261870244,0.079087414004582,-0.011589850787497,0.043237783438394,0.19702186523095,-0.042363748170127,0.15865837924868,0.53381894423415,0.015357864523566,0.41078318093611,-0.21042761611781,-0.91688895960792,3.6828613508006,0.047148013674311,0.84386514218457,-0.72708163009782,-1.4347286981778,0.76926748547832,1.0694402026806,-3.9954666246338,-4.2578156810228,-0.8032399124016,0.81788106468536,-9.6019285977009,0.033752416030738,0.21977390742126,-0.05912820783331,-7.727691847987,-2.4318555857941,0.84152145258259,-0.96975422029781,-11.382709562103,-4.50271159822,-0.93794499109601,-2.290847459355,-11.192104680816,0.083171579123984,0.027494792542404,-1.7314722235975,-1.730106976661,0.019625191223691,0.47955422832604,-2.4311195956292,7.4291591261972,2.0809749282369,-1.4247388857978,-2.4329878355911,23.597386723144,4.5262133197524,-0.21043572667091,-0.63747117524354,20.772094406034,1.9319359417474,0.28436369566671,0.54055695215205,33.235717921867,7.296614816809,-1.4553658193338,2.5490120463503,38.788589581703,7.957868953042,0.89337431623376,2.4297741934924,36.601761641011,1,1.7918257484267,-0.96124181684341,35.581356153659,1,-2.99979181544,-2.129031494708,32.989486002997,1,1.7346410296999,1.6273496227003,38.628637918526,1
0.06,0.0024628026985329,0.011731199253177,0.43241230367956,0.0050597757184594,0.021768081384403,0.0041139092171186,0.99974177918774,0.07891434057412,-0.012628305589278,0.042905437754355,0.19645745014574,-0.046132087163939,0.15840378523465,0.5447789066151,-0.0071733843873133,0.41225793073511,-0.084451790385136,-1.1619368653415,3.7294142806412,0.051357980048299,0.84006730458558,-0.79200460299336,-1.4855238008235,0.77456427503335,1.0491824384552,-4.1072826918857,-4.3498033719122,-0.79927099606758,0.76959388376691,-9.7118295136725,-0.023278538181921,0.21938172062184,-0.097735020036908,-7.7139017726849,-2.4085417773952,0.83653128980908,-1.0261298886465,-11.165512949903,-4.3551415972155,-0.94953659554308,-2.345284478089,-10.580308472555,0.18194307326308,0.018818077591738,-1.7387587602469,-1.1841255859124,0.095659887911021,0.46749522622814,-2.3917379651333,8.3210657141541,2.2631220326622,-1.4366045573468,-2.3124314658752,24.616532008889,4.6784272642153,-0.21336217398865,-0.5328670174616,21.060963795848,1.9865409520514,0.28748056374638,0.70589826494556,32.885316611956,7.2450457697421,-1.4421427744575,2.7388061338337,37.108954114172,7.895929891299,0.97175225459445,2.4165002550423,36.725556793342,1,1.7250157561298,-1.0108589888219,35.448353985914,1,-2.999629897445,-2.1002338847474,33.102702449049,1,1.8012606759776,1.6679569172615,38.559886902116,1
0.065,0.0026659328529594,0.011684737795588,0.43260619541489,0.005476327920974,0.021642161336463,0.0044549324597012,0.99974085655332,0.078726359638955,-0.013662816920709,0.042545138631537,0.19584456212435,-0.049878906697644,0.15812720640574,0.55472796281537,-0.030967796650136,0.41083622713133,0.06015857166921,-1.3948783029291,3.7728720803917,0.055548146943335,0.83594560504926,-0.85662224303796,-1.5349444156773,0.7797583870369,1.028370988391,-4.2169312197476,-4.4381646682334,-0.79554486146525,0.72077397434954,-9.8150077042331,-0.077835148064941,0.21879670040458,-0.13625592454545,-7.6933312872397,-2.3822995204884,0.83126201452229,-1.0813891017963,-10.936167978009,-4.2035531262711,-0.96139267861883,-2.3966272780837,-9.9545532801919,0.28391096467922,0.010111763382001,-1.7433103750767,-0.63628166484856,0.17061478865985,0.45564421872082,-2.3479345795231,9.1975886290604,2.4396814948876,-1.4478549257085,-2.1869106026966,25.582828760942,4.8255556304475,-0.21576220548,-0.42694814851921,21.297870719897,2.0395286576993,0.29141937220736,0.86925609829413,32.442511973153,7.1778147162095,-1.4279922512079,2.9199052143539,35.311507235882,7.8234711105109,1.0493959427769,2.4020990799108,36.847614299436,1,1.6569023522686,-1.0600046204686,35.315037081052,1,-2.9972014770813,-2.0704565684244,33.21821740699,1,1.8665193004866,1.7077861518096,38.487354644646,1
0.07,0.0028685593928811,0.011634627517758,0.43279838918074,0.0058916590617461,0.021506439220825,0.0047955205421295,0.9997398483647,0.078523506710083,-0.014693061732531,0.042157120809405,0.19518335238775,-0.053602458974025,0.15782868114824,0.56349708101732,-0.055930694663612,0.40648411864774,0.22338226837273,-1.6146754735463,3.811814771465,0.059716898970316,0.83150163256925,-0.92090963890132,-1.5829950951415,0.78484708039635,1.0070168353301,-4.3243543433194,-4.5227860718215,-0.79206408790056,0.67145513056496,-9.9113917473461,-0.12984017183478,0.21801936099394,-0.17465706203075,-7.6659984728161,-2.3531151018337,0.82571935982661,-1.1354717363296,-10.694924179533,-4.048176335034,-0.97349759816353,-2.4448081209238,-9.315664685212,0.38891335130795,0.0013895442158445,-1.7451199087783,-0.08743692604714,0.24447880829747,0.44402311550062,-2.2997904208489,10.057107388347,2.6106743239002,-1.4584658377865,-2.0566947232327,26.494202464241,4.9674461203283,-0.21762989968971,-0.31997589575423,21.482230671791,2.0903886953942,0.29616905352617,1.0301714385966,31.908548227101,7.0941417637014,-1.4129591738664,3.0917343447827,33.401955379621,7.7401601763755,1.1262467136758,2.3865773858845,36.967798177176,1,1.5875370029226,-1.1086557865806,35.181553965085,1,-2.9925083892488,-2.0397134361095,33.335902183641,1,1.9303675942013,1.746818747007,38.411121953026,1
0.075,0.0030706440406407,0.011580884067739,0.43298875976042,0.0063056759577484,0.021360977310883,0.0051356390206162,0.99973875203019,0.078305820107926,-0.0157187183078,0.041741637086508,0.19447398407954,-0.057301007049459,0.15750825089438,0.57092073041973,-0.081946845763648,0.39920101041039,0.40518892045498,-1.8202133058598,3.8447310506668,0.063862628995982,0.82673710038152,-0.98484200656856,-1.6296777768762,0.7898276696517,0.98513124851599,-4.4294953721151,-4.6035552012265,-0.78883108483558,0.62167149191734,-10.000914924021,-0.17921865880945,0.21705038566023,-0.21290467843815,-7.6319273545698,-2.3209820997451,0.81990935627015,-1.1883189489761,-10.442044033813,-3.8892349837986,-0.98583538371847,-2.4897634398786,-8.6644855964743,0.49678805415266,-0.0073348605869182,-1.7441845151069,0.46154534371161,0.31728042536696,0.43265340122571,-2.247394496219,10.898032946089,2.7761519489473,-1.4684145133148,-1.9220633842584,27.348696516456,5.1039729917087,-0.21896064856674,-0.21221418545587,21.613588791164,2.1385242449804,0.30171626173536,1.1881921353298,31.284925740308,6.9932653364097,-1.3970912685977,3.2537480117055,31.386360882728,7.6456734164523,1.2022464993094,2.3699424134438,37.085974531826,1,1.516972120134,-1.1567897926109,35.048053349198,1,-2.9855541800166,-2.0080188287016,33.455625668468,1,1.9927573137338,1.7850364951282,38.331273756752,1
0.08,0.0032721486209481,0.011523524228123,0.43317718312508,0.0067182855939261,0.021205842349313,0.0054752532422193,0.99973756480932,0.0780733409551,-0.016739466362354,0.041298958155779,0.19371663222573,-0.060972825644152,0.15716596011659,0.57684096950952,-0.10888023329891,0.38902359664465,0.60552847608583,-2.01030909963,3.8700398423339,0.067983738762488,0.82165384530393,-1.0483946988949,-1.6749916099691,0.79469752639284,0.96272577764575,-4.5322988199804,-4.6803610305645,-0.78584809022063,0.57145751965132,-10.0835152645,-0.22589824736077,0.21589062611902,-0.25096515465584,-7.5911478805301,-2.2859040652252,0.81383832528332,-1.2398732406355,-10.177802680826,-3.7269464363891,-0.9983897575964,-2.5314339237679,-8.0018751381309,0.60737228908543,-0.016047728268649,-1.7405056653582,1.0098016413228,0.38908396044627,0.42155609579584,-2.1908436732463,11.718810630769,2.9361912868407,-1.4776795937646,-1.783305621973,28.144476428566,5.2350353418031,-0.21975116883338,-0.10392889169508,21.691620985926,2.1832560641753,0.30804540992389,1.3428741715306,30.573396808318,6.874464141661,-1.3804389119309,3.4054318632868,29.271122740725,7.5397090342741,1.2773378746952,2.3522019223856,37.202011705191,1,1.4452610223051,-1.2043841852543,34.914683964072,1,-2.9763441039434,-1.9753875309392,33.57725447965,1,2.0536413177861,1.8224215685535,38.247899013293,1
0.085,0.0034730350680925,0.011462565910802,0.43336353651449,0.0071293951360586,0.021041105517526,0.0058143283321578,0.99973628382171,0.077826113168642,-0.017754987144823,0.040829372428177,0.19291148369156,-0.064616201946945,0.1568018563213,0.58111176355073,-0.13657438541018,0.37602917515474,0.82431720451418,-2.1837257848604,3.8861151176654,0.072078639503573,0.81625382702808,-1.1115432151078,-1.7189330523749,0.7994540806466,0.93981224677543,-4.6327104343742,-4.7530943057789,-0.78311716894509,0.52084797289717,-10.159135591151,-0.26980950034774,0.21454110178246,-0.28880503606556,-7.5436958952757,-2.2478958137696,0.80751287230095,-1.2900785189382,-9.9024876218276,-3.5615219283791,-1.0111441563572,-2.5697645952132,-7.3287075161539,0.72050221244876,-0.024735354218635,-1.7340891460547,1.556469605575,0.45998518825196,0.41075171549153,-2.1302425009636,12.517923019504,3.0908894838888,-1.4862411881975,-1.6407193314769,28.87983376327,5.3605551767453,-0.21999951008589,0.0046128196508241,21.716134731874,2.3969956751985,0.31513871403427,1.4937829114242,29.775960731994,6.7370796042669,-1.3630549708269,3.5463043422053,27.062956292147,7.4220004776128,1.3514641012401,2.3333641882034,37.315780422305,1,1.3724578939118,-1.251416762922,34.781594394188,1,-2.9648851201076,-1.9418347645032,33.700653112673,1,2.1129736027695,1.8589565280852,38.161090608978,1
0.09,0.0036732654331327,0.011398028151371,0.43354769851706,0.0075389119437945,0.020866842403095,0.006152829181582,0.99973490605655,0.077564183451717,-0.018764963536172,0.04033318584478,0.19205873713539,-0.06822943641429,0.15641599004237,0.58360343135054,-0.16485333934216,0.36033817025869,1.0614201362063,-2.339188750968,3.891313783254,0.076145752557048,0.81053912736381,-1.174263210252,-1.7614962629112,0.80409482223301,0.91640274807997,-4.7306772249997,-4.8216481495354,-0.78064021140808,0.46987788460986,-10.22772355805,-0.31088627505615,0.2130029988633,-0.32639106194877,-7.489613108428,-2.2069847323306,0.80093987957541,-1.3388801592753,-9.6163984065461,-3.3931671257088,-1.0240817526608,-2.6047048831719,-6.6458708649638,0.83601234743286,-0.033384073529292,-1.7249450498435,2.1006893735719,0.53010639998481,0.40026023504437,-2.0657030165368,13.29389274339,3.2403584408103,-1.4940809159695,-1.4946106272291,29.553189802784,5.4804753206963,-0.21970505960666,0.11314315006063,21.6870695477,2.5014221423168,0.32297624283332,1.6404943216924,28.894858199755,6.5805382519684,-1.3449946348397,3.6759182144746,24.768871899067,7.2923297465051,1.4245691696118,2.3134379982272,37.427153935445,1,1.2986177445612,-1.2978655860977,34.648932912288,1,-2.9511858868486,-1.9073761809165,33.825684091296,1,2.1707093375653,1.894624331082,38.070945255521,1
0.095,0.0038728018910666,0.011329931103186,0.43372954914889,0.0079467435838668,0.020683132965155,0.0064907204358242,0.99973342838248,0.077287601284792,-0.019769080148724,0.039810721677461,0.19115860295967,-0.071810843563052,0.15600841483406,0.58420709686887,-0.19352329467142,0.3421157022354,1.3166300898935,-2.4754060413209,3.8840063256539,0.080183509973413,0.80451194943662,-1.2365305045756,-1.8026737983399,0.80861730209003,0.89250963547173,-4.8261474917686,-4.8859188553101,-0.77841893220984,0.41858253731852,-10.289231687214,-0.3490661213351,0.21127766933217,-0.36369019472234,-7.4289470579888,-2.1632120838284,0.79412649868856,-1.3862250642311,-9.319846307263,-3.2220829768851,-1.0371854774679,-2.6362086896566,-5.9542660756814,0.95373490585132,-0.041980282489918,-1.7130877596217,2.6416049332249,0.59959103977269,0.39010105070845,-1.9973445381353,14.045285218813,3.3847192351779,-1.5011819461917,-1.3452931858586,30.163098938144,5.5947572163007,-0.21886854387586,0.22139432909262,21.604497144206,2.531160041838,0.33153597391636,1.7825961629501,27.932564991536,6.4043734968274,-1.3263152409036,3.7938619892966,22.396152690995,7.1505403078661,1.4965978420587,2.2924326475241,37.536008165346,1,1.2237963674277,-1.3437089875718,34.516847314188,1,-2.935256755225,-1.872027854243,33.952208120712,1,2.2268048973985,1.9294083394097,37.97756338227,1
0.1,0.0040716067479761,0.01125829603107,0.43390896993198,0.0083527978434984,0.020490061497813,0.006827966483156,0.99973184755799,0.076996418916292,-0.02076702342465,0.039262320318276,0.19021130325903,-0.075358752756737,0.15557918726363,0.58283899999548,-0.22237497938525,0.321572059888,1.5896436477556,-2.591091549578,3.8626097822582,0.08419035512032,0.79817461683834,-1.2983210928512,-1.8424576105196,0.81301913356595,0.86814551808104,-4.9190708520851,-4.9458068595534,-0.77645486896491,0.36699743870316,-10.343617401469,-0.38429069836038,0.20936662972922,-0.4006696489781,-7.3617510685551,-2.1166342811161,0.78708014277066,-1.4320617213552,-9.0131539801417,-3.0484668491072,-1.0504380425598,-2.6642344505547,-5.2548056075495,1.0734990278558,-0.050510459984193,-1.6985359259131,3.178365469688,0.66859804390824,0.38029294440135,-1.9252934443406,14.77071129965,3.5240965582268,-1.507529033864,-1.1930875727411,30.708251772742,5.7033786646416,-0.2174920267791,0.32909927503873,21.468621247381,2.5541295974611,0.34079385558712,1.919689148083,26.891785022184,6.2082462356666,-1.307076091303,3.8997612254391,19.952331442807,6.9965492733902,1.5674956941478,2.2703579345627,37.642221839429,1,1.1480502970953,-1.388925582549,34.385484754125,1,-2.917109761193,-1.8358062735892,34.080084242729,1,2.2812178968001,1.9632923272019,37.881049024321,1
0.105,0.0042696424481481,0.011183145304674,0.4340858439714,0.0087569827440057,0.020287716591563,0.0071645314440771,0.99973016024221,0.076690691352727,-0.021758481733882,0.03868833905769,0.18921707176551,-0.078871508984809,0.15512836690343,0.57944450461948,-0.25118671977239,0.29896195868202,1.8800346901931,-2.684990704889,3.8256224941727,0.088164743282691,0.79152957273132,-1.3596111536309,-1.8808403210298,0.81729799367892,0.84332325360194,-5.0093982674342,-5.0012178687279,-0.7747493812377,0.31515829701555,-10.39084305392,-0.41650619751278,0.20727155983114,-0.43729692030075,-7.2880842044477,-2.0673240912509,0.77980847843466,-1.4763402592083,-8.6966551141694,-2.8725139253115,-1.0638219633475,-2.688745190465,-4.5484122840927,1.1951299698763,-0.058961188757758,-1.6813124375327,3.7101267036186,0.7372960138713,0.37085404898078,-1.8496829405025,15.468829845472,3.6586132808806,-1.5131085526039,-1.0383205537862,31.187477933436,5.8063315474659,-0.21557890451531,0.43599225387934,21.279777095761,2.5693979567482,0.35072387443983,2.0513880641907,25.775442743816,5.991963690741,-1.287338265403,3.9932797199908,17.445166660118,6.8303584979356,1.6372091558871,2.2472241566423,37.745676626914,1,1.0714367668405,-1.4334942786232,34.254991580809,1,-2.8967586165127,-1.798728335413,34.209169992818,1,2.3339072216341,1.9962604884292,37.781509706621,1
0.11,0.0044668715811688,0.01110450239149,0.43426005603148,0.0091592065546084,0.020076191092744,0.0075003791611586,0.99972836300614,0.076370476348303,-0.02274314547143,0.038089151851799,0.18817615379085,-0.082347473634707,0.15465601632271,0.57400163256379,-0.27972817034049,0.2745825000525,2.1872263677937,-2.7559080024968,3.7716599871965,0.092105142258234,0.78457937890656,-1.4203770584294,-1.9178167319988,0.82145162434289,0.81805594150675,-5.097082069261,-5.0520641062264,-0.77330364960142,0.26310099636119,-10.430875954013,-0.44566375648402,0.20499430117463,-0.47353981383881,-7.2080112177943,-2.0153717195285,0.77231941743474,-1.5190125016246,-8.3706940680944,-2.6944188257998,-1.0773195819396,-2.7097085714807,-3.8360180756023,1.3184482781595,-0.067319176522436,-1.6614443855843,4.2360522191582,0.80585735384742,0.36180181472128,-1.7706528124743,16.13835020099,3.7883852574612,-1.517908523901,-0.88132439391288,31.599748583186,5.9036195678065,-0.21313389721747,0.54180953491307,21.038430613309,2.5760338978403,0.3612981284534,2.1773228549832,24.586674928505,5.7554959320672,-1.267164425738,4.0741205757192,14.882617948019,6.6520642683304,1.7056855522028,2.2230421050892,37.846257270647,1,0.99401366538771,-1.4773942856169,34.125513174383,1,-2.874218698387,-1.7608113356413,34.339321558819,1,2.3848330601625,2.0282974442725,37.679056324166,1
0.115,0.004663256888991,0.011022391849524,0.43443149261083,0.0095593778064525,0.019855582061041,0.0078354731894651,0.99972645234427,0.076035834394013,-0.023720707154058,0.037465149078695,0.18708880616597,-0.085785025256215,0.15416220107884,0.56652395035079,-0.30776462536825,0.24876978741338,2.5104626524468,-2.8027356331746,3.6994912252907,0.096010032948135,0.77732671479608,-1.4805953808338,-1.9533855133082,0.8254778335592,0.79235691613313,-5.1820759841266,-5.0982656334444,-0.77211867482084,0.21086157185969,-10.463688390162,-0.47171984814841,0.20253685543771,-0.50936647260339,-7.1216024916134,-1.9608857120455,0.76462110805818,-1.5600320201282,-8.0356254957561,-2.5143774053531,-1.0909130904391,-2.7270969358541,-3.118562869555,1.4432689911851,-0.075571276863884,-1.6389630208487,4.755314779544,0.87445250056133,0.35315297705277,-1.6883491681816,16.778034582176,3.9135164648542,-1.5219186428334,-0.72243614371962,31.944178629839,5.9952560377306,-0.21016303730697,0.64629004144389,20.745177259877,2.5731313423743,0.37248690539233,2.2971396605896,23.328821854365,5.4989895664131,-1.2466186190743,4.1420271436434,12.27282074137,6.4618652785047,1.7728731427403,2.1978230602233,37.943851715506,1,0.91583949316813,-1.5206051252794,33.997193784456,1,-2.8495070378428,-1.7220729616022,34.470393941169,1,2.433956933127,2.0593882502964,37.573803018462,1
0.12,0.0048587612729722,0.010936839319625,0.43460004201635,0.0099574053068537,0.019625990725064,0.0081697767875771,0.99972442468655,0.075686828706204,-0.024690861516307,0.036816737284126,0.18595529717765,-0.089182560317833,0.15364698970831,0.55706264299409,-0.33506180118258,0.22189420016301,2.8487808509765,-2.8244823961133,3.608074389813,0.0998779099427,0.76977437643996,-1.5402429055345,-1.9875509892143,0.82937449657344,0.76623973964711,-5.2643351581283,-5.1397516904134,-0.77119527715954,0.15847618470044,-10.489257648932,-0.49463662715798,0.19990138268029,-0.54474540547009,-7.0289339779484,-1.9039936068442,0.75672192625971,-1.5993541844483,-7.6918139602119,-2.3325886650944,-1.1045845544381,-2.7408873424864,-2.3969932305846,1.569400918485,-0.083704509919801,-1.6139037046286,5.2670976282835,0.94324436769075,0.34492352562077,-1.6029241675037,17.386700364625,4.034094560335,-1.5251303001904,-0.56199691587981,32.220028626306,6.0812617343567,-0.20667365461009,0.74917599492015,20.400740562055,2.5598345117622,0.38425876629413,2.4105018118567,22.005417919824,5.2227781446083,-1.225766073078,4.1967838378285,9.6240604768802,6.2600686262692,1.8387211609589,2.1715787860955,38.038351233242,1,0.83697331811769,-1.5631066408393,33.870176369397,1,-2.8226423068627,-1.6825312837744,34.602241114439,1,2.4812417228237,2.0895184034207,37.465867050363,1
0.125,0.0050533478008833,0.010847871517481,0.43476559443594,0.010353198153768,0.019387522436017,0.0085032529092351,0.99972227641068,0.075323525214642,-0.025653305605817,0.036144338916629,0.18477590650226,-0.09253849395478,0.15311045371715,0.54570762548038,-0.36139094967707,0.1943543770554,3.2009866601157,-2.8203020498428,3.4965912603994,0.10370728210172,0.76192527540839,-1.5992966372752,-2.0203249330813,0.83313955699669,0.7397181948859,-5.3438161805703,-5.1764619951286,-0.77053409581211,0.10598109711118,-10.507566030765,-0.51438221788357,0.19709019944552,-0.57964551485918,-6.9300871311073,-1.8448422582832,0.74863046654837,-1.6369362110784,-7.3396335370838,-2.1492567084099,-1.118315936679,-2.7510615971948,-1.6722611516451,1.6966460455049,-0.091706082796167,-1.5863058531286,5.7705957738437,1.0123831188853,0.33712867472527,-1.5145357409661,17.963222269953,4.1501869234983,-1.5275366009562,-0.40035115281674,32.426706358062,6.1616628380627,-0.20267435827363,0.8502135509363,20.005970328061,2.5353639442904,0.39658063380859,2.5170907763443,20.620181712435,4.9273889268593,-1.2046729892339,4.2382168198156,6.9447462889758,6.0470936192323,1.9031798524909,2.1443215250007,38.129650543609,1,0.75747473104547,-1.6048790064068,33.744602437068,1,-2.7936448042764,-1.6422047473576,34.734716190019,1,2.5266517011489,2.1186738486856,37.355368669425,1
0.13,0.0052469797138846,0.010755516225275,0.4349280420101,0.010746665750496,0.019140286619475,0.0088358641956255,0.99972000385472,0.074945992550053,-0.026607738877936,0.035448392052298,0.1835509251368,-0.095851260708294,0.15255266757104,0.53258756818012,-0.3865341406024,0.16657001270871,3.5656334680879,-2.789520266073,3.3644792132204,0.10749667312933,0.75378243767924,-1.6577338097183,-2.0517282686751,0.83677102789079,0.71280627808432,-5.4204771068726,-5.2083479376841,-0.77013558846169,0.053412647256481,-10.518600862227,-0.53093519529531,0.19410577672354,-0.61403612407,-6.8251488360651,-1.7835977584546,0.7403555326364,-1.6727372098257,-6.9794674075544,-1.9645926624858,-1.132089120852,-2.7576062767166,-0.94532279801237,1.8247991138064,-0.099563409689391,-1.5562128754561,6.2650172558355,1.0820013725125,0.3297828351932,-1.4233472977644,18.506534446163,4.2618372277666,-1.5291323791119,-0.2378458872299,32.563768114552,6.2364889604473,-0.19817501552404,0.9491534255281,19.561840551059,2.4990424510677,0.40941788514068,2.6166070533586,19.177005560144,4.6135457519608,-1.1834063326727,4.2661945505146,4.2433843129513,5.823473240664,1.9662005127354,2.1160639917666,38.217647931656,1,0.67740380060731,-1.6459027362224,33.620611887172,1,-2.7625364404231,-1.6011121636682,34.867671579762,1,2.5701525565951,2.1468409858081,37.242430979946,1
0.135,0.0054396204334706,0.010659802283007,0.43508727890218,0.011137717820619,0.018884396725305,0.0091675729683282,0.99971760333003,0.07455430203116,-0.027553863289565,0.034729350109374,0.18228065532709,-0.099119315255881,0.15197370868495,0.5178687464163,-0.41028953408849,0.13897362335173,3.9410076447714,-2.7316594003118,3.2114598136858,0.11124462214316,0.74534900247146,-1.7155318942213,-2.0817925714126,0.84026699281685,0.6855181914885,-5.4942774807069,-5.2353736060003,-0.77000003096316,0.00080722408378219,-10.522354504784,-0.62977245868924,0.19095073777957,-0.64788700424529,-6.7142113320934,-1.7204448843009,0.7319061278606,-1.7067182283006,-6.6117074414565,-1.7788164819453,-1.1458859354965,-2.7605127464192,-0.2171372457802,1.9536474228569,-0.10726413168272,-1.5236721053434,6.7495843907009,1.1522099277939,0.32289958773613,-1.3295274236597,19.015632438158,4.3690625659535,-1.5299142087266,-0.074829997060355,32.630919641782,6.3057713385829,-0.1931867273226,1.0457515102162,19.069447006085,2.4503199884089,0.42273444933596,2.7087710155089,17.67994459437,4.2821678761918,-1.1620336195742,4.2806282078069,1.5285506801735,5.5898531980773,2.0277355236592,2.0868193678229,38.302245361044,1,0.59682102791824,-1.6861586937466,33.498342855394,1,-2.7293407205959,-1.5592727013645,35.000959160415,1,2.611711420177,2.1740066755262,37.127179803814,1
0.14,0.0056312335683792,0.010560759579494,0.43524320136729,0.011526264423189,0.018619970175738,0.0094983412229441,0.99971507113433,0.07414852765121,-0.028491383392236,0.033987681552833,0.1809654104932,-0.10234113313217,0.15137365741241,0.50175266559547,-0.43247645664007,0.11200148749781,4.3251214932752,-2.6464603760157,3.037562968456,0.11494968423751,0.73662822103486,-1.7726686085224,-2.1105612639387,0.84362560684668,0.65786833586093,-5.5651783553463,-5.2575165845227,-0.77012751715217,-0.051798757865803,-10.518824360088,-0.74036064741537,0.18762785584803,-0.68116840094198,-6.597372131683,-1.6555860102755,0.72329144538645,-1.738842294298,-6.2367537709084,-1.5921585490721,-1.1596881779752,-2.7597771716917,0.51133478348329,2.0829708938612,-0.1147961361858,-1.4887347266947,7.2235349949441,1.223094086192,0.31649165784287,-1.2332495693034,19.489575044733,4.471851133655,-1.5298804113126,0.088346543505408,32.628016774045,6.6035406711673,-0.18772180097668,1.1397694742804,18.530004546501,2.3887963743204,0.43649290863516,2.7933236944231,16.133205355633,3.934364775754,-1.1406227028201,4.2814719685329,-1.1911357089362,5.3469885546439,2.0877383897769,2.0566012950521,38.38334858327,1,0.51578730083823,-1.7256281005861,33.377931559505,1,-2.6940827272818,-1.516705877505,35.134430438635,1,2.6512968902661,2.2001582457278,37.009743540331,1
0.145,0.0058217829214672,0.01045841904303,0.43539570781999,0.011912215968154,0.018347128311623,0.0098281306234185,0.99971240356509,0.073728746063994,-0.029420006424365,0.03322386958918,0.17960551515212,-0.10551521144003,0.15075259703436,0.48447245994285,-0.45294009397946,0.086084011305985,4.7157153514983,-2.5339010884958,2.8431456212873,0.11861043104042,0.7276234553967,-1.8291219253307,-2.1380904078189,0.84684509753636,0.62987130288076,-5.6331423142187,-5.2747684757199,-0.77051795878019,-0.10436888366436,-10.508012871777,-0.74723366710168,0.18414005169498,-0.71385106028485,-6.4747339348326,-1.5892394441334,0.71452085820577,-1.7690744560238,-5.8550143549604,-1.4048609864899,-1.1734776384899,-2.7554005230046,1.2391321902505,2.212542427648,-0.12214757598673,-1.451455693079,7.6861235839825,1.2947106241056,0.31057089225296,-1.1346917295684,19.927486058639,4.5701604551839,-1.5290310594287,0.25133341538513,32.555065743425,6.6618261836661,-0.18179371977464,1.2309753527791,17.944844106668,2.3142407859728,0.45065460361301,2.8700275084144,14.541133973734,3.571427036673,-1.1192415565793,4.2687231539687,-3.9070405476997,5.0957380225352,2.1461637732827,2.0254238694264,38.460867242664,1,0.43436384796569,-1.7642925452538,33.259512147607,1,-2.6567891012092,-1.4734315484439,35.267936716424,1,2.6888790563186,2.2252834973622,36.890253023168,1
0.15,0.0060112324965471,0.010352812631734,0.43554469890037,0.012295483232043,0.018065996336894,0.010156902497079,0.99970959693308,0.073295036569371,-0.030339442402679,0.032438411851631,0.17820130483767,-0.10864006955164,0.1501106137476,0.46628811285382,-0.4715556226391,0.061635804255119,5.1102700320803,-2.3942108616791,2.6289040343162,0.12222545126431,0.71833817706553,-1.8848700808178,-2.1644490069867,0.84992376586164,0.6015418674433,-5.698133490653,-5.2871351061504,-0.7711710855756,-0.15686676320435,-10.489927523782,-0.75086414776104,0.18049039105074,-0.74590625468035,-6.3464045387758,-1.5216371672994,0.70560390893862,-1.7973818201237,-5.4669045357248,-1.2171786031121,-1.1872361241059,-2.747388574629,1.9652947650476,2.3421285778605,-0.12930688788677,-1.411893641292,8.1366225447309,1.367085453597,0.30514823705495,-1.0340361144785,20.328555886479,4.6639161206289,-1.5273679765241,0.41378070669087,32.412223166419,6.7146532234063,-0.17541710971933,1.3191441188623,17.315409418201,2.2266070480495,0.46517974180608,2.9386669300533,12.908203955719,3.19481358174,-1.0979580605067,4.2424222383304,-6.6105415348915,4.837056073838,2.2029675283071,1.9933016344318,38.534714977055,1,0.35261219237352,-1.8021339917573,33.143216548678,1,-2.6174880212184,-1.429469900569,35.401329256794,1,2.7244295214752,2.2493707101306,36.768841374602,1
0.155,0.0061995465051881,0.010243973323564,0.43569007753884,0.012675977373896,0.017776703261262,0.010484617830399,0.99970664757604,0.072847481098283,-0.031249404212767,0.031631820075899,0.17675312601774,-0.11171424979918,0.14944779665279,0.4474805977515,-0.48823161874103,0.039045776022949,5.5060303818078,-2.2278806252142,2.3958787958382,0.12579335125007,0.70877596569291,-1.9398915830086,-2.1897187583399,0.85285998711458,0.57289497986286,-5.7601175868066,-5.2946363936577,-0.77208644543079,-0.20925605638852,-10.464580835149,-0.75126325592369,0.17668208191521,-0.77730580806769,-6.2124967432301,-1.4530219901801,0.69655029945068,-1.8237335874715,-5.0728465864736,-1.0293794027291,-1.200945482755,-2.7357518970185,2.6888644552941,2.4714905480925,-0.13626281088825,-1.3701107991259,8.5743232800766,1.4402119876202,0.30023371744963,-0.93146881234596,20.692043045453,4.7530109904997,-1.5248947330245,0.57533966394491,32.1997957077,6.762042148918,-0.16860770344222,1.4040582389673,16.643253447945,2.1260438585177,0.48002750952425,2.9990490917714,11.239003615918,2.8061355991797,-1.0768397842431,4.2026527202789,-9.293055748333,4.5719830948974,2.2581067342731,1.9602495742841,38.604809513984,1,0.27059410512258,-1.8391347880122,33.029174325593,1,-2.5762091829698,-1.384841440885,35.534459449468,1,2.7579214240175,2.2724086479529,36.645643857209,1
0.16,0.0063866893734761,0.010131935106024,0.43583174901937,0.013053609951457,0.017479381841171,0.010811237265507,0.99970355187249,0.072386164197282,-0.03214960769874,0.030804619766791,0.17526133600877,-0.11473631815476,0.14876423774212,0.42834508753603,-0.50291260615373,0.01866757821783,5.9000402452641,-2.0356686117707,2.1454518410516,0.12931275550434,0.69894050769335,-1.9941652200667,-2.2139932095986,0.85565221176091,0.54394575798302,-5.8190618917658,-5.2973058689942,-0.7732634047151,-0.26150049828533,-10.431990351369,-0.74844183350624,0.17271847173805,-0.80802212068523,-6.0731282512464,-1.3836441650395,0.68736988029743,-1.8481010866797,-4.6732692521941,-0.84174459664379,-1.2145876271839,-2.7205058428632,3.4088866292955,2.6003855077918,-0.14300440390722,-1.3261728874899,8.9985373234428,1.5140502057523,0.29583641921586,-0.82717944573772,21.017275534184,4.8373048171052,-1.521616638666,0.73566344080866,31.918239421748,6.8040067863518,-0.1613823013872,1.4855082095262,15.930034566423,2.0128992935494,0.49515618653172,3.0510043277932,9.5382231834026,2.407137636806,-1.0559537728987,4.1495408578331,-11.946066893469,4.301633870189,2.3115397283274,1.9262831069395,38.671072762365,1,0.18837155858794,-1.8752776740761,32.917512530781,1,-2.532983776506,-1.3395669874475,35.667178976447,1,2.7893294576648,2.29438656421,36.520797723171,1
0.165,0.0065726257487341,0.01001673296555,0.4359696210412,0.013428292937622,0.017174168519033,0.01113672109745,0.99970030625566,0.071911173012553,-0.03303977175196,0.029957349855837,0.17372630288764,-0.1177048648994,0.14806003188654,0.40918342562638,-0.51558063606445,0.00081071359616002,6.2891885592023,-1.8186014966557,1.8793349649809,0.13278230722979,0.68883559482313,-2.0476700684717,-2.2373763128271,0.85829896625782,0.51470947919844,-5.8749352988081,-5.2951898627949,-0.77470114871344,-0.31356392423223,-10.392178632237,-0.74241591081924,0.16860304447633,-0.83802819333026,-5.9284215657508,-1.313757532443,0.67807264000643,-1.8704578052947,-4.2686072831036,-0.65456807702232,-1.2281445588174,-2.7016705268345,4.1244113357243,2.7285682074823,-0.14952106298281,-1.2801490170371,9.408597421689,1.5885263965594,0.29196447191306,-0.7213608209089,21.303652075091,4.9166242297419,-1.5175407310964,0.89440784271729,31.568158773759,6.8405530812109,-0.15375873035985,1.5632930738616,15.177512456245,1.8877191769738,0.51052326327524,3.0943866508739,7.8106416230691,1.9996764040792,-1.0353663342022,4.0832552675329,-14.561152340419,4.0271847292075,2.3632261368199,1.8914180769018,38.733430899481,1,0.10600667963286,-1.9105457902006,32.808355564679,1,-2.4878444626853,-1.293667659652,35.799339977246,1,2.8186298906949,2.3152942067556,36.394442061363,1
0.17,0.0067573205062007,0.0098984028765812,0.43610360377893,0.013799938737148,0.016861203360787,0.011461029272215,0.99969690722743,0.071422597273458,-0.03391961839883,0.029090562350168,0.17214840540079,-0.12061850528058,0.14733527682256,0.39029608977195,-0.52625582456328,-0.014267379879915,6.6702657174807,-1.5779710082876,1.5995495452441,0.13620066884816,0.67846512271852,-2.1003855010862,-2.2599803922214,0.86079885383156,0.48520157239256,-5.9277083218182,-5.2883463861581,-0.77639868219023,-0.36541029486958,-10.345173236232,-0.73320628821477,0.1643394175322,-0.86729765109093,-5.7785038818653,-1.2436153092291,0.66866869420962,-1.8907794186427,-3.8593009616306,-0.46815532564087,-1.2415983915047,-2.6792707990469,4.8344945569247,2.8557928599227,-0.1558025379564,-1.2321115794586,9.8038585846442,1.6635335342794,0.28862503385166,-0.61420857134959,21.550643226005,4.9907630339529,-1.5126757607659,1.0512320658212,31.150305341939,6.8716778470116,-0.14575579954442,1.6372209179952,14.387543770543,1.7512391775576,0.5260855603303,3.1290741625045,6.0611132073877,1.5856978796082,-1.0151428279908,4.0040063891249,-17.130009863665,3.7498597223064,2.4131269058103,1.855670747832,38.791814453231,1,0.023561702666134,-1.9449226846951,32.701825037138,1,-2.4408253485024,-1.2471648683823,35.930795213625,1,2.8458005838765,2.3351218226998,36.266717642399,1
0.175,0.0069407387556653,0.0097769817903299,0.43623360994112,0.014168460203614,0.016540629991792,0.011784121385544,0.99969335137236,0.07092052927558,-0.034788872887591,0.028204821972876,0.17052803287082,-0.12347588015823,0.14659007313874,0.37197390909165,-0.5349958125355,-0.026367991992828,7.0400287693358,-1.3153261256936,1.3083974712316,0.139566522516,0.66783308939393,-2.1522911951073,-2.2819235750209,0.86315055521458,0.45543760979528,-5.9773531108491,-5.2768437489865,-0.77835483007837,-0.41700372108782,-10.291006701442,-0.72083809979807,0.15993133857319,-0.8958047665294,-5.6235069751056,-1.1734656538426,0.6591682746372,-1.9090438162958,-3.4457956233759,-0.2828217528515,-1.2549313751171,-2.6533362122724,5.5381994543896,2.9818152410491,-0.16183894859424,-1.1821361336184,10.183699099623,1.7389322313116,0.28582427885903,-0.5059207961051,21.757792358985,5.059482783153,-1.5070321721412,1.2057994286481,30.665576203956,6.8973676312651,-0.13739325409705,1.7071093441455,13.56207755216,1.6043707922427,0.54179934972948,3.1549693954297,4.2945538765485,1.1672133516621,-0.99534745870925,3.9120458174707,-19.644483999492,3.470916207888,2.4612043305765,1.8190577949614,38.846158379528,1,-0.058901077381884,-1.9783923216017,32.598039631939,1,-2.3919619613181,-1.2000803060225,36.061398233624,1,2.8708210071966,2.3538601629576,36.137766761803,1
0.18,0.0071228458480589,0.009652507623241,0.4363595548271,0.014533770656655,0.016212595531096,0.01210595668252,0.99968963537162,0.070405063863291,-0.035647263774122,0.02730070579509,0.1688655851004,-0.12627565663875,0.14582452426167,0.35448981345789,-0.54189415133618,-0.035356314035624,7.3952734852704,-1.0324610480375,1.0084235865266,0.14287857063264,0.6569435937006,-2.203367139902,-2.3033267628284,0.86535282934174,0.42543329876499,-6.0238434668188,-5.2607589736474,-0.78056823829261,-0.46830848887068,-10.229716523043,-0.70534038187679,0.15538268223814,-0.92352448229592,-5.4635670855524,-1.1035471661656,0.64958171798526,-1.9252311261289,-3.0285411725766,-0.098890483099001,-1.2681259189666,-2.6239009829505,6.2345976047651,3.1063949536608,-0.16762080012828,-1.1303012867045,10.547521509325,1.814552194825,0.28356738486557,-0.39669769353787,21.924716504511,5.1225135929877,-1.5006220812825,1.357778094915,30.115012011036,6.9175977191632,-0.1286917264297,1.7727859207475,12.703150424897,1.4481816661921,0.5576204778322,3.1719995875183,2.515927425329,0.74627502406119,-0.97604307157748,3.8076655037971,-22.096591937486,3.1916302337875,2.5074220841048,1.781596297313,38.896402134762,1,-0.14131935212893,-2.0109390881752,32.497114974571,1,-2.341291222015,-1.1524359363387,36.191003534722,1,2.8936722553734,2.3715004865638,36.007733081475,1
0.185,0.0073036073820002,0.0095250192451522,0.43648135638216,0.014895783899441,0.015877250524108,0.012426494057953,0.99968575601698,0.069876298411833,-0.036494523006706,0.026378802860007,0.16716147227365,-0.12901652869672,0.14503873644166,0.33809090121051,-0.54707765668933,-0.04116493998391,7.7329108816745,-0.73139917383363,0.70237028017034,0.14613553634048,0.6458008337464,-2.2535936447212,-2.3243102454568,0.86740451400526,0.39520447349938,-6.0671548553366,-5.2401760715681,-0.78303737466688,-0.51928908401707,-10.161345127338,-0.68674566792293,0.15069744673139,-0.95043243315388,-5.2988247980977,-1.0340844916574,0.63991945466924,-1.9393237359404,-2.6079915925986,0.083310374704907,-1.2811646150135,-2.5910039460451,6.9227702247534,3.2292977884507,-0.17313899819056,-1.0766885705875,10.89475355159,1.8901941062709,0.28185852433193,-0.28674119120829,22.051107059507,5.1795551837572,-1.4934592498319,1.5068417859381,29.499794753813,6.9323312998685,-0.11967268530505,1.8340886078823,11.812881568668,1.2838709719878,0.57350448939054,3.1801168862147,0.73023155549655,0.32495180070066,-0.957290953073,3.691196828826,-24.478548863919,2.9132820810745,2.5517452445376,1.7433037297346,38.942489743251,1,-0.22363084682067,-2.0425478021665,32.399163503416,1,-2.2888514170998,-1.1042539842326,36.319466725939,1,2.9143370621407,2.3880345647505,35.876761469645,1
0.19,0.0074829892102936,0.0093945564671556,0.43659893525105,0.015254414236424,0.015534748873702,0.01274569205757,0.99968171022466,0.069334332808925,-0.037330386009732,0.025439713799122,0.16541611485491,-0.13169721778415,0.14423281873796,0.32299110572168,-0.55070281038394,-0.043795572695776,8.0500454688839,-0.4143733685176,0.39312519366696,0.14933616401725,0.63440910527741,-2.3029513462913,-2.3449900791346,0.86930452646803,0.36476708667918,-6.1072644196509,-5.215184256503,-0.78576053001489,-0.56991021672481,-10.085939842396,-0.66508962972748,0.14587975030843,-0.97650496739649,-5.1294249188735,-0.96528420224007,0.63019199747531,-1.9513063126156,-2.1846044519918,0.26345091217468,-1.2940302608342,-2.5546885038082,7.601809383297,3.3502981115987,-0.17838486311798,-1.0213823135769,11.224849059514,1.9656318371791,0.28070085653514,-0.17625457255861,22.136730357873,5.2302781527055,-1.4855590554689,1.6526704811111,28.82124522475,6.94151882406,-0.11035838286789,1.890866157069,10.893467490974,1.1127408029573,0.58940675246247,3.1792984829984,-1.0575161670636,-0.09469417859848,-0.93915063636208,3.563009550726,-26.782792676527,2.6371423105745,2.5941403215605,1.7041979547474,38.984369859605,1,-0.30577336738515,-2.0732037189044,32.304294344479,1,-2.2346821697749,-1.0555569253749,36.446644688699,1,2.9327998132944,2.4034546847855,35.744997839477,1
0.195,0.0076609574463802,0.0092611600291664,0.43671221482964,0.015609576491339,0.015185247769789,0.013063508880005,0.99967749504911,0.068779269435893,-0.038154591766317,0.024484050440912,0.163629943485,-0.1343164734269,0.14340688300366,0.30936472367292,-0.55295132312283,-0.043318878997067,8.3440523010389,-0.083802833949069,0.083663326248498,0.15247921976004,0.62277280002181,-2.3514212162787,-2.365474364353,0.87105186403506,0.33413720104946,-6.1441509927111,-5.1858761700968,-0.78873581931327,-0.6201368460189,-10.003552865283,-0.64041078116162,0.14093382765602,-1.0017191676363,-4.9555163479686,-0.89733111837097,0.62040993012224,-1.9611658188087,-1.7588404066433,0.44120298207694,-1.3067058823161,-2.515002568518,8.2708191994445,3.4691812060216,-0.18335014360461,-0.96446950778036,11.537288820525,2.0406149135738,0.28009652172785,-0.06544210109018,22.181428102477,5.2743259620102,-1.4769384588963,1.7949511049485,28.080820182567,6.9450975841103,-0.10077179974371,1.9429784844309,9.9471766075912,0.93616471471972,0.60528258382167,3.1695466774724,-2.842292411035,-0.51062973683961,-0.92167971229725,3.4235106312247,-29.00200799225,2.3644586135989,2.6345752817075,1.6642972142132,39.021995825923,1,-0.38768484742625,-2.1028925381735,32.212613189818,1,-2.1788244099987,-1.0063674757207,36.572395736277,1,2.9490465584904,2.41775365357,35.612588986506,1
0.2,0.0078374784707392,0.0091248715872004,0.43682112131483,0.01596118602545,0.014828907617385,0.013379902379607,0.99967310769664,0.068211213148327,-0.038966882899811,0.023512435412218,0.16180339887499,-0.13687307380801,0.14256104387014,0.29734103885549,-0.55402500099083,-0.039872505634989,8.612649873183,0.25773307231765,-0.22301489812273,0.15556349186104,0.61089640399678,-2.3989845686259,-2.3858595650947,0.87264560458256,0.30333098094286,-6.1777951083382,-5.1523461930587,-0.7919611830064,-0.6699342040076,-9.9142412259377,-0.61275025679078,0.13586402616995,-1.0260528709493,-4.7772519485477,-0.83038521840454,0.61058389574601,-1.9688915271285,-1.3311626985726,0.616244037387,-1.3191747560529,-2.4719984992659,8.9289170243194,3.5857454945617,-0.18802702968034,-0.90603967227189,11.831581393062,2.1148711446689,0.28004663718149,0.045491357271213,22.185117657813,5.5372891250365,-1.4676159674284,1.9333781992185,27.280109224765,6.9429915497481,-0.090936588339984,1.990297016316,8.976343645843,0.7555546640683,0.62108737451139,3.1508888709026,-4.6190821945578,-0.9208711518504,-0.90493364658106,3.2731429436097,-31.129149371697,2.09644372145,2.6730195725651,1.6236201208255,39.05532572378,1,-0.46930339512069,-2.1316004108852,32.124222179789,1,-2.1213203435596,-0.95670858091272,36.69657977165,1,2.9630650217854,2.4309248009942,35.479682425101,1
0.205,0.0080125189372388,0.0089857337003662,0.43692558375267,0.016309158756061,0.014465891963215,0.013694830070056,0.99966854553884,0.067630271256278,-0.039767005754175,0.022525501732596,0.15993693169742,-0.13936582633759,0.14169541873116,0.2870002362929,-0.55414008135045,-0.033657334732444,8.8539660338432,0.60752368211974,-0.52394781056515,0.15858779127464,0.59878449577906,-2.4456230667551,-2.4062270104321,0.87408490704465,0.27236468374912,-6.2081790114977,-5.1146889090696,-0.7954343884321,-0.71926781994949,-9.8180667476877,-0.58215167284577,0.13067480213375,-1.0494846883556,-4.5947884124873,-0.76457925387392,0.60072458531985,-1.9744750318093,-0.90203665191264,0.78826113749179,-1.3314204314078,-2.4257330328777,9.5752346056303,3.6998045777547,-0.19240816499531,-0.84618471228631,12.107263879571,2.1881093389197,0.28055129512074,0.15634071292378,22.147792202769,5.5668383966537,-1.4576115952573,2.0676545787224,26.420831374968,6.9351114921226,-0.080877014489969,2.0327050065197,7.9833638842659,0.57232763955398,0.63677671518964,3.1233774892227,-6.3828929766545,-1.3235025827646,-0.88896560367675,3.1123838667192,-33.157463686605,1.834264576166,2.7094441458576,1.5821856494267,39.084322420926,1,-0.55056733998311,-2.159313945538,32.039219789259,1,-2.0622134201857,-0.90660340557843,36.819058443573,1,2.9748446109127,2.4429619830486,35.346426224117,1
0.21,0.0081860457794356,0.0088437898175754,0.43702553408455,0.016653411175261,0.014096367420875,0.0140082491288,0.99966380612589,0.06703655350398,-0.040554710473183,0.021523892401901,0.15803100247514,-0.14179356820919,0.14081012772658,0.27837075446681,-0.55352122071879,-0.024932119346889,9.066594351123,0.96275809590209,-0.81627697349135,0.16155095207585,0.58644174473983,-2.4913187306375,-2.4266397117584,0.87536901185714,0.24125465133559,-6.2352866676695,-5.0729977790606,-0.79915303136712,-0.76810354411479,-9.715096004458,-0.54866107309185,0.12537071680168,-1.0719940236206,-4.4082861226449,-0.70001715464825,0.59084272602218,-1.9779102578572,-0.47192916662513,0.95695500031444,-1.343426752218,-2.3762672090586,10.208919233188,3.8111890260271,-0.19648665839081,-0.78499877465975,12.363902654602,2.2600220414954,0.281609562553,0.26690103175165,22.069520743241,5.5884698306578,-1.4469468204856,2.1974919693133,25.504831392396,6.9213554277194,-0.070617897583077,2.0700978243251,6.970687242881,0.38787325304904,0.65230652091346,3.0870898357253,-8.1287686856009,-1.7166921604603,-0.87382627802469,2.9417437693873,-35.080511559293,1.5790329105469,2.7438214793958,1.5400131281573,39.10895361265,1,-0.63141527946392,-2.1860202144638,31.95770071789,1,-2.0015483007138,-0.85607532252372,36.939695300719,1,2.9843764252852,2.4538595846901,35.212968841937,1
0.215,0.0083580262168211,0.0086990842639743,0.43712090719156,0.01699386036892,0.013720503594605,0.014320116402303,0.99965888719958,0.066430172049124,-0.041329751078453,0.020508259981359,0.15608608146767,-0.14415516694221,0.13990529372568,0.27142817075994,-0.55239532680093,-0.014006694182551,9.249638768282,1.3205580149706,-1.097309925139,0.16445183190977,0.57387290924458,-2.5360539437248,-2.4471396149189,0.87649724135844,0.21001730142312,-6.2591037713097,-5.0273640714771,-0.80311453769137,-0.81640757142452,-9.6054002746862,-0.51232695729383,0.11995643238944,-1.093561091358,-4.2179090118857,-0.63677326859198,0.58094906956512,-1.9791934676597,-0.041308210501802,1.1220439738995,-1.3551778781096,-2.3236662898612,10.829134863916,3.9197478757442,-0.20025609473851,-0.72257809974461,12.601094046869,2.3302882410095,0.28321948299327,0.37696791399935,21.950447984558,5.6017628313298,-1.4356445390155,2.3226116267833,24.534075811405,6.9016094105025,-0.060184549329457,2.1023832126524,5.9408122386516,0.20352347060691,0.66763315501172,3.0421278738496,-9.8518036448229,-2.0987055613863,-0.85956373310055,2.7617643901534,-36.892187806033,1.3317973313469,2.7761255978726,1.4971222294392,39.129191857778,1,-0.7117861253447,-2.2117067598589,31.879755784644,1,-1.9393708233446,-0.80514790183041,37.058355943692,1,2.9916532627212,2.4636125224611,35.079458961077,1
0.22,0.008528427761014,0.0085516622271025,0.4372116409369,0.017330424035916,0.013338473001689,0.014630388412118,0.99965378670599,0.065811241441669,-0.042091885546251,0.019479266168419,0.15410264855516,-0.14644952091014,0.13898104231011,0.26609565951384,-0.55098542913711,-0.0012340010949434,9.4027448837419,1.6780117905892,-1.364579175321,0.16728931243201,0.56108283481864,-2.5798114597409,-2.4677453873014,0.87746900014714,0.17866911892192,-6.2796177534004,-4.9778760804751,-0.80731616516982,-0.86414646485104,-9.4890554919818,-0.4732003855593,0.11443670797616,-1.1141669344215,-4.023824418987,-0.57489243923054,0.57105438049644,-1.9783232650522,0.38935768999638,1.2832678007982,-1.3666583053967,-2.2679996735831,11.435063224873,4.0253497898761,-0.20371054503092,-0.65902087003162,12.81846497419,2.3985760089485,0.28537808008125,0.48633787215839,21.790794063953,5.6062567258621,-1.4237290153942,2.4427449352922,23.510648719593,6.8757486959485,-0.049602711309917,2.1294815156796,4.8962798210408,0.020525512917314,0.68271355169831,2.9886179406779,-11.547156357189,-2.4679169723706,-0.84622324882607,2.5730171173813,-38.586740819441,1.0935369478298,2.8063320924896,1.4535329607996,39.145014609237,1,-0.79161914989612,-2.2363615995951,31.805471826594,1,-1.8757279690071,-0.75384489986124,37.174908174763,1,2.9966696248859,2.4722162468613,34.94604532254,1
0.225,0.0086972182218977,0.0084015697427823,0.43729767620638,0.017663020507601,0.012950450993529,0.01493902136176,0.99964850280804,0.065179878602199,-0.042840875883076,0.018437581365646,0.15208119312001,-0.14867555985448,0.13803750175645,0.26224600600937,-0.54950477786872,0.012998797934161,9.5261167574552,2.0322090988639,-1.6158955366663,0.1700622997398,0.54807645227918,-2.6225744093302,-2.4884508168524,0.87828377539624,0.14722664723197,-6.2968177880823,-4.9246186495852,-0.81175500535069,-0.91128717856386,-9.3661421925635,-0.43133514809317,0.10881639532125,-1.1337934405676,-3.8262029415508,-0.51439088494397,0.5611694244874,-1.975300596837,0.81959995950785,1.4403910535052,-1.3778528875359,-2.2093408032068,12.025904892831,4.1278838565215,-0.20684457570722,-0.59442705571692,13.015673530311,2.4645450515275,0.2880813630839,0.59480870716729,21.590854143585,5.6014799976565,-1.4112258307211,2.5576339840505,22.436747283525,6.8436392943211,-0.038898491465249,2.1513258753722,3.8396671028777,-0.15998123713129,0.69750533708122,2.9267103919453,-13.21006310897,-2.8228174374211,-0.83384717781696,2.3761011752477,-40.158790828357,0.86515654039711,2.8344181394006,1.4092656555375,39.156404239178,1,-0.87085403176339,-2.2599732328086,31.734931602189,1,-1.8106678258607,-0.70219024817823,37.289222145148,1,2.9994217214462,2.4796667444691,34.812876560108,1
0.23,0.0088643657137014,0.0082488536807428,0.43737895694693,0.017991568767488,0.012556615675432,0.015245971144407,0.99964303389756,0.064536202799842,-0.043576488199973,0.017383884243949,0.15002221392609,-0.15083224538396,0.13707480301841,0.25970510579396,-0.54815134835171,0.028279827179492,9.6205187445889,2.3802756018118,-1.8493940632389,0.17276972479376,0.53485877583426,-2.6643263065618,-2.5092238745123,0.8789411371238,0.11570647951253,-6.3106947983681,-4.8676730041186,-0.81642798557875,-0.9577970808046,-9.2367454595109,-0.38678798698119,0.10310043459972,-1.152423358376,-3.6252182860499,-0.45525780709265,0.55130495661945,-1.9701287517534,1.2489504835923,1.5932061290319,-1.3887468551095,-2.1477670695042,12.600880348983,4.2272600114469,-0.2096532571998,-0.52889825745738,13.192409522701,2.5278491695067,0.29132433427337,0.70217988222962,21.350997864851,5.5869548009673,-1.3981618277284,2.6670321210212,21.314677031708,6.8051399226854,-0.028098299681659,2.1678623964383,2.7735810019997,-0.3369837052744,0.7119669482275,2.8565791795603,-14.835851355232,-3.1620206538217,-0.82247481092417,2.1716417213596,-41.603346977239,0.6474832219533,2.860362516957,1.3643409632393,39.163348058616,1,-0.94943090154476,-2.2825306452657,31.668213699048,1,-1.7442395529595,-0.65020804237914,37.401170499667,1,2.9999074729344,2.4859605398145,34.680101034751,1
0.235,0.009029838661023,0.0080935617299838,0.43745543020312,0.01831598847116,0.012157147825135,0.015551193351392,0.99963737860708,0.063880335629735,-0.044298492785574,0.016318861300412,0.14792621899572,-0.15291857145894,0.13609307970867,0.25825682942945,-0.54710291144179,0.044182322067341,9.6872624524004,2.7194069196283,-2.0635711325798,0.17541054383,0.52143490114975,-2.7050510552844,-2.5300064652263,0.8794407384198,0.084125249925466,-6.3212414609327,-4.8071168908638,-0.82133187112228,-1.0036439764754,-9.1009548638674,-0.33961885461668,0.097293850059912,-1.1700403124134,-3.4210471151431,-0.3974576245116,0.54147170968241,-1.9628133568993,1.6769421180507,1.741535705016,-1.3993258353118,-2.0833597089319,13.159231007387,4.3234090835288,-0.21213217168803,-0.46253754656125,13.348394960453,2.5881386356225,0.29510099816661,0.80825289355884,21.07166866501,5.5622020445996,-1.3845650531533,2.7707044824501,20.146846904908,6.760104355913,-0.017228782631219,2.179050279301,1.7006518093592,-0.50960859825584,0.72605774994951,2.7784213628233,-16.419952849065,-3.4842663522298,-0.81214225249555,1.9602878620385,-42.915823170846,0.44126450885269,2.8841456217426,1.3187798401455,39.165838331564,1,-1.0272903870285,-2.3040233144998,31.60539244641,1,-1.6764933431082,-0.59792253085751,37.510628518635,1,2.9981265123195,2.4910946970002,34.547866669339,1
0.24,0.0091936058047946,0.0079357423838838,0.43752704615163,0.018636199966393,0.011752230810125,0.015854643281507,0.99963153582118,0.063212400990055,-0.045006664177828,0.015243206411038,0.14579372548428,-0.15493356486071,0.13509246808032,0.25764908986318,-0.54651280618162,0.060274476473735,9.7281794735819,3.046901223599,-2.2573115334801,0.17798373876249,0.50781000338488,-2.7447329553322,-2.5507148669622,0.87978231562928,0.052499624856873,-6.328452209978,-4.7430298437039,-0.82646326741224,-1.048796129425,-8.9588644026383,-0.28989119229477,0.091401745607188,-1.1866288176275,-3.2138688923911,-0.34093270966203,0.53168038249695,-1.9533623716088,2.1031091971906,1.8852345778829,-1.4095758709109,-2.0162036964531,13.700220215801,4.4162824739464,-0.21427742004716,-0.39544930286567,13.483384491546,2.6450625106402,0.29940437260958,0.91283163736466,20.753382957373,5.5267470326413,-1.3704646975249,2.8684284970875,18.93576408447,6.708384166509,-0.0063167580281181,2.1848619207612,0.62352669946267,-0.67713073805276,0.73973814898434,2.6924565547163,-17.957916477739,-3.7884214527617,-0.80288230575376,1.7427105915749,-44.092052633918,0.24716768903731,2.9057494833859,1.2726035393759,39.163872283653,1,-1.104373658054,-2.3244412147206,31.546537832326,1,-1.607480384937,-0.54535810349136,37.617474256802,1,2.9940801852848,2.4950668210707,34.416320783847,1
0.245,0.0093556362081872,0.0077754449250571,0.43759375813378,0.018952124313477,0.011342050503765,0.016156275951095,0.99962550468751,0.062532525058613,-0.045700781234407,0.014157620378679,0.14362525955264,-0.15687628564545,0.13407310700796,0.25760091470035,-0.54650652447131,0.076129032435627,9.7455810407961,3.3601897689233,-2.4299047922001,0.18048831757561,0.49398933519709,-2.7833567085773,-2.5712408333275,0.87996568849145,0.020846294121696,-6.33232324017,-4.6781800403239,-0.83181862239202,-1.0932222844171,-8.8105724337233,-0.23767221225178,0.085429300317716,-1.2021742929575,-3.0038657245104,-0.28560648835058,0.52194162827401,-1.9417860787921,2.5269880404814,2.0241908246474,-1.4194834386637,-1.9463876334267,14.223134227572,4.5058514906813,-0.2160856279813,-0.32773905055587,13.59716578876,2.6982709267175,0.30422650168561,1.0157227724023,20.396729176573,5.480125625461,-1.3558910324966,2.959994364021,17.684028609716,6.6498318317658,0.0046108515370938,2.1852829821007,-0.45513680084609,-0.83897634090133,0.75296970524563,2.5989263048199,-19.445420769742,-4.0734792354894,-0.79472436865452,1.5196006619934,-45.128301139616,0.065780352350183,2.9251577781387,1.2258336010152,39.157452105222,1,-1.180622470964,-2.3437748214904,31.491715425682,1,-1.5372528242232,-0.49253928026597,37.721588679215,1,2.9877715492107,2.4978750591298,34.285609931225,1
0.25,0.0095158992624547,0.0076127194099637,0.43765552268586,0.019263683305746,0.010926795200296,0.016456046104932,0.99961928462727,0.061840836269019,-0.046380627201764,0.013062810476451,0.14142135623731,-0.1587458275827,0.13303513796841,0.25781029961309,-0.54717918736192,0.09133235825404,9.7422061509851,3.6568647255744,-2.5810503643843,0.18292331470656,0.47997822471708,-2.8209074248277,-2.5914533144845,0.87999076023479,-0.010818037843987,-6.3328525086469,-4.7641751298744,-0.83739422897624,-1.1368916887661,-8.6561816078316,-0.18303316690356,0.079381763886113,-1.2166630741514,-2.7912222013039,-0.23138676052298,0.5122660430238,-1.928097073748,2.948117457051,2.1583262529772,-1.4290354671574,-1.874003630713,14.727283143309,4.5921063689638,-0.21755395133089,-0.25951329218453,13.689559883649,2.7474173701156,0.30955847042398,1.1167360774147,20.002366690695,5.4218908586097,-1.3408753458559,3.0452055030904,16.394327796001,6.5843041748854,0.015527085022015,2.18031242446,-1.5326773691437,-0.99472152083364,0.76571523983497,2.4980934205914,-20.878286037524,-4.3385567990546,-0.78769434055557,1.2916663900919,-46.021278864735,-0.10238806824468,2.9423558412097,1.178491842065,39.146584948878,1,-1.2559792126123,-2.3620151161672,31.440986303154,1,-1.4658637244909,-0.43949069983588,37.822855793835,1,2.9792053708648,2.4995181012052,34.155879734129,1
0.255,0.0096743646927166,0.0074476166532788,0.43771229956747,0.019570799490282,0.010506655528734,0.016753908227881,0.99961287534525,0.06113746528642,-0.047045989782819,0.01195948998694,0.13918255931846,-0.16054131857811,0.13197870502108,0.25796260235469,-0.54859396120573,0.10549279487329,9.721160010451,3.9347037344744,-2.7108517181507,0.18528779141758,0.46578207349463,-2.8573706275674,-2.6112007338527,0.87985751762819,-0.042476660798406,-6.3300397360974,-4.7082133150673,-0.84318622761693,-1.1797741136241,-8.4957987974251,-0.12604959008258,0.073264452011046,-1.2300824257762,-2.5761252334098,-0.17816910371779,0.50266415402709,-1.9123102504591,3.3660392474729,2.2875961280917,-1.4382193540548,-1.799147187148,15.212001821091,4.6750550155235,-0.21868008054636,-0.19087934115215,13.760421448046,2.7921609939966,0.31539042128162,1.2156848028061,19.571024582257,5.3516199323234,-1.3254498743543,3.1238789769205,15.069430465385,6.5116660947349,0.026405009451771,2.1699625114009,-2.6064364535503,-1.144086459718,0.77793893950969,2.3902412289113,-22.25248612187,-4.5828911052956,-0.78181453999292,1.0596314087181,-46.768150834049,-0.25690390611721,2.9573306778456,1.1306003462669,39.13128292153,1,-1.3303869438968,-2.3791535901115,31.394406981165,1,-1.3933670269157,-0.38623710803163,37.921162780753,1,2.9683881228001,2.4999951808588,34.027274722683,1
0.26,0.0098310025636769,0.007280188212024,0.43776405178775,0.019873396188809,0.010081824365704,0.017049816557321,0.99960627683941,0.060422544982815,-0.047696661203251,0.010848377737487,0.13690942118574,-0.1622619210802,0.130903954788,0.25773922923625,-0.55078143034107,0.11824809010935,9.6858448469672,4.1916907142719,-2.8197997163763,0.1875808361579,0.45140635441628,-2.8927322595376,-2.6303137450065,0.87956603098787,-0.074112867512616,-6.3238864069083,-4.6307262326592,-0.84919060897511,-1.221839874907,-8.3295350227387,-0.066801496526145,0.067082741722803,-1.2424205524124,-2.3587638880091,-0.12584023224872,0.49314640838129,-1.8944427853874,3.7802987022986,2.4119881888826,-1.4470229827215,-1.7219170635482,15.676650754013,4.7547215197203,-0.21946224432083,-0.1219451529121,13.809639022647,2.8321689861363,0.32171157236732,1.3123860158977,19.103500300311,5.268921461537,-1.3096477344986,3.1958458836639,13.712181002334,6.431794527281,0.037217786369146,2.1542587786495,-3.6737648320168,-1.2869258083581,0.78960645731321,2.2756727799722,-23.564159704857,-4.8058339212352,-0.77710363382516,0.82423236942013,-47.366545920631,-0.39740618760245,2.9700709731497,1.082181453801,39.111563070896,1,-1.4037894427817,-2.3951822486558,31.352029352914,1,-1.3198175095677,-0.33280334631638,38.01640011789,1,2.9553279784643,2.499306075545,33.899938173463,1
0.265,0.0099857832852791,0.007110486369468,0.43781074562947,0.020171397518752,0.0096524967472566,0.017343725096322,0.99959948940987,0.059696210411956,-0.048332438276382,0.0097301976318645,0.13460250270195,-0.16390683247114,0.12981103643344,0.25682636690361,-0.55373991252167,0.12927178352231,9.6398852252293,4.4260325668514,-2.908746056098,0.18980156491511,0.43685660959539,-2.926978688156,-2.6486083843348,0.87911645414028,-0.10570996258741,-6.3143957683805,-4.5500232297774,-0.85540321669622,-1.2630598538412,-8.1575053749303,-0.0053735275738044,0.060842066656967,-1.2536666090218,-2.1393292226384,-0.074281202557346,0.48372316163371,-1.8745141187853,4.1904450967934,2.5315209883317,-1.4554347382112,-1.6424151524124,16.120616913913,4.8311444778515,-0.21989921237621,-0.052819155165679,13.837135192332,2.8671246378288,0.3285102373749,1.4066609391272,18.60065818615,5.1734428570062,-1.2935028514542,3.2609517196117,12.325493247186,6.3445825710115,0.047938738051512,2.1332399710933,-4.7320291485932,-1.4232159641205,0.80068500908542,2.1547099957491,-24.809621159649,-5.0068459730814,-0.77357657797101,0.5862166037672,-47.81456437357,-0.52360304245742,2.9805671006311,1.0332577508647,39.087447366513,1,-1.476131246779,-2.4100936148333,31.313900630569,1,-1.2452707460215,-0.27921434019804,38.108461703009,1,2.9400348060243,2.4974511067142,33.774011949872,1
0.27,0.010138677618296,0.0069385641187997,0.43785235067101,0.020464728414449,0.0092188697797137,0.017635587627566,0.99959251366741,0.058958598783836,-0.048953122466627,0.0086056781786433,0.13226237306473,-0.16547528544105,0.12870010164321,0.25492352090409,-0.55743667501225,0.13827844926685,9.5870499954487,4.6361715711103,-2.978867826641,0.19194912155602,0.42213844823556,-2.9600967107726,-2.6658895302871,0.87850902434096,-0.13725127126399,-6.3015728290158,-4.4662159255949,-0.86181975028714,-1.3034055171213,-7.9798289364119,0.058144967139289,0.054547912278321,-1.2638107104803,-1.9180141172532,-0.02337037666953,0.47440466651447,-1.852545933545,4.5960321813356,2.6462416139857,-1.4634435225904,-1.560746343491,16.543314560158,4.9043751782303,-0.21999029739838,0.016389922685496,13.84286670793,3.1067808341736,0.33577384718844,1.4983352805654,18.063427875345,5.0648776934349,-1.2770498862122,3.319056710893,10.912344240513,6.2499436993034,0.058541413331196,2.1069579471887,-5.7786184105513,-1.5530399109508,0.81114346558178,2.0276927654414,-25.985370906606,-5.1854906208402,-0.77124456992811,0.34633975076356,-48.110783849196,-0.63526776081253,2.9888111294788,0.98385205913663,39.058962675262,1,-1.5473576948551,-2.4238807328662,31.280063292669,1,-1.1697830633646,-0.22549508760215,38.197244971921,1,2.9225201609095,2.4944311396626,33.649636344094,1
0.275,0.010289656679853,0.0067644751465802,0.43788883980614,0.020753314648524,0.0087811425495668,0.017925357728003,0.99958535054139,0.058209849438766,-0.049558519951492,0.0074755520165594,0.12988960966604,-0.16696654834603,0.12757130460363,0.25175163769091,-0.56180998406714,0.14502774804452,9.5311729156996,4.8207934065815,-3.0316244959806,0.19402267815664,0.40725754446816,-2.9920735597592,-2.6819545789842,0.87774406214929,-0.16872014822376,-6.2854243558737,-4.379383970661,-0.86843576809316,-1.3428489366605,-7.7966286984188,0.12365992034972,0.048205811059204,-1.2728439402667,-1.6950131046893,0.027013920558437,0.46520106178128,-1.8285621316058,4.996618666948,2.7562228622149,-1.4710387695799,-1.4770183854008,16.944186012439,4.9744756942068,-0.21973535611823,0.085573220561786,13.826824554248,3.1386232262441,0.34348897311955,1.5872395561408,17.492802579072,4.9429729112575,-1.2603241611764,3.3700361135518,9.4757678317995,6.1478159752467,0.068999652856869,2.0754775510129,-6.8109504303319,-1.6765703112368,0.82095243994229,1.8949779904297,-27.088105246639,-5.3414273476552,-0.77011501322383,0.1053633578884,-48.254263926656,-0.73223465199826,2.9947968305541,0.93398742513129,39.026140731436,1,-1.617414968733,-2.4365371714101,31.250555036793,1,-1.0934114996375,-0.17167064721093,38.282651012752,1,2.9027972770808,2.4902475831292,33.526949920799,1
0.28,0.010438691948885,0.0065882738159776,0.43792018926173,0.021037082853388,0.0083395160324871,0.018212988784207,0.999578001287,0.057450103821055,-0.050148441682096,0.0063405554371912,0.12748479794974,-0.16837992554938,0.12642480198011,0.24706060708134,-0.56677189905801,0.14932728050107,9.4760738341406,4.9788309022973,-3.0687088215269,0.19602143532144,0.39221963516486,-3.0228969074318,-2.6965972480696,0.87682197125935,-0.20009998637258,-6.2659588710001,-4.2896122015183,-0.87524669037254,-1.3813628089236,-7.6080314758724,0.19107261672253,0.041821337616549,-1.2807583583003,-1.4705221996706,0.076991090484951,0.45612236118821,-1.8025888079494,5.391768705431,2.8615599546911,-1.4782104584952,-1.391341743469,17.32270238653,5.041516930368,-0.21913478953704,0.15462191893329,13.789033964249,3.1566079455339,0.35164135173382,1.6732094029756,16.889837247898,4.8075356954625,-1.2433615843312,3.4137804813558,8.0188481661504,6.0381661793147,0.079287653634966,2.0388764522788,-7.8264781964235,-1.7940515114976,0.83008437026463,1.7569385814315,-28.114725644157,-5.474405336096,-0.77019149391097,-0.13594753662206,-48.244549093506,-1.0723948488193,2.9985196810972,0.88368710944814,38.989018101383,1,-1.6862501335564,-2.4480570265544,31.225408737571,1,-1.0162137607359,-0.11776612677411,38.364584676138,1,2.8808810570308,2.4849023886379,33.406089362766,1
0.285,0.010585755271523,0.0064100151497911,0.43794637861322,0.021315960542864,0.0078941930014809,0.018498434008444,0.99957046749203,0.05667950545229,-0.050722703442208,0.0052014279052558,0.12504853126714,-0.16971475774612,0.12526075289541,0.24063596644195,-0.57221170525454,0.15103427155343,9.42548211657,5.1094637528616,-3.0919933054935,0.19794462249149,0.37703051772597,-3.0525548708031,-2.7096114252571,0.87574323828685,-0.23137422560482,-6.2431866469301,-4.1969916903748,-0.88224780246669,-1.4189204738271,-7.4141678195959,0.26027984604591,0.035400103811871,-1.28754700792,-1.2447387265155,0.12667631296651,0.44717844259049,-1.7746542222067,5.7810523635767,2.9623668966351,-1.4849491274674,-1.3038294539918,17.678364292073,5.1055766640121,-0.21818954229569,0.22342740998383,13.729554379364,3.1684008489444,0.36021591122059,1.7560858832532,16.255646621427,4.6584398777506,-1.2261985721512,3.4501959007637,6.5447130630333,5.9209937578487,0.089380032691877,1.9972449547047,-8.822696157452,-1.9057810723114,0.83851359704943,1.6139624106711,-29.06234743354,-5.58425737541,-0.77147376918297,-0.37682683257468,-48.08167019185,-1.139692193269,2.9999768681444,0.83297457592122,38.947636142771,1,-1.7538111778874,-2.4584349245759,31.204652410049,1,-0.93824817680858,-0.063806671396698,38.44295468123,1,2.8567880605242,2.4783980495878,33.287189318612,1
0.29,0.010730818866414,0.0062297548132689,0.4379673907979,0.021589876133939,0.0074453779342354,0.018781646455413,0.99956275108287,0.055898199904223,-0.051281125905774,0.0040589115768387,0.1225814107306,-0.17097042227057,0.12407931890756,0.23230465477095,-0.57799986637683,0.15005614704024,9.3829637771038,5.2121145745797,-3.1034738781649,0.19979149824152,0.36169604784539,-3.0810360161636,-2.7207949843701,0.87450843251237,-0.26252636154263,-6.2171197012665,-4.1016205828698,-0.8894342580638,-1.4554959331933,-7.2151719259453,0.33117414306824,0.028947753818521,-1.2932039219992,-1.0178611456916,0.17617895807879,0.43837903719713,-1.7447887679118,6.164046090947,3.0587725837471,-1.4912458859266,-1.2145969751017,18.010702491437,5.1667376199296,-0.2169011011889,0.29188146844199,13.648479355996,3.173770153512,0.36919679925704,1.8357157780566,15.591403167418,4.4956317172387,-1.20887197142,3.4792041925454,5.0565273012496,5.7963345008407,0.099251889699853,1.950685773213,-9.7971464039789,-2.0120913648587,0.84621643530001,1.4664512220117,-29.928307924662,-5.6708943103272,-0.77395776814474,-0.61650979999105,-47.766144320422,-1.1921193149707,2.999167290654,0.78187348067381,38.902040958509,1,-1.820047053006,-2.4676660244459,31.188309178486,1,-0.85957365818339,-0.0098174518095137,38.517673717389,1,2.8305364920846,2.4707376000897,33.170382252778,1
0.295,0.010873855329968,0.0060475490967254,0.43798321212606,0.021858758968598,0.0069932769196974,0.019062579039648,0.99955485432998,0.055106334771271,-0.051823534692911,0.0029137508158691,0.12008404506518,-0.17214633338675,0.12288066398743,0.22193969327922,-0.58399236950628,0.1463500899873,9.3518535328359,5.2864417824506,-3.1052124992167,0.20156135056577,0.34622213725317,-3.1083293634897,-2.7299534990963,0.87311820558088,-0.29353995424584,-6.1877717903382,-4.0036047600354,-0.89680108255352,-1.4910638687472,-7.011181543915,0.40364411523939,0.022469959160539,-1.2977241281908,-0.7900888793712,0.22560133606115,0.42973371898311,-1.7130249394321,6.5403331807068,3.1509167683643,-1.4970924263314,-1.1237620344394,18.319278518801,5.2250856118456,-0.21527149282655,0.35987642181037,13.545936418362,3.1725095892428,0.37856741231546,1.911951870634,14.898334914162,4.3191349293826,-1.1914189801247,3.5007430796229,3.5574858245608,5.6642638610615,0.10887886841211,1.8993137805087,-10.747424732756,-2.1133316994636,0.85317124107403,1.3148195021082,-30.710173884691,-5.7343002044532,-0.77763560473674,-0.85423550692897,-47.298973192931,-1.2297140104726,2.9960915603379,0.73040766108353,38.852283345389,1,-1.8849077114819,-2.4757460200881,31.176397250589,1,-0.78024965085497,0.044176347372386,38.588658541452,1,2.8021461872398,2.4619246135508,33.055798297957,1
0.3,0.011014837641535,0.0058634548979635,0.43799383228993,0.022122539335767,0.0065380975639276,0.019341184553573,0.99954677985257,0.054304059642635,-0.052349760424368,0.0017666917091581,0.11755705045849,-0.17324194256166,0.121664954496,0.2094636981249,-0.59003533055039,0.13992168325118,9.3351927723762,5.3323298482859,-3.0992803239849,0.20325349715248,0.33061475143639,-3.1344243906765,-2.7369037925573,0.87157329115789,-0.32439863688782,-6.1551584019404,-3.9030583023545,-0.90434317647048,-1.5255996596422,-6.8023378797858,0.47757485783375,0.015972413727463,-1.3011036532975,-0.56162213614284,0.27503775078977,0.42125189427271,-1.679397296614,6.9095042230124,3.2389459954483,-1.5024810351291,-1.0314444738314,18.603685258637,5.2807077788686,-0.21330328044603,0.42730531972537,13.42208685791,3.1644405130765,0.38831042635918,1.9846532185674,14.177723180156,4.1290548520179,-1.1738770675969,3.514766320771,2.0508068825544,5.5248998331501,0.11823721675553,1.8432557236596,-11.671186578472,-2.2098513724907,0.8593584723001,1.1594933157557,-31.405748375147,-5.7745283506558,-0.78249560277116,-1.0892492352463,-46.681639957874,-1.252556004314,2.9907520011994,0.67860112466269,38.79841873749,1,-1.9483441449905,-2.4826711423873,31.168929897227,1,-0.70033609156772,0.098149539397672,38.655830070481,1,2.7716385975339,2.4519632010081,32.943565110111,1
0.305,0.011153739168511,0.0056775297045065,0.43799924437031,0.022381148493321,0.0060800488952754,0.01961741568617,0.99953853062268,0.053491526074044,-0.05285963877441,0.00061848158031285,0.11500105040866,-0.17425673872113,0.12043235916123,0.19485115993654,-0.59596972786193,0.13082275827887,9.3356742150891,5.3498775475692,-3.0877029952966,0.20486728564694,0.3148799073394,-3.1593110375941,-2.7414772685931,0.86987450454225,-0.3550861243927,-6.1192967471611,-3.8001037398274,-0.91205531902427,-1.5590793995035,-6.5887854993788,0.55284845406302,0.0094608287694823,-1.3033395267649,-0.33266173503022,0.32457381280645,0.41294279150513,-1.6439424271812,7.2711575504587,3.3230096157528,-1.5074046029332,-0.93776609117842,18.863547482836,5.3336909402069,-0.21099955988047,0.49406210218122,13.27712547962,3.1494137144742,0.3984078288706,2.0536854143414,13.430900205247,3.9255816604125,-1.1562838940706,3.5212438098914,0.53972512147554,5.3784053206699,0.12730384543278,1.7826499113818,-12.566152798361,-2.3019839427345,0.86476074368833,1.0009091087045,-32.013076925007,-5.7916982181266,-0.78852233300084,-1.3208048766372,-45.916104489927,-1.2607641600958,2.9831526477774,0.62647803785947,38.740507144421,1,-2.0103084213429,-2.4884381609481,31.165915437645,1,-0.61989336252798,0.15207694712774,38.719113469859,1,2.7390367743188,2.4408580092103,32.833807726256,1
0.31,0.011290533671365,0.0054898315756471,0.43799944484117,0.022634518690154,0.0056193412689166,0.01989122504226,0.99953010996852,0.052668887559118,-0.053353010522141,-0.00053013149715372,0.11241667557043,-0.17519024848825,0.11918304905466,0.17812945318385,-0.60163613438,0.11914857643509,9.3555938509063,5.3393848163454,-3.0724094992846,0.20640209390295,0.29902367104411,-3.1829797099665,-2.7435229779817,0.8680227422359,-0.3855862220296,-6.0802057512985,-3.6948720782267,-0.91993217171336,-1.5914799129756,-6.3706722279839,0.62934455580094,0.00294092787733,-1.304429783292,-0.10340892897535,0.37428596284053,0.40481545119373,-1.6066989069257,7.6248996751042,3.4032559772968,-1.5118566339023,-0.84285047976296,19.098522345753,5.3841200864613,-0.20836395468927,0.56004176635341,13.111280295592,3.1273108556553,0.40884095215207,2.1189208338311,12.659246687637,3.7089925687939,-1.1386772298305,3.5201616406467,-0.97251536014346,5.2249899309923,0.13605638488913,1.7176458727983,-13.430115295396,-2.3900329814884,0.86936287558072,0.83951248130617,-32.530453022505,-5.7859933819209,-0.79569666210318,-1.5481673013351,-45.004797167837,-1.2544941898759,2.9732992420979,0.57406271478487,38.678613084466,1,-2.0707537207033,-2.493044385601,31.1673572302,1,-0.53898224577958,0.20593341478121,38.778438236666,1,2.7043653513367,2.4286142184506,32.726648425157,1
0.315,0.011425195308602,0.0053004191243164,0.43799443357191,0.022882583188307,0.0051561862707996,0.020162565162354,0.99952152157712,0.051836299500381,-0.053829721601217,-0.0016783991872026,0.10980456359963,-0.17604203640415,0.11791719756767,0.15937856603161,-0.6068793243224,0.10503447029256,9.3968105942927,5.3013388198413,-3.0551858721096,0.20785733022271,0.28305215543146,-3.20542128307,-2.7429103793768,0.86601898147077,-0.415882833959,-6.0379060438732,-3.5875025980354,-0.92796828202052,-1.6227787717661,-6.1481490480326,0.70694103842877,-0.003581558048674,-1.3043734645586,0.12593477205999,0.42424115561446,0.39687871608977,-1.5677072577369,7.9703457165956,3.4798288874406,-1.5158312543107,-0.74682286518826,19.308299836545,5.432077021154,-0.20540061045854,0.62514053175941,12.924812166402,3.0980454959441,0.41959050783801,2.1802388722489,11.8641892313,3.4796529826548,-1.1210948741242,3.5115221363151,-2.4826679761461,5.0649111517192,0.14447324050355,1.6484039885147,-14.260942466193,-2.47425948471,0.87315193660391,0.6757569364361,-32.9564229102,-5.7576604366001,-0.80399581342352,-1.7706146919607,-43.950611158599,-1.2339368914514,2.9611992293351,0.52137960587074,38.612805512707,1,-2.1296343709659,-2.4964876676579,31.173253668617,1,-0.45766387727731,0.25969381966847,38.833738278228,1,2.6676505261071,2.4152375401498,32.622206591102,1
0.32,0.011557698641637,0.0051093514987809,0.43798421382743,0.023125276285123,0.0046907966210424,0.020431388543074,0.99951276949622,0.050993919179895,-0.054289623147961,-0.0028255733788191,0.1071653589958,-0.17681170513116,0.11663498038743,0.13872956790021,-0.61155263855501,0.088652068154648,9.4607139612652,5.2363997838913,-3.0376348693782,0.20923243358493,0.26697151782475,-3.2266271052508,-2.7395317604026,0.86386427969302,-0.44595997172707,-5.9924199477417,-3.4781424288528,-0.93615808718717,-1.6529543101698,-5.9213699945841,0.78551472108373,-0.010100895836001,-1.3031706200682,0.35516777821859,0.47449665610253,0.38914122156121,-1.5270099035126,8.3071198209273,3.5528644268123,-1.5193232202978,-0.64980994016358,19.49260318817,5.4776391619204,-0.2021141882804,0.68925600349657,12.718014390791,3.0615636698083,0.43063662255455,2.2375261671134,11.047197708534,3.2380165929117,-1.103574574012,3.4953438448034,-3.9874906227552,4.8984748776244,0.15253364586781,1.5750950949219,-15.056584460193,-2.5548710924001,0.87611728000465,0.51010260521145,-33.289789669843,-5.7070088519806,-0.81339343928517,-1.987440835107,-42.756893232391,-1.1993169237107,2.9468617521861,0.46845328646431,38.543157744198,1,-2.1869058822642,-2.4987664009143,31.183598183777,1,-0.37599970069291,0.31333308391076,38.884951985743,1,2.6289200401316,2.4007342141924,32.520598580895,1
0.325,0.011688018639608,0.0049166883641723,0.43796879226601,0.02336253333543,0.0042233860768276,0.020697647658102,0.99950385813543,0.050141905729558,-0.054732571547848,-0.0039709066734166,0.10449971294319,-0.17749889563815,0.11533657547247,0.11636185751246,-0.61552200287807,0.070205216735728,9.5481999831826,5.1453870623034,-3.0211425159365,0.21052687386109,0.25078795761588,-3.2465890012609,-2.7333042890834,0.86155977400505,-0.47580176270321,-5.9437714673158,-3.3669459082132,-0.94449591806404,-1.6819856400669,-5.6904920486999,0.86494214129247,-0.016611355079291,-1.3008223071041,0.5840885969425,0.52509990578174,0.38161138619723,-1.4846511240005,8.6348555693799,3.6224881834233,-1.5223279247865,-0.55193969735393,19.651189242543,5.5208785070245,-0.19850985742155,0.75228733330084,12.491212244331,3.0178440125593,0.4419588746606,2.2906768078306,10.209782542509,2.984624428376,-1.0861539433289,3.4716614988262,-5.4837526389536,4.7260352731007,0.16021771402223,1.4979000627012,-15.815078237134,-2.6320132292272,0.8782505735657,0.34301495408436,-33.529616585551,-5.634411686732,-0.82385970463654,-2.1979573633861,-41.427433137437,-1.150892110529,2.9302976439626,0.41530844536441,38.469747372289,1,-2.2425249805878,-2.4998795223983,31.198379251039,1,-0.29405142098868,0.3668261861384,38.932022302922,1,2.5882031579334,2.3851110060157,32.421937594229,1
0.33,0.011816130684099,0.0047224898838558,0.43794817893502,0.023594290773727,0.0037541693348378,0.020961294979641,0.99949479226671,0.049280420101033,-0.055158428480351,-0.0051136528717764,0.10180828315007,-0.178103287368,0.11402216302803,0.092499258732541,-0.61866950524789,0.049925705316862,9.6596555006155,5.029265813014,-3.0068522443675,0.2117401520198,0.23450771387539,-3.2652992754093,-2.7241716696818,0.85910668056539,-0.5053924584566,-5.8919862758947,-3.2540737396921,-0.95297600303543,-1.7098526653819,-5.455675028778,0.94510037066712,-0.0231072131773,-1.2973305897999,0.81249601008206,0.57608842416171,0.37429740264863,-1.4406770066211,8.9531963771934,3.6888129609028,-1.5248414035613,-0.45334126051473,19.78384877134,5.5618607695895,-0.19459328719237,0.81413537817253,12.244762467791,2.9668974544489,0.45353633200271,2.3395925314967,9.3534919148617,2.7201029057983,-1.0688703819321,3.4405259413398,-6.9682417422986,4.5479939711652,0.1675064865216,1.4170093505734,-16.534552410347,-2.7057622598825,0.8795458230183,0.17496347694363,-33.675229775859,-5.5403070355275,-0.83536138176976,-2.4014959408189,-39.966451568527,-1.0889532437464,2.9115194204056,0.36196987330474,38.392656182182,1,-2.2964496404793,-2.4998265128667,31.217580403076,1,-0.2118809577935,0.42014817316263,38.974896789555,1,2.5455306449445,2.368375203454,32.326333547568,1
0.335,0.011942010573796,0.0045268167006423,0.43792238726428,0.023820486136365,0.003283361933277,0.021222283000362,0.99948557702395,0.048409625035351,-0.055567060962135,-0.006253067460206,0.099091733686482,-0.17862459838716,0.11269192548104,0.067405054986364,-0.62089645111513,0.028068880829084,9.794950928267,4.8891345391215,-2.9956471090307,0.21287180031926,0.21813706294713,-3.2827507145293,-2.7121053802786,0.85650629394688,-0.53471644306706,-5.8370917021165,-3.139691970755,-0.9615924720145,-1.7365360959945,-5.2170814799231,1.0258678561207,-0.029582760362982,-1.2926985373256,1.0401892507638,0.62748972035643,0.36720722871398,-1.3951353963233,9.2617958815399,3.7519369991881,-1.5268603404986,-0.35414471413414,19.89040675204,5.6006446791134,-0.19037063802962,0.87470285632002,11.979052706017,2.9087665307113,0.46534759061356,2.3841829045632,8.4799089034686,2.4451609359423,-1.0517609954091,3.4020040163886,-8.4377709252797,4.3647986254975,0.17438198021019,1.3326225353905,-17.213231863912,-2.7761207398215,0.8799993888852,0.0064203758999079,-33.726220087233,-5.4794143825805,-0.84786195581015,-2.5974103846302,-38.378586767397,-1.0138243358077,2.8905412702282,0.30846245138963,38.311970059811,1,-2.3486391167889,-2.4986073970471,31.241180248224,1,-0.12955039861678,0.47327417161561,39.013527679934,1,2.50093474426,2.350534613339,32.233892951696,1
0.34,0.012065634529051,0.0043297299178517,0.43789143405741,0.024041058083707,0.0028111801535243,0.021480564255812,0.99947621790196,0.047529685032163,-0.055958341388586,-0.0073884080955988,0.096350734820343,-0.17906258551711,0.11134604745477,0.041376075422476,-0.62212583038892,0.0049092282102283,9.9534415396076,4.7262136241676,-2.9881403317585,0.21392138248749,0.20168231602868,-3.2989365907588,-2.6971054722974,0.85375998645351,-0.56375824136611,-5.779116715536,-3.0239708159099,-0.97033936050662,-1.7620174610928,-4.9748765614301,1.1071252690309,-0.036032304722294,-1.2869302211895,1.2669681798619,0.67932119999043,0.36034857868133,-1.3480758435275,9.5603183183756,3.8119427295631,-1.5283820719418,-0.25448093180791,19.970722598842,5.637281447411,-0.18584855180657,0.93389450017582,11.694500898197,2.8435243794335,0.47737081428285,2.4243654900269,7.5906485557161,2.1605861589646,-1.034862515416,3.3561784255995,-9.8891852974148,4.1769408461221,0.18082723159057,1.2449478197325,-17.849442132301,-2.843014833228,0.87960999670715,-0.16214076553895,-33.682444243736,-5.5396653289692,-0.86132174064156,-2.7850787167136,-36.668879797499,-0.9258632529702,2.867379044395,0.25481113948762,38.227778896162,1,-2.3990539754613,-2.4962227436263,31.26915249431,1,-0.047121951935462,0.52617939955327,39.047871936064,1,2.4544491522751,2.3315975578577,32.144718793049,1
0.345,0.012186979196383,0.004131291080232,0.43785533948082,0.024255946422248,0.0023378409214626,0.021736091347255,0.99946672075459,0.046640766318668,-0.056332147573654,-0.008518935089081,0.093585962852115,-0.17941704444787,0.10998471574324,0.014735967054725,-0.62230414486093,-0.019264024982678,10.133977278833,4.5418348612658,-2.9846741985378,0.21488849389059,0.18514981673821,-3.3138506641345,-2.6792009149978,0.85086920739621,-0.59250252710363,-5.7180919113365,-2.9070833552227,-0.97921061373813,-1.7862791219589,-4.7292279324571,1.1887563430634,-0.042450177197309,-1.2800307116597,1.4926334619171,0.73159006363842,0.3537289149349,-1.2995495502141,9.84843888776,3.8688960689614,-1.5294045902155,-0.15448140357309,20.024690348139,5.6718143940009,-0.18103414138589,0.99161720624448,11.39155462048,2.771273518433,0.48958377492728,2.4600659998365,6.6873549026594,1.8672403923533,-1.0182112208197,3.3031475506325,-11.319368858395,3.9849535616524,0.18682633867662,1.1542015182207,-18.441613531685,-2.9062939610355,0.87837874062396,-0.330246313174,-33.544025249618,-5.3843494873488,-0.87569800489963,-2.9639051382521,-34.842758539916,-0.82546264104493,2.8420502441448,0.20104096458833,38.140176487126,1,-2.4476561233314,-2.4926736649855,31.30146597795,1,0.035342099810243,0.57883917801541,39.077891295615,1,2.4061089932244,2.3115728706711,32.058910418984,1
0.35,0.012306021652883,0.0039315621547403,0.43781412705057,0.024465092126689,0.0018635617085298,0.02198881696492,0.99945709179208,0.045743036818209,-0.056688362788013,-0.0096439118879273,0.090798099947909,-0.17968780983325,0.10860811928527,-0.01217219337219,-0.62140256109454,-0.044151235427226,10.334921059148,4.3374318499477,-2.9853270875327,0.21577276168871,0.16854593866889,-3.327487184997,-2.6584494710915,0.84783548232798,-0.62093413103607,-5.654049494184,-2.7892041420286,-0.98820009084757,-1.809304284179,-4.4803056359686,1.270648680083,-0.048830736569238,-1.2720060733071,1.7169867403504,0.78429320360748,0.34735543983581,-1.2496093142141,10.125844107247,3.9228462413017,-1.5299265462744,-0.054278062428456,20.052238798325,5.7042827761155,-0.17593497943172,1.0477801815466,11.070690381973,2.692144504297,0.50196389368496,2.4912184322334,5.7716979196003,1.5660543796928,-1.0018428598118,3.2430252419675,-12.725251187737,3.7894078610621,0.19236450022752,1.060607523818,-18.988285032723,-2.9657327283573,0.87630908030006,-0.49742391296376,-33.311352043686,-5.2099736081509,-0.89094510763289,-3.1333219212269,-32.906020461238,-0.71305103805115,2.8145740077675,0.14717700912797,38.049260429001,1,-2.4944088369076,-2.4879618166805,31.338084699261,1,0.1177794472772,0.6312289425379,39.103552314549,1,2.3559507926422,2.2904698927928,31.976563427099,1
0.355,0.012422739410547,0.0037306055111928,0.43776782361709,0.024668437361935,0.0013885604325362,0.022238693911626,0.9994473375777,0.044836666118552,-0.057026875795509,-0.010762605555435,0.087987833971183,-0.17987475536799,0.10721644913829,-0.03899377656684,-0.61941737064323,-0.069446571304964,10.554175441991,4.1145310200007,-2.9899281725888,0.21657384497978,0.1518770829318,-3.3398408962082,-2.634937093467,0.84466041223885,-0.64903804893165,-5.5870232612315,-2.6705077565984,-0.99730156913653,-1.8310770092686,-4.2282819810279,1.3526945028494,-0.055168374416977,-1.2628633596749,1.9398308118151,0.83741711552476,0.34123508788571,-1.1983094717639,10.392232152962,3.9738260966993,-1.5299472514829,0.045996889729459,20.053331603734,5.9446802207111,-0.1705590864985,1.1022950864286,10.732412875234,2.6062945795948,0.51448828265837,2.5177651937732,4.8453704386997,1.2580219288149,-0.98579257316198,3.1759405744819,-14.103814036581,3.5909093754805,0.19742805226604,0.96439675543095,-19.488107865272,-3.0210351587496,0.87340683120337,-0.66320381827575,-32.985078406441,-5.0173353720621,-0.90701464320109,-3.2927912108079,-30.864814208084,-0.58909405270485,2.7849710961423,0.093244399289033,37.955132009765,1,-2.5392767901199,-2.4820893966703,31.378967861971,1,0.20012780129985,0.68332425461127,39.124826404377,1,2.3040124497644,2.2682984682321,31.897769558723,1
0.36,0.012537110420524,0.0035284839027876,0.43771645934766,0.024865925505023,0.00091305535829443,0.022485675126759,0.99943746502359,0.043921825439851,-0.0573475808879,-0.011874287248442,0.085155858313015,-0.1799777938467,0.10580989845178,-0.06537078077951,-0.61636975681054,-0.094842119998559,10.789217504617,3.8747429449562,-2.9980791190495,0.21729143493093,0.13514967568813,-3.3509070351771,-2.6087768378914,0.84134567271094,-0.67679944948861,-5.5170485842834,-2.5511673445107,-1.0065087483771,-1.8515822257058,-3.9733314235218,1.4347913331267,-0.061457520046834,-1.2526106070785,2.1609697995362,0.89093784926487,0.33537451818187,-1.1457058383859,10.647313187991,4.0218528831716,-1.5294666785238,0.14621115652511,20.027967322587,5.9731014470518,-0.1649149184153,1.1550761735134,10.377254182433,2.5139064069842,0.52713378722865,2.5396572058027,3.9100850193332,0.94419352406692,-0.97009481877487,3.1020375703439,-15.452097807487,3.3900942654314,0.20200450179081,0.86580658817721,-19.939848846126,-3.0718412291638,0.86968014826459,-0.82712020981148,-32.566121123042,-4.8073105698588,-0.92385559495069,-3.441806732905,-28.725620086734,-0.45409547523823,2.7532638770519,0.039268293279552,37.857896096229,1,-2.5822260810118,-2.4750591442914,31.42406991887,1,0.28232493995554,0.73510081308076,39.14168986401,1,2.2503332088914,2.2450689394015,31.822616596717,1
0.365,0.012649113077282,0.0033252604465096,0.43766006770676,0.025057501166942,0.00043726499810662,0.022729713710573,0.99942748138583,0.042998687602299,-0.057650377917859,-0.012978232692175,0.082302871721022,-0.17999687720451,0.10438866244051,-0.090950116958127,-0.61230488474375,-0.12003186459657,11.0371415885,3.6197535356636,-3.0091818776589,0.21792525489759,0.11837016567178,-3.3606813356965,-2.5801072928502,0.83789301303424,-0.70420368216211,-5.4441623911288,-2.4313531794423,-1.015815255173,-1.8708057393637,-3.7156304453983,1.5168425745263,-0.06769264538909,-1.2412568275419,2.3802093254831,0.94482102966353,0.32978010717195,-1.0918556481598,10.890809677736,4.066929410435,-1.5284854614345,0.24623252164737,19.976179418899,5.999489628745,-0.15901135298553,1.2060404225743,10.005772938432,2.4151869713624,0.53987702886299,2.556853995194,2.9675707819759,0.62566949042212,-0.9547832977137,3.0214748898148,-16.767207908304,3.187624881334,0.20608255759959,0.76508026772397,-20.34239342158,-3.1177356522039,0.86513950296293,-0.98871250449627,-32.055657407263,-4.5808537483192,-0.94141449717962,-3.5798954014584,-26.495229489812,-0.3085981786516,2.7194763082811,-0.014726130402568,37.757661017209,1,-2.6232242573566,-2.4668743389799,31.473340622552,1,0.36430875557905,0.78653446548216,39.154123906166,1,2.1949536297358,2.2207921422931,31.751188267668,1
0.37,0.012758726222688,0.0031209986034199,0.43759868543425,0.025243110214346,-3.8591987845969e-05,0.022970762948783,0.99941739425873,0.042067426993488,-0.057935172330254,-0.014073722652129,0.079429578126956,-0.17993199653952,0.1029529383574,-0.11539179339072,-0.60729034912582,-0.1447155229031,11.294709475671,3.3513146621703,-3.0224714957812,0.21847506053008,0.10154502170329,-3.3691600295875,-2.5490905357715,0.83430425528345,-0.73123628489579,-5.3684031460532,-2.3112312899766,-1.0252146473714,-1.8887342433362,-3.4553574325023,1.5987579809133,-0.073868269857087,-1.2288120008762,2.5973566812249,0.99902198072733,0.32445794171623,-1.0368174914509,11.122456691875,4.1090455321871,-1.5270048947703,0.34592902328724,19.898036218326,6.0238692306507,-0.15285767602289,1.2551076711183,9.6185534520955,2.3103667042858,0.55269444833596,2.5693237691702,2.0195702114693,0.30359277815666,-0.93989088184836,2.9344254906264,-18.046320966494,2.984185165225,0.20965215814736,0.66246631014243,-20.694748417298,-3.1582587908944,0.85979765390266,-1.1475266496558,-31.455121593677,-4.3389977423065,-0.95963560487723,-3.7066188203658,-24.180723335362,-0.15318466513515,2.6836339195141,-0.068713684714684,37.654538442838,1,-2.6622403411778,-2.457538798742,31.526725081395,1,0.44601730169077,0.83760121930831,39.162114678298,1,2.1379155567756,2.1954794014229,31.68356414862,1
0.375,0.012865929150004,0.0029157621588392,0.43753235252146,0.025422699791137,-0.00051429689116498,0.023208776337416,0.99940721156842,0.041128219535458,-0.058201875191673,-0.01516004340265,0.076536686473018,-0.17978318211693,0.10150292546618,-0.13837679118998,-0.60141403067932,-0.16860224476105,11.558407365086,3.0712337444155,-3.0370527118071,0.21894063986788,0.084680730195938,-3.3763398481522,-2.515909640201,0.83058129335639,-0.75788299175385,-5.2898108295402,-2.1909621887797,-1.0347004185225,-1.9053553271492,-3.1926925510936,1.6804539935925,-0.079978965164596,-1.2152870659072,2.8122209973188,1.0534859872942,0.31941381246494,-0.98065125116164,11.342002192614,4.1481798624798,-1.5250269318963,0.44516912823992,19.793640818023,6.0462361844974,-0.14646356674554,1.3022007404754,9.216204787227,2.1996988505383,0.56556234928494,2.5770434740828,1.0678359355814,-0.020858572788882,-0.92544954328364,2.8410762566622,-19.286690890547,2.7804758599305,0.21270449637058,0.55821788875881,-20.996044488715,-3.1929195168246,0.85366961096317,-1.3031163988434,-30.766201107374,-4.0828518718901,-0.97846107070033,-3.8215746752768,-21.789449586749,0.011522885018513,2.6457637930451,-0.12266918581855,37.548643260159,1,-2.6992448521567,-2.4470568783727,31.584163820715,1,0.52738883980306,0.88827725320104,39.165653278027,1,2.0792620876369,2.1691425245489,31.619819578411,1
0.38,0.012970701607802,0.0027096152024292,0.43746111218514,0.025596218339905,-0.00098963105490403,0.023443707607908,0.9993969415656,0.04018124265147,-0.058450403218191,-0.016236487191944,0.073624910536936,-0.17955050335493,0.10003882501371,-0.15961442427793,-0.59478142863249,-0.19141416245464,11.824508820579,2.7813618819708,-3.0519389868906,0.21932181342129,0.067783792655121,-3.3822180234338,-2.48076593673,0.82672609197457,-0.78412974044959,-5.2084269171721,-2.0706997400962,-1.0442660023829,-1.9206574853512,-2.9278176231315,1.7618539337398,-0.086019360097195,-1.2006939108609,3.0246134110815,1.1081487251179,0.31465320755794,-0.92341803757815,11.54920730891,4.1843016340616,-1.5225541824105,0.54382190544125,19.663130950622,6.0665795662329,-0.13983908255155,1.3472455571939,8.7993598045589,2.0834590578302,0.57845694201906,2.5799988380318,0.11412748481384,-0.346479238426,-0.91149028571933,2.7416275967426,-20.485654765488,2.5772095888294,0.21523204141635,0.45259220951487,-21.245538265921,-3.2212097383852,0.84677259312317,-1.4550445657325,-29.990831722517,-3.8135986189338,-0.99783112862374,-3.9243980108388,-19.328999924753,0.18486319543117,2.6058945433146,-0.17656746482792,37.440093445127,1,-2.7342098299063,-2.4354334674246,31.645592849025,1,0.60836188606953,0.93853892806321,39.164735763062,1,2.0190375405293,2.1417937971626,31.560025573741,1
0.385,0.013073023803788,0.0025026221081795,0.43738501083927,0.025763615623209,-0.0014643759731995,0.023675510752387,0.99938659281764,0.039226675232486,-0.058680678801385,-0.017302352703181,0.070694968755851,-0.17923406879231,0.098560840202066,-0.17884898576779,-0.58751255068175,-0.21288978502479,12.089142643734,2.4835801611691,-3.066092565443,0.21961843424064,0.050860723171913,-3.386792289284,-2.4438811750814,0.82274068564633,-0.80996267976654,-5.1242943577424,-1.95059019795,-1.0539047774614,-1.934630125478,-2.6609160004148,1.8428880406294,-0.091984145233493,-1.1850453629133,3.2343472325967,1.1629368841372,0.31018130665342,-0.86518012188025,11.743846596372,4.217372602462,-1.519589908701,0.64175719870986,19.506678802517,6.08488209878,-0.13299464319941,1.390171269552,8.3686741663165,1.9619451307405,0.5913543875007,2.5781843972516,-0.8397919605514,-0.67204464256523,-0.89804307788917,2.6362930143719,-21.640638569813,2.3751058654459,0.2172285572228,0.3458498763789,-21.442614187729,-3.2426202367437,0.83912598007773,-1.6028842525516,-29.131192123081,-3.5324886435832,-1.017684283682,-4.0147623893357,-16.807185645941,0.36613722364766,2.5640562952887,-0.23038337954923,37.329009931175,1,-2.7671088550993,-2.4226739879271,31.710943729329,1,0.68887525774184,0.98836279808575,39.159363155589,1,1.9572874207596,2.1134459767587,31.504248750056,1
0.39,0.013172876408537,0.0022948475143049,0.43730409806485,0.025924842744679,-0.0019383133908182,0.023904140049146,0.99937617419987,0.038264697603379,-0.058892630032562,-0.018356945511416,0.067747584049058,-0.17883402603786,0.09706917616032,-0.19586549720785,-0.57973845425917,-0.23278722098263,12.348364400653,2.1797838830152,-3.0784641476605,0.21983038797296,0.033918045911744,-3.3900608822361,-2.4056557871837,0.81862717759313,-0.83536817686818,-5.03745755059,-1.830771442721,-1.0636100716024,-1.9472635753845,-2.3921724376613,1.9234933510386,-0.09786807761204,-1.168355176916,3.4412381088127,1.2177690004729,0.30600297529236,-0.80600086838904,11.925708282545,4.2473488995875,-1.5161380216414,0.7388457984669,19.324490786692,6.1011206895634,-0.12594101441865,1.4309103590014,7.9248253049169,1.8354768531145,0.60423084141815,2.571603506212,-1.7921588301534,-0.99631917439226,-0.88513678922187,2.5252986493747,-22.749162701584,2.174886087959,0.21868911790502,0.23825424837309,-21.586786020415,-3.2566573596177,0.8307512577839,-1.7462200496102,-28.18969778104,-3.2408340565441,-1.0379575072002,-4.0923809270447,-14.232012863795,0.55461033271579,2.5202806616968,-0.2840918262098,37.215516474487,1,-2.7979170694293,-2.4087843918569,31.780143655363,1,0.76886811939899,1.0377256216846,39.149541441137,1,1.8940583863481,2.0841122868833,31.452551247333,1
0.395,0.013270240559154,0.0020863563030609,0.43721842657757,0.026079852169941,-0.0024112254025762,0.024129550088245,0.99936569488621,0.037295491488861,-0.059086190725219,-0.019399578536011,0.06478348363963,-0.17835056170148,0.095564039916091,-0.21049439819558,-0.57159754253715,-0.25088720580724,12.598230115766,1.8718645931312,-3.0880308067127,0.21995759290605,0.016962292599217,-3.3920225421853,-2.3712969790034,0.8143877386397,-0.86033282449238,-4.9479623221686,-1.7113724379436,-1.0733751666045,-1.9585490899404,-2.1217729646169,2.0036134206467,-0.10366598533981,-1.1506380233053,3.6451041855867,1.2725565009411,0.30212275960467,-0.74594466562487,12.094594497328,4.2741827450028,-1.5122030754312,0.83495961220696,19.116807270393,6.1152669823683,-0.11868929097625,1.4693987463682,7.468511357424,1.7043957531594,0.61706249826814,2.5602683314167,-2.7412124239751,-1.3180645503668,-0.87279912786217,2.4088827924019,-23.808847301814,1.9772685697914,0.21961011990833,0.13007078980337,-21.677698057375,-3.2628600442393,0.82167195808804,-1.8846492025434,-27.168994169215,-2.939999926352,-1.0585864368939,-4.1570072050177,-11.611657091358,0.74951536776224,2.4746007191453,-0.33766775116808,37.099739516123,1,-2.8266111943943,-2.3937711583617,31.853115532711,1,0.84828002891425,1.0866043723422,39.135281561904,1,1.8293982127742,2.0538064109662,31.404990660847,1
0.4,0.013365097862826,0.0018772135804828,0.43712805219351,0.026228597747315,-0.0028828945525863,0.024351695797232,0.99935516433899,0.036319239979164,-0.059261300435708,-0.02042957248828,0.061803398874989,-0.17778390130712,0.094045640366796,-0.22261504124278,-0.56323172509683,-0.26699590158686,12.834870455305,1.5616899587444,-3.0938308898324,0.22,5.2900944077349e-17,-3.3926765128745,-2.4100211355769,0.81002460606834,-0.88484344802683,-4.8558559018626,-1.5925129223301,-1.0831933028707,-1.9684788570837,-1.8499047572825,2.0831978940921,-0.10937277213822,-1.131909475208,3.8457662675314,1.3272049502918,0.29854488136286,-0.68507685625103,12.250321488261,4.2978239319635,-1.5077902615875,0.92997183349508,18.883902258005,6.127287903338,-0.11125087922546,1.5055758926447,7.0004500674372,1.5690646659486,0.62982563536653,2.5441998289101,-3.6851981674587,-1.6360482736345,-0.86105658118496,2.2872953733518,-24.817417363719,1.7829636541378,0.21998929089916,0.021566415295165,-21.715125996737,-3.2640140301915,0.81191359260454,-2.0177827439986,-26.071949327852,-2.6313940697745,-1.0795055812025,-4.2084360513992,-8.9544372860799,0.95005666513047,2.4270509831248,-0.39108616260058,36.981808041148,1,-2.8531695488855,-2.3776412907379,31.92977806469,1,0.92705098312484,1.1349762493489,39.11659940457,1,1.7633557568774,2.0225424859374,31.361619977009,1
0.405,0.013457430400304,0.0016674846560549,0.43703303379271,0.026371034728317,-0.0033531039332861,0.024570532466935,0.9993445922982,0.035336127495442,-0.059417904482113,-0.021446256314054,0.058808065046461,-0.17713430918765,0.092514188250663,-0.23215788999147,-0.55478255617061,-0.28094742715204,13.054563575751,1.2510817177814,-3.0949948026952,0.21995759290605,-0.016962292599216,-3.3920225421853,-2.4479333633329,0.80554008243829,-0.90888711246172,-4.7611868970626,-1.4743033442839,-1.0930576840879,-1.977046003228,-1.5767560083466,2.1622019363681,-0.1149834218227,-1.1121859947517,4.0430479755258,1.3816154768852,0.29527323338872,-0.62346366597927,12.392719820449,4.3182210184665,-1.5029054020954,1.0237571092672,18.626083029545,6.1371461820116,-0.10363747916463,1.5393848942114,6.5213776561418,1.4298669416516,0.64249665670592,2.5234277055348,-4.6223708552974,-1.9490521344253,-0.84993435893032,2.1607974248023,-25.772707616868,1.5926689578139,0.21982569537143,-0.086991168749288,-21.698977494768,-3.4921804686961,0.80150358103154,-2.145246586581,-24.901645805814,-2.3164552453144,-1.1006485272088,-4.2465041927934,-6.2687894392572,1.1554149815678,2.377667381931,-0.44432214215989,36.861853434939,1,-2.8775720655694,-2.3604023131637,32.010045842926,1,1.00512146317,1.1828186884389,39.093515782597,1,1.6959809199415,1.9903350956326,31.322487514332,1
0.41,0.013547220729288,0.0014572350223162,0.43693343328089,0.026507119787904,-0.0038216372842063,0.024786015777313,0.99933398876997,0.034346339754943,-0.059555953961324,-0.022448967630881,0.055798221207846,-0.17640208836146,0.090969896117482,-0.23910535710908,-0.54638746259831,-0.29260606905598,13.253804725666,0.94179210966064,-3.0907707828961,0.21983038797296,-0.033918045911744,-3.3900608822361,-2.4111337138481,0.80093653437058,-0.93245112921587,-4.6640052675137,-1.3568450377465,-1.1029614819314,-1.984244598021,-1.3025157969144,2.2405855441247,-0.12049300271183,-1.0914849185959,4.2367759017492,1.4356863381797,0.29231137531773,-0.56117213151454,12.521634560916,4.3353221706164,-1.4975549417269,1.1161917052127,18.343689735256,6.1448008303272,-0.095861066034032,1.570772572342,6.0320476642936,1.2872051560676,0.65505213657903,2.4979903640105,-5.5509978779054,-2.2558806816232,-0.83945633908144,2.0296605216079,-26.672667175737,1.4070647882052,0.21911973695467,-0.19533412464701,-21.629292393709,-3.472684815317,0.7904711741053,-2.2666825739892,-23.661371999028,-1.9966399412888,-1.1219481514824,-4.2710907726161,-3.5632397939276,1.3647532885857,2.3264872295167,-0.49735085659853,36.740009336808,1,-2.8998003060507,-2.3420622671892,32.093829442504,1,1.0824324794629,1.2301093723158,39.066056413041,1,1.6273246099894,1.9571992639908,31.287636869604,1
0.415,0.013634451887718,0.0012465303344087,0.43682931554904,0.026636811044481,-0.0042882790904317,0.024998101823316,0.9993233640144,0.033350063735917,-0.059675405764309,-0.023437053159576,0.052774609993075,-0.17558758039119,0.089412978299106,-0.24349126024333,-0.538176169026,-0.30186811777788,13.429370677709,0.63547937303073,-3.080545010596,0.21961843424064,-0.050860723171913,-3.386792289284,-2.368823550256,0.79621639129912,-0.95552306283299,-4.5643622989505,-1.2402306293869,-1.1128978407914,-1.9900696584493,-1.0273739576237,2.318312760894,-0.12589667196223,-1.0698244426925,4.426779762105,1.4893145743404,0.2896625297262,-0.4982700276174,12.636925447172,4.3490756257059,-1.4917459395381,1.207153669022,18.037094946839,6.1502075654754,-0.087933871479853,1.5996895568493,5.5332297669633,1.1414992030949,0.66746886288734,2.4679348319365,-6.4693624246008,-2.5553695801055,-0.82964501660167,1.894166197863,-27.515363942699,1.2268097762177,0.21787315741819,-0.3031951442543,-21.506242623472,-3.444154464429,0.77884737140956,-2.3817494873864,-22.354612910539,-1.6734080176894,-1.1433368331797,-4.2821177347828,-0.84637777623336,1.5772233347553,2.2735491972984,-0.55014756935296,36.616411491115,1,-2.9198374748042,-2.3226297079852,32.181035521592,1,1.1589256162632,1.2768262410634,39.034251887902,1,1.5574387033172,1.923150448045,31.257106869312,1
0.42,0.013719107396979,0.0010354363895751,0.43672074843119,0.026760068079636,-0.0047528146807131,0.025206747140734,0.99931272853275,0.0323474876423,-0.059776222589576,-0.02440986914984,0.049737977432971,-0.17469116522434,0.087843650879701,-0.24539891878232,-0.53026741952215,-0.30866327047341,13.578377142183,0.33368304861486,-3.0638556695469,0.21932181342129,-0.067783792655121,-3.3822180234338,-2.3261855189194,0.79138214418855,-0.97809073754416,-4.462310576032,-1.1245446582292,-1.1228598825186,-1.994517152288,-0.75152094923747,2.3953508249249,-0.13118967982533,-1.0472236062925,4.6128925458973,1.5423976876075,0.28732957862493,-0.43482579336335,12.738467039826,4.3594297645469,-1.485486059556,1.2965229912824,17.706703165898,6.1533191663167,-0.079868364314816,1.6260903637398,5.0257085629018,0.99318368529663,0.67972388005465,2.4333166748493,-7.3757666575811,-2.8463937522633,-0.82052145514067,1.7546053424844,-28.298988755992,1.0525367676529,0.21608903237366,-0.41030810848026,-21.330131777451,-3.4065156090986,0.76666483427084,-2.4901240041794,-20.985040358113,-1.3482075214547,-1.1647466687226,-4.2795500715171,1.873171273802,1.7919728388179,2.2188932849358,-0.6026876520826,36.49119759604,1,-2.9376684318653,-2.3021137003526,32.271566925436,1,1.2345430758153,1.3229475024355,38.998137640039,1,1.4863760052972,1.888204530713,31.230931526391,1
0.425,0.013801171265019,0.00082401910661249,0.4366078026602,0.026876851957596,-0.0052150303251856,0.025411908731996,0.99930209305402,0.031338800868156,-0.059858372954821,-0.025366781799676,0.046689072771181,-0.17371326101608,0.08626213166576,-0.24495795907342,-0.52276608296416,-0.31295554223023,13.698327479357,0.037799942264362,-3.0404008451026,0.21894063986788,-0.084680730195938,-3.3763398481522,-2.2835866740424,0.78643634421975,-1.0001422436934,-4.3579039545908,-1.0098643802539,-1.1328407111857,-1.9975840008916,-0.47514772280425,2.471669281887,-0.13636737382239,-1.02370227521,4.7949506626314,1.5948352777634,0.28531506032355,-0.37090845767938,12.826148859064,4.3663328055364,-1.4787835606669,1.3841817638106,17.352950290276,6.154085757619,-0.071677230905789,1.6499334667567,4.5102823404322,0.84270456602357,0.69179453146657,2.3941998934945,-8.2685348508213,-3.1278751873034,-0.81210524181354,1.6112775747104,-29.021859273749,0.88484901491746,0.21377176368692,-0.51640874386664,-21.101394363483,-3.3598021703153,0.75395779398448,-2.5915016065118,-19.556502656928,-1.0224590445209,-1.1861096873748,-4.2633959344912,4.5867734855169,2.0081531415527,2.1625607901088,-0.65494659615834,36.364507150175,1,-2.9532797042697,-2.2805238144937,32.365322794596,1,1.30922772202,1.368451642022,38.9577539037,1,1.414190210478,1.8523778133874,31.20914000233,1
0.43,0.013880627989363,0.00061234450528742,0.43649055182167,0.026987125244387,-0.0056747133326508,0.025613544091903,0.99929146852092,0.030324193961907,-0.059921831206757,-0.026307167668311,0.043628648279308,-0.17265432393416,0.08466864015587,-0.24233993925064,-0.51576071471618,-0.31474363263357,13.787151283785,-0.25093832699266,-3.0100404123485,0.21847506053008,-0.10154502170329,-3.3691600295875,-2.2412075831297,0.78138160144346,-1.0216659440227,-4.2511975332119,-0.89626072273281,-1.1428334178607,-1.9992680813253,-0.1984455894781,2.5472390969038,-0.14142520283388,-0.99928112436124,4.9727940858076,1.6465305608641,0.28362116666879,-0.30658756423877,12.899875504854,4.3697321553433,-1.4716472857203,1.4700143352139,16.976303038951,6.1524550214012,-0.063373355219199,1.6711813626971,3.9877618218089,0.6905151007981,0.70365850135715,2.3506568055048,-9.1460164880936,-3.3987902905693,-0.80441444514973,1.4644906008563,-29.68242358578,0.72431670989765,0.21092706861742,-0.62123527461404,-20.82059473181,-3.3041587797814,0.74076195562935,-2.6855974369187,-18.073013806319,-0.69754003012334,-1.2073580670318,-4.2337066089467,7.2858138679359,2.2249271166401,2.1045942773126,-0.70690002409521,36.236481297111,1,-2.9666594962335,-2.257870121548,32.462198677311,1,1.3829231236064,1.4133174332846,38.913145669692,1,1.3409358620134,1.8156870083322,31.191756574682,1
0.435,0.013957462560046,0.00040047868571984,0.43636907230602,0.027090852026683,-0.0061316521473779,0.02581161123324,0.99928086607518,0.029303858590326,-0.05996657752913,-0.027230414082385,0.040557459071303,-0.17151484794615,0.083063397510252,-0.23775294488088,-0.50932162989091,-0.31406070374558,13.843231751339,-0.53148525491635,-2.9727923125854,0.21792525489759,-0.11837016567178,-3.3606813356965,-2.1992018990631,0.77622058340289,-1.0426504798136,-4.1422476241555,-0.78379934655277,-1.1528310853892,-1.9995682278344,0.078393911910911,2.622031800984,-0.1463587210999,-0.97398161959107,5.1462664935815,1.6973916998139,0.28224974065967,-0.24193309579583,12.959566760748,4.3695734715953,-1.4640866498621,1.5539074634727,16.577258336282,6.1483723399011,-0.054969798555622,1.6898006304013,3.4589688880198,0.5370711222853,0.71529385606548,2.3027679117023,-10.006589314379,-3.6581766391171,-0.79746557630223,1.3145595537091,-30.279263545318,0.57147389666681,0.20756196571245,-0.72452906844579,-20.488425682696,-3.2398401554308,0.72711439774132,-2.7721470987371,-16.538742210982,-0.37476945294662,-1.2284243495385,-4.1905763508767,9.9617236601563,2.441477122118,2.0450375456968,-0.75852370092381,36.107262668192,1,-2.9777976980662,-2.2341631888945,32.562086645869,1,1.4555735967707,1.4575239474584,38.864362635263,1,1.2666683104499,1.7781492308865,31.178800610015,1
0.44,0.014031660462448,0.00018848780774185,0.43624344325871,0.027187997930329,-0.0065856364453837,0.026006068712255,0.99927029704244,0.028277987502341,-0.0599925979489,-0.028135919535107,0.037476262917145,-0.17029536458896,0.081446626520059,-0.23143534129043,-0.50349952461208,-0.31097353926079,13.865421143352,-0.80299596244401,-2.9288238272588,0.21729143493093,-0.13514967568813,-3.3509070351771,-2.1577001220673,0.77095601372599,-1.0630847768811,-4.031111723639,-0.67254176998689,-1.162826793183,-1.9984842326513,0.35517914744374,2.6960187058257,-0.15116359212795,-0.94782599880499,5.3152154061697,1.7473328814696,0.28120227444226,-0.17701539804286,13.005157681153,4.3657995102393,-1.4561116281132,1.6357504653447,16.156342656393,6.1417808797883,-0.046479779005462,1.7057619833215,2.9247352860362,0.38282580729664,0.72667908458577,2.2506217472709,-10.848662335033,-3.9051390107169,-0.7912735536003,1.1618063159772,-30.811097813596,0.42681579899908,0.20368475749066,-0.82603527471604,-20.105706757117,-3.1672068806275,0.71305346812755,-2.8509073990261,-14.957998968313,-0.055393301389396,-1.2492416548515,-4.1341420877876,12.606007534967,2.6570127657509,1.983935595971,-0.80979354549537,35.976995223616,1,-2.9866858938092,-2.2094140752217,32.664875416847,1,1.5271242472511,1.5010505633147,38.811459148731,1,1.1914436719043,1.7397819914808,31.170286542342,1
0.445,0.014103207680034,-2.3561929762143e-05,0.43611374652864,0.027278530138527,-0.0070364572301469,0.026196875653969,0.99925977291648,0.027246774492613,-0.059999884340611,-0.02902309407815,0.034385820055882,-0.16899644272096,0.079818551576465,-0.22364889588534,-0.49832466201608,-0.30558107217623,13.853044110763,-1.0648394993774,-2.8784386248125,0.21657384497978,-0.1518770829318,-3.3398408962082,-2.1168087376861,0.76559067068808,-1.0829580514182,-3.9178484814952,-0.56254650465676,-1.1728136220103,-1.9960168461397,0.63171852076527,2.769170218156,-0.15583559250461,-0.92083725242234,5.4794923198765,1.7962750854899,0.28047990768624,-0.11190510307232,13.036598661997,4.3583488433047,-1.4477327422083,1.7154353623941,15.714111328585,6.1326216318893,-0.037916650657996,1.7190403155871,2.3859013205445,0.22822410123995,0.73779313833613,2.1943147180766,-11.670678757153,-4.1388545623289,-0.78585167052168,1.0065588292499,-31.276784610724,0.2907965921202,0.19930500995772,-0.92550345318761,-19.673382214759,-3.0867177606392,0.69861867611432,-2.9216570319056,-13.335225754805,0.25942872511102,-1.2697438933661,-4.0645829839891,15.210270569331,2.8707782602443,1.9213345964018,-0.86068564171499,35.845824092043,1,-2.9933173675952,-2.1836343253698,32.770450475087,1,1.5975210118049,1.5438769767804,38.754494148937,1,1.1153187856626,1.7006031874686,31.166223857035,1
0.45,0.014172090697003,-0.00023560430952754,0.4359800666149,0.027362417409667,-0.0074839069277157,0.026383991777286,0.99924930534301,0.026210414364935,-0.059988434428924,-0.029891359706008,0.031286893008046,-0.16761868825658,0.078179398639513,-0.21467150256328,-0.49380662014854,-0.29801228902654,13.805889108799,-1.3166063103685,-2.8220604709856,0.21577276168871,-0.16854593866889,-3.327487184997,-2.0766098522885,0.76012738574568,-1.1022598156869,-3.80251767022,-0.4538701540598,-1.1827846587857,-1.9921677762745,0.9078206057112,2.8414552803606,-0.16037061560786,-0.89303910316804,5.6389528376271,1.8441465044738,0.28008342634486,-0.046673052527272,13.053855494701,4.3471723783152,-1.4389610467151,1.7928570234506,15.251147804662,6.1208334245674,-0.029293882596512,1.7296147414942,1.8433145322174,0.073697011253363,0.74861547007236,2.1339509224352,-12.471118867723,-4.3585770512478,-0.78121156715323,0.84915038994886,-31.675324166939,0.16382764061794,0.19443352900475,-1.0226881919283,-19.192518704303,-2.9989190903505,0.6838505815311,-2.9841972003967,-11.674982345532,0.56863492351945,-1.2898659757339,-3.9821198717937,17.766244896115,3.0820591575395,1.8572818479295,-0.91117624969787,35.713895408917,1,-2.9976871087222,-2.1568359649445,32.878694201279,1,1.6667106990588,1.5859832104091,38.693531099583,1,1.0383511712325,1.6606310947782,31.166617080261,1
0.455,0.014238296500843,-0.00044757311658736,0.43584249061165,0.027439630094793,-0.0079277794811666,0.026567377419868,0.99923890610293,0.025169102895429,-0.05995825178933,-0.030740150732573,0.028180246387517,-0.16616274388369,0.076529395206758,-0.20478974939255,-0.48993458032954,-0.28842354150172,13.724188591483,-1.5581104340723,-2.7602145535562,0.21488849389059,-0.18514981673821,-3.3138506641345,-2.0371614887555,0.75456904204227,-1.1209798835524,-3.6851801534295,-0.34656842712437,-1.1927330013551,-1.9869396874598,1.1832942788171,2.9128409583734,-0.16476467521679,-0.86445598522062,5.7934567958901,1.8908825921301,0.28001326179981,0.018609779476064,13.056909403396,4.5293725926893,-1.4298081144492,1.8679133033131,14.768062889166,6.1063529317345,-0.020625037712571,1.737468628357,1.2978283646034,-0.080343998994289,0.75912607187496,2.0696419586598,-13.248502843198,-4.5636400170574,-0.77736320520112,0.68991893378357,-32.005860868982,0.046276215061808,0.18908233374751,-1.1173497128013,-18.664302631742,-2.9044313075253,0.66879068074287,-3.0383521750141,-9.9819338017897,0.87127136788733,-1.3095440195048,-3.8870145504306,20.265815952448,3.2901882744118,1.7918257484267,-0.96124181684341,35.581356153659,1,-2.99979181544,-2.129031494708,32.989486002997,1,1.7346410296999,1.6273496227003,38.628637918526,1,0.96059898488194,1.6198843593869,31.171465773937,1
0.46,0.014301812584785,-0.00065940215894935,0.4357011081514,0.027510140154685,-0.0083678704443736,0.026746993562753,0.99922858709519,0.02412303679556,-0.059909345847032,-0.031568914159689,0.025066646712861,-0.16462928876375,0.074868770281692,-0.19429156960043,-0.48667811783584,-0.27699531977194,13.608589097316,-1.7893862382927,-2.6935073790065,0.21392138248749,-0.20168231602868,-3.2989365907588,-1.9984985116073,0.74891857288677,-1.1391083758593,-3.5658978537398,-0.24069702374185,-1.2026517632741,-1.980336198685,1.457948851618,2.9832921909887,-0.16901390901539,-0.83511302273496,5.9428683878799,1.936425735133,0.28026949039188,0.08387236356997,13.045757065352,4.5152323883931,-1.4202860212054,1.9405051775136,14.265493933519,6.0891146980863,-0.011923751372715,1.7425896226697,0.75030082173163,-0.23351227381417,0.76930551213898,2.0015067187417,-14.00139348535,-4.7534588740852,-0.77431484660438,0.52920631024657,-32.267685096991,-0.061535311026247,0.18326462687241,-1.2092544630554,-18.090037233238,-2.8039336168201,0.65348129005093,-3.0839697875428,-8.260837362905,1.166499493772,-1.3287155519373,-3.7795689549003,22.701048241371,3.4945506526224,1.7250157561298,-1.0108589888219,35.448353985914,1,-2.999629897445,-2.1002338847474,33.102702449049,1,1.8012606759776,1.6679569172615,38.559886902116,1,0.88212097569692,1.5783819886234,31.180764536218,1
0.465,0.01436262695017,-0.00087102528826589,0.43555601134663,0.027573921176549,-0.0088039770750464,0.026922801854684,0.99921836031916,0.023072413674978,-0.059841731874003,-0.032377110037434,0.021946862218209,-0.16301903821508,0.073197754341962,-0.18345920464625,-0.48398844263905,-0.26392856463599,13.460112697366,-2.0106797398419,-2.6226061550571,0.21287180031926,-0.21813706294713,-3.2827507145293,-1.9606341208815,0.74317896020551,-1.1566357256447,-3.4447337200887,-0.13631235587201,-1.2125340785744,-1.9723618810188,1.7315942026468,3.052771707335,-0.17311458198748,-0.8050360077585,6.0870562829283,1.9807245636672,0.28085183333791,0.14904369241697,13.020410614593,4.4923327142246,-1.4104073298263,2.010536872964,13.744103995144,6.0690512044313,-0.0032037099711764,1.7449696695373,0.20159311854354,-0.38545066017533,0.77913497149845,1.9296711685475,-14.7283988783,-4.9275319003056,-0.77207303579754,0.36735754870659,-32.460234747965,-0.15932979412041,0.17699476206228,-1.2981756915558,-17.471139359719,-2.6981472442409,0.63796542678972,-3.1209218586102,-6.5165290790266,1.4536012889603,-1.3473197083334,-3.6601241974085,25.064210525013,3.6945874337487,1.6569023522686,-1.0600046204686,35.315037081052,1,-2.9972014770813,-2.0704565684244,33.21821740699,1,1.8665193004866,1.7077861518096,38.487354644646,1,0.8029764411907,1.5361433423015,31.194503007517,1
0.47,0.014420728108713,-0.0010823764204903,0.43540729472976,0.027630948390297,-0.0092358984269972,0.027094764636113,0.99920823785666,0.022017432004191,-0.059755430984214,-0.033164211815908,0.018821662663703,-0.16133274337912,0.071516579307379,-0.17256268743229,-0.4818000270532,-0.24944061619595,13.28011155408,-2.2224348004051,-2.5482184864819,0.2117401520198,-0.23450771387539,-3.2652992754093,-1.923561833298,0.73735323296862,-1.173552683187,-3.3217516945159,-0.033472076220026,-1.2223731065169,-1.9630222544457,2.00404090904,3.1212401116729,-0.17706308969972,-0.7742513775604,6.2258937419225,2.0237329341533,0.28175965703409,0.21405285796759,12.980897628698,4.4653442759116,-1.4001850736271,2.0779159943123,13.204580962667,6.0460929949332,0.0055213705976718,1.7446050253456,-0.34743167372624,-0.53583542805174,0.78859627761893,1.8542681149383,-15.428174961845,-5.0854401472338,-0.77064258566056,0.2047201176748,-32.583096442524,-0.24687520605659,0.17028820858237,-1.383894008234,-16.809135981169,-2.5878180159128,0.62228668845393,-3.1491045578527,-4.7539102224743,1.7319819713749,-1.3652974252686,-3.5290594844223,27.34780036928,3.8897985690553,1.5875370029226,-1.1086557865806,35.181553965085,1,-2.9925083892488,-2.0397134361095,33.335902183641,1,1.9303675942013,1.746818747007,38.411121953026,1,0.72322518249912,1.4931881236889,31.212665882046,1
0.475,0.014476105084673,-0.0012933895565131,0.43525505519154,0.027681198684409,-0.0096634354415968,0.027262844962865,0.99919823185362,0.020958291077067,-0.059650470127046,-0.033929706688284,0.015691819145569,-0.15957119087005,0.069825478507735,-0.16185402477356,-0.48003254989946,-0.23376091373355,13.070217518828,-2.4252747122449,-2.4710730912912,0.21052687386109,-0.25078795761588,-3.2465890012609,-1.8872578535304,0.73144446559153,-1.1898503208876,-3.1970166784183,0.067764603900045,-1.2321620363269,-1.9523237840447,2.2751003776605,3.1886561274326,-0.1808559614699,-0.74278619139355,6.3592587287072,2.065408634065,0.28299197374533,0.27882912861011,12.927261098792,4.4341580172585,-1.3896327392005,2.1425536458438,12.647636648361,6.0201688857826,0.014237766513268,1.7414962636494,-0.8959099850885,-0.68437924902782,0.79767193879384,1.7754369602411,-16.099428016307,-5.2268463336188,-0.77002656718624,0.041643178834497,-32.636006412385,-0.32404060373861,0.16316151311398,-1.4661979253756,-16.105660419227,-2.4736989482896,0.60648913019533,-3.1684386956655,-2.9779335158215,2.0011701154905,-1.382591628103,-3.386790912787,29.544567962164,4.079744325807,1.516972120134,-1.1567897926109,35.048053349198,1,-2.9855541800166,-2.0080188287016,33.455625668468,1,1.9927573137338,1.7850364951282,38.331273756752,1,0.64292745919515,1.4495363703163,31.235232924867,1
0.48,0.014528747416929,-0.0015039988027716,0.43509939191799,0.027724650621362,-0.010086391038379,0.027427006629418,0.99918835450134,0.019895190973188,-0.059526882078869,-0.034673095924911,0.012558103905863,-0.1577352024079,0.068124686650412,-0.15156222283413,-0.47859308337825,-0.2171265736046,12.832288771614,-2.6199798752984,-2.3919021008857,0.20923243358493,-0.26697151782475,-3.2266271052508,-1.8516837283832,0.7254557763125,-1.2055200379817,-3.0705944983,0.16733681570098,-1.2418940919085,-1.940273875514,2.5445849756451,3.2549769859112,-0.18448986341757,-0.71066810670988,6.4870340173525,2.1057118720919,0.28454744267997,0.34330202612835,12.859559382771,4.3986555933939,-1.3787642486235,2.2043645487643,12.07400584903,5.9912062714422,0.022931767615283,1.7356482742701,-1.4429791051227,-0.83083311207679,0.80634517628245,1.6933234445271,-16.740917054305,-5.3514928210054,-0.77022630288714,-0.12152316256416,-32.618851066635,-0.62451274438105,0.15563225892978,-1.5448843794116,-15.362448317387,-2.3565334919109,0.59061714103378,-3.1788699457147,-1.1935892154086,2.260815267131,-1.3991474121786,-3.2337701487252,31.647539130035,4.2640455908331,1.4452610223051,-1.2043841852543,34.914683964072,1,-2.9763441039434,-1.9753875309392,33.57725447965,1,2.0536413177861,1.8224215685535,38.247899013293,1,0.56214394375718,1.4052084446303,31.262178994435,1
0.485,0.014578645160954,-0.0017141383918269,0.4349404063257,0.027761284452606,-0.010504570204755,0.027587214191785,0.99917861801757,0.018828332520056,-0.05938470543281,-0.035393895198238,0.0094212901419285,-0.15582563443515,0.066414439787813,-0.14188925943867,-0.47737844919122,-0.19977797835429,12.568355478006,-2.8074624086017,-2.3114253523219,0.20785733022271,-0.28305215543146,-3.20542128307,-1.8167891726871,0.71939032554703,-1.2205535650778,-2.9425518710334,0.26518215112578,-1.2515625365355,-1.9268808700449,2.8123081602882,3.3201589396806,-0.18796160139453,-0.67792535484984,6.6091072951936,2.144603626397,0.28642437144859,0.40740140238375,12.777866141812,4.3587100062525,-1.3675939410893,2.2632671537111,11.484445376558,5.9591315403959,0.031589698968554,1.7270702556052,-1.9877785399482,-0.97498710726743,0.81459995532977,1.608079376173,-17.351456115056,-5.4591987990351,-0.77124136395637,-0.28442860933523,-32.5316672356,-0.68035985048673,0.14771902251167,-1.6197592319247,-14.581333358751,-2.2370399929632,0.57471531912996,-3.1803689975865,0.59410891060785,2.5106831594383,-1.4149122171276,-3.0704829939126,33.650037478853,4.4423830078955,1.3724578939118,-1.251416762922,34.781594394188,1,-2.9648851201076,-1.9418347645032,33.700653112673,1,2.1129736027695,1.8589565280852,38.161090608978,1,0.48093567572518,1.3602250244951,31.293474070609,1
0.49,0.014625788890693,-0.0019237427029007,0.4347782019958,0.027791082133095,-0.010917780084801,0.02774343298996,0.99916903462719,0.017757917255152,-0.059223984586702,-0.036091634898365,0.0062821518156257,-0.15384337771732,0.064694975284599,-0.13300706528878,-0.47627767427102,-0.18195451032844,12.280566314074,-2.9887386265622,-2.2303369242545,0.20640209390295,-0.29902367104411,-3.1829797099665,-1.7825149576876,0.71325131422003,-1.2349429685213,-2.8129563686506,0.36123698679167,-1.2611606775143,-1.9121540385473,3.0780846081701,3.3841578767824,-0.19126812379237,-0.64458671622746,6.7253712615523,2.1820439289161,0.28862071790535,0.47105751563828,12.682270260219,4.3141866444417,-1.3561365539892,2.3191837483446,10.879733059426,5.9238706075678,0.040197942372606,1.715775700159,-2.5294513657088,-1.1166700616537,0.82242101481107,1.5198623512035,-17.929916456926,-5.5498568306979,-0.77306957118814,-0.44672342440002,-32.374642091771,-0.72546516587539,0.13944132771814,-1.6906377486361,-13.764242741887,-2.1158978338702,0.55882834647058,-3.1729316391465,2.3801376702711,2.750648706968,-1.429835993738,-2.8974478431821,35.545705590007,4.6144950159212,1.2986177445612,-1.2978655860977,34.648932912288,1,-2.9511858868486,-1.9073761809165,33.825684091296,1,2.1707093375653,1.894624331082,38.070945255521,1,0.39936401557966,1.3146070935465,31.329083288097,1
0.495,0.014670169700346,-0.0021327462823675,0.4346128846065,0.027814027335332,-0.011325830067076,0.027895629169909,0.99915961654277,0.016684147387864,-0.059044769729216,-0.036765860438998,0.0031414634623641,-0.15178935692739,0.062966531784744,-0.12505553450533,-0.47517448321725,-0.16389055666983,11.971137504039,-3.1649003414886,-2.1492940202887,0.20486728564694,-0.3148799073394,-3.1593110375941,-1.748795760081,0.70704198207657,-1.2486806545815,-2.6818763826838,0.45543699423286,-1.270681870817,-1.8961035752328,3.3417303434419,3.4469300093472,-0.19440652422484,-0.61068149503278,6.835723722053,2.2179901644223,0.29113409236989,0.53420110643526,12.572875748724,4.2649447168985,-1.3444072034687,2.3720405598768,10.260666716492,5.8853495655622,0.04874295778195,1.7017823733209,-3.0671455764428,-1.2557480631175,0.82979389544598,1.4288354619334,-18.475228644213,-5.6234289212627,-0.77570699965623,-0.60805918162772,-32.14811274797,-0.75980778353513,0.13081959761416,-1.7573450551889,-12.913192425971,-1.9937355949136,0.54300086331793,-3.1565787683742,4.1594785623201,2.9806870079166,-1.4438713628469,-2.7152140387532,37.328525203489,4.7801748795007,1.2237963674277,-1.3437089875718,34.516847314188,1,-2.935256755225,-1.872027854243,33.952208120712,1,2.2268048973985,1.9294083394097,37.97756338227,1,0.31749059837804,1.2683759314035,31.368966975298,1
0.5,0.014711779206048,-0.0023410838641935,0.43444456186416,0.027830105462942,-0.011728531871437,0.028043769705078,0.99915037594488,0.01560722576129,-0.058847116824194,-0.037416132553615,1.2246467991474e-17,-0.14966453021446,0.061229349178414,-0.11814154580086,-0.47394977346983,-0.14581190002716,11.642305746112,-3.3370859295823,-2.0689081726414,0.20325349715248,-0.33061475143639,-3.1344243906765,-1.7155628817794,0.70076560597217,-1.2617593734589,-2.5493810880727,0.54771781059565,-1.2801195256805,-1.8787405905577,3.603062865177,3.5084326094048,-0.19737404408254,-0.57623949347388,6.9400676784495,2.2523954595992,0.29396176022743,0.59676347295535,12.449801631314,4.2108390435055,-1.3324213644848,2.4217678524019,9.6280631043995,5.8434954519059,0.057211304603429,1.6851122854212,-3.600015424216,-1.3921219543379,0.83670496653034,1.335166995449,-18.986384524271,-5.6799422786674,-0.77914798714035,-0.76808951386156,-31.852565533616,-0.78340435696818,0.12187510408262,-1.8197165686056,-12.030282156929,-1.8711214529372,0.5272773427768,-3.1313563346432,5.9271318775047,3.2008626249424,-1.4569737657577,-2.5243601262114,38.992836324323,4.9392668208833,1.1480502970953,-1.388925582549,34.385484754125,1,-2.917109761193,-1.8358062735892,34.080084242729,1,2.2812178968001,1.9632923272019,37.881049024321,1,0.23537728718354,1.2215531037424,31.4130806985,1
0.505,0.014750609547456,-0.0025486903903177,0.43427334343319,0.027839303663754,-0.012125699634813,0.028187822417389,0.99914132496221,0.014527355813921,-0.058631087593166,-0.038042027581656,-0.0031414634623641,-0.14746988875684,0.059483668568674,-0.11233894089853,-0.47248402950656,-0.12793259125049,11.296286091149,-3.5064520239568,-1.9897386313857,0.20156135056577,-0.34622213725317,-3.1083293634897,-1.6827467658247,0.69442549814354,-1.2741722231114,-2.415540406659,0.63801583951888,-1.2894671091687,-1.8600771035323,3.8619012737024,3.5686247652553,-0.20016807495762,-0.54129098558114,7.0383114138854,2.2852072301018,0.29710064490401,0.65867654576589,12.313181815732,4.1517221532271,-1.320194850389,2.4683000189024,8.9827568400024,5.7982371248264,0.065589662837152,1.6657916571112,-4.1272227494131,-1.5257239179445,0.84314145113609,1.239030122485,-19.462439091353,-5.7194849278621,-0.78338514628217,-0.92647085652462,-31.488634950631,-0.79630723859192,0.11262991534146,-1.8775984033536,-11.117690286854,-1.7485559095901,0.51170196583097,-3.0973352096092,7.678130747098,3.4113174423591,-1.4691016057018,-2.3254920177746,40.533355191604,5.0916613742571,1.0714367668405,-1.4334942786232,34.254991580809,1,-2.8967586165127,-1.798728335413,34.209169992818,1,2.3339072216341,1.9962604884292,37.781509706621,1,0.15308612632186,1.1741604522362,31.461375311381,1
0.51,0.014786653389228,-0.0027555010309674,0.4340993408646,0.027841610842365,-0.012517149995898,0.028327755997704,0.99913247565166,0.013444741541204,-0.058396749496085,-0.038643137744546,-0.0062821518156256,-0.14520645629965,0.057729732238023,-0.10768937807851,-0.47065964298886,-0.11045237783889,10.935235508649,-3.6741465840856,-1.9122877241605,0.19979149824152,-0.36169604784539,-3.0810360161636,-1.6502792513423,0.68802500446055,-1.2859126528965,-2.2804249702863,0.72626914959207,-1.2987181506945,-1.8401260334009,4.1180663958206,3.6274681336492,-0.20278616093663,-0.50586669059685,7.1303685735122,2.3163659432108,0.30054733121394,0.71987296188216,12.163164947784,4.0874466313575,-1.3077437920639,2.5115756678058,8.3255992992228,5.7495062360014,0.073864854027737,1.6438508781203,-4.6479382990923,-1.6565133037016,0.84909144973278,1.1406025772731,-19.902512233695,-5.742201327811,-0.78840938044501,-1.0828631852089,-31.057102311253,-0.7986026018219,0.10310684149605,-1.9308477510178,-10.177668399498,-1.62646682827,0.49631849720059,-3.0546109880704,9.4075550991317,3.6122574119853,-1.4802163798984,-2.1192410686767,41.945191053073,5.2372900890796,0.99401366538771,-1.4773942856169,34.125513174383,1,-2.874218698387,-1.7608113356413,34.339321558819,1,2.3848330601625,2.0282974442725,37.679056324166,1,0.070679294500835,1.1262200843668,31.513797009765,1
0.515,0.014819903922417,-0.0029614512049028,0.43392266752325,0.027837017672202,-0.012902702178732,0.028463540025731,0.99912383997821,0.012359587457012,-0.058144175710251,-0.039219071411363,-0.0094212901419285,-0.14287528867728,0.055967783614769,-0.10420395697026,-0.46836311586716,-0.093554736245411,10.561222546708,-3.8412839475529,-1.8369979197718,0.19794462249149,-0.37703051772597,-3.0525548708031,-1.6180955287285,0.68156750266056,-1.2969744670284,-2.1441060835258,0.8124184374543,-1.3078662464994,-1.8189011906989,4.3713809088374,3.6849276659189,-0.20522600075914,-0.46999774597335,7.2161582403934,2.3458041410379,0.30429806907559,0.78028613805998,11.999914249606,4.0178676523007,-1.2950846166417,2.5515377039816,7.6574574938012,5.6972382853378,0.082023861992912,1.619324459455,-5.1613430313307,-1.7844718685443,0.85454396218701,1.0400663289537,-20.305790360638,-5.7482881189948,-0.79420990324319,-1.236930745664,-30.558894060652,-0.79040859350529,0.093329378261179,-1.9793332326438,-9.2125357550593,-1.5052066622298,0.48117016236918,-3.0033037193591,11.110545483138,3.8039385027094,-1.4902828017902,-1.9062620727773,43.22386169201,5.3761197106529,0.91583949316813,-1.5206051252794,33.997193784456,1,-2.8495070378428,-1.7220729616022,34.470393941169,1,2.433956933127,2.0593882502964,37.573803018462,1,-0.011780942171412,1.0777543631117,31.570287391562,1
0.52,0.014850354865748,-0.0031664765995845,0.43374343851408,0.027825516607049,-0.013282178075131,0.028595144989351,0.99911542979486,0.011272098555007,-0.057873445107468,-0.039769453353991,-0.012558103905863,-0.1404774733209,0.054198067239247,-0.10186549639214,-0.46548713215096,-0.077405528807223,10.176203185845,-4.0089223093386,-1.7642503061794,0.19602143532144,-0.39221963516486,-3.0228969074318,-1.5861357741649,0.67505640056586,-1.3073518278474,-2.0066556860461,0.8964080240572,-1.3169050640859,-1.7964172676931,4.6216694633079,3.7409722897935,-0.20748544984061,-0.43371568000376,7.2956050066299,2.3734457552464,0.30834877759156,0.83985034324,11.823607342075,3.9428456328439,-1.282234025831,2.5881334040683,6.9792129274163,5.6413737403033,0.090053853296884,1.5922509791166,-5.6666294035084,-1.9095986105204,0.85948890809899,0.93760724515807,-20.671527906762,-5.7379901031919,-0.80077426169901,-1.3883427746184,-29.995079787979,-0.77187355414934,0.083321648991493,-2.022935222881,-8.2246735680219,-1.3850516804846,0.46629952612583,-2.9435575700184,12.782316724553,3.9866521615692,-1.4992689130698,-1.6872311837584,44.365307657121,5.5081459641959,0.83697331811769,-1.5631066408393,33.870176369397,1,-2.8226423068627,-1.6825312837744,34.602241114439,1,2.4812417228237,2.0895184034207,37.465867050363,1,-0.094232277234383,1.0287858965128,31.630783521835,1
0.525,0.014878000466814,-0.0033705131912555,0.43356177060708,0.027807101892041,-0.013655402325936,0.028722542303335,0.99910725682247,0.010182480269913,-0.057584642229411,-0.040293924991591,-0.015691819145569,-0.13801412875114,0.052420828729871,-0.10063134009671,-0.461932490661,-0.06215227858823,9.7820027164839,-4.1780439083646,-1.6943641966321,0.19402267815664,-0.40725754446816,-2.9920735597592,-1.554346458993,0.66849513428526,-1.3170392589013,-1.8681463146492,0.97818685552845,-1.3258283466011,-1.7726898282111,4.8687588044172,3.795575532583,-0.20956252215735,-0.39705238410895,7.368639039642,2.3992057298481,0.31269504948882,0.89850077006471,11.634436051552,3.8622489427789,-1.2692089738815,2.6213144860335,6.2917604326851,5.5818592006741,0.097942197436256,1.5626730214209,-6.1630026425057,-2.0319043789016,0.86391714543888,0.83341474838324,-20.999048710259,-5.7115965281621,-0.80808836297764,-1.5367742098859,-29.366869930088,-0.7431743332996,0.073108345163342,-2.061546145127,-7.2165191321184,-1.2662029454053,0.45174837296383,-2.8755404187147,14.418171370418,4.160710578955,-1.5071461851389,-1.4628437685108,45.36590515025,5.6333870645786,0.75747473104547,-1.6048790064068,33.744602437068,1,-2.7936448042764,-1.6422047473576,34.734716190019,1,2.5266517011489,2.1186738486856,37.355368669425,1,-0.17661241095356,0.97933752712989,31.695218002911,1
0.53,0.014902835503155,-0.003573497264935,0.4333777821612,0.027781769574111,-0.01402220240103,0.028845704327449,0.99909933262965,0.0090909384387137,-0.057277857261227,-0.040792144624216,-0.018821662663703,-0.13548640405639,0.050636314749054,-0.10043656514142,-0.45760989514469,-0.04792402928504,9.3803032474826,-4.3495380419552,-1.6275976033252,0.19194912155602,-0.42213844823556,-2.9600967107726,-1.5226813436208,0.66188716640076,-1.3260316478346,-1.72865106499,1.0577094840237,-1.3346299171677,-1.7477352968679,5.1124778919106,3.8487160754324,-0.21145539199231,-0.3600400848055,7.4351961435515,2.4229899547149,0.31733215591394,0.9561736053905,11.432606201172,3.7759566144447,-1.2560266452161,2.6510371728743,5.5960069905779,5.518648588786,0.10567648670675,1.5306371100167,-6.6496819948144,-2.1514064361568,0.86782048744818,0.72768146579501,-21.287747262999,-5.6694377197651,-0.81613650464272,-1.6819063882322,-28.675613172887,-0.7045147171442,0.062714665454985,-2.0950707369455,-6.190559806943,-1.1487887664007,0.43755758967189,-2.7994433845201,16.013512888589,4.3264320297077,-1.5138896096793,-1.2338121995219,46.222477531012,5.7518770687481,0.67740380060731,-1.6459027362224,33.620611887172,1,-2.7625364404231,-1.6011121636682,34.867671579762,1,2.5701525565951,2.1468409858081,37.242430979946,1,-0.25885909739377,0.92943232138553,31.763519049473,1
0.535,0.014924855283249,-0.0037753654343144,0.43319159304725,0.027749517511875,-0.014382408678119,0.028964604383898,0.99909166861272,0.0079976792617628,-0.056953186003371,-0.041263787655433,-0.021946862218209,-0.13289547835672,0.048844772968967,-0.10119747328687,-0.45244159943826,-0.034831733896221,8.9726362850718,-4.5241868857559,-1.5641483609274,0.18980156491511,-0.43685660959539,-2.926978688156,-1.4911021768991,0.65523598414023,-1.3343242490872,-1.5882435530017,1.1349370084984,-1.3433036831602,-1.7215709476963,5.3526580184917,3.9003782321332,-0.21316239553975,-0.32271131537903,7.4952178156092,2.4446954997929,0.32225505157817,1.012806099718,11.218337386905,3.6838609996188,-1.2427044317581,2.6772622503736,4.8928705338055,5.4517043453948,0.11324455571949,1.4961936347078,-7.1259019545977,-2.2681231346512,0.87119171777512,0.62060287310598,-21.537089829963,-5.6118820750646,-0.8249014083674,-1.8234277295039,-27.922793555883,-0.65612397558379,0.052166253575383,-2.1234262851011,-5.1493268810364,-1.0328683463669,0.42376705044768,-2.7154802898941,17.563858583377,4.4841265377216,-1.5194777780476,-1.0008635932758,46.932305401812,5.8636591825843,0.59682102791824,-1.6861586937466,33.498342855394,1,-2.7293407205959,-1.5592727013645,35.000959160415,1,2.611711420177,2.1740066755262,37.127179803814,1,-0.34091019145176,0.87909355880486,31.835610568528,1
0.54,0.014944055647394,-0.0039760546615509,0.4330033245698,0.027710345384958,-0.01473585452021,0.029079216774115,0.99908427597576,0.0069029092638339,-0.056610729841692,-0.041708546803805,-0.025066646712861,-0.13024256025392,0.047046452037169,-0.1028152560424,-0.44636290395832,-0.02296909620138,8.560379710232,-4.7026539768228,-1.5041557369965,0.1875808361579,-0.45140635441628,-2.8927322595376,-1.4595791299977,0.6485450975371,-1.3419126863984,-1.4469978760464,1.2098379600251,-1.3518436404216,-1.6942148921896,5.5891329266043,3.9505523493246,-0.2146820323678,-0.2850988872879,7.5486512976173,2.464211129278,0.32745838024687,1.068336635465,10.991862738622,3.5858703304304,-1.2292599099863,2.699955118837,4.1832787357572,5.3809986119776,0.12063450053614,1.4593967721947,-7.5909134677668,-2.3820688535248,0.87402460381599,0.51237693318739,-21.746615436002,-5.5393334038225,-0.8343642570287,-1.9610344055514,-27.11002728614,-0.59825552714281,0.041489134994996,-2.146542829633,-4.0953893265876,-0.91843634878813,0.41041550485677,-2.623887059871,19.064852191321,4.6340820863067,-1.5238929492427,-0.76473750184545,47.493135241232,5.9687791291286,0.51578730083823,-1.7256281005861,33.377931559505,1,-2.6940827272818,-1.516705877505,35.134430438635,1,2.6512968902661,2.2001582457278,37.009743540331,1,-0.42270369581274,0.82834472115643,31.911412244186,1
0.545,0.014960432968501,-0.0041755022769529,0.43281309938818,0.027664254702737,-0.015082376351784,0.029189516794862,0.99907716571074,0.005806835255106,-0.05625059571577,-0.042126132303087,-0.028180246387516,-0.12752888726765,0.045241601542093,-0.10517973726647,-0.43932349602707,-0.012413774067955,8.1447584263122,-4.8854751258291,-1.4477024267688,0.18528779141758,-0.46578207349463,-2.8573706275674,-1.4280909986685,0.641818037578,-1.3487929551165,-1.3049885738116,1.2823891207372,-1.3602438774204,-1.6656860667644,5.8217389235196,3.9992351276674,-0.21601296673727,-0.24723586132244,7.5954496223037,2.4814180666741,0.33293648056721,1.1227047940081,10.753428666454,3.4819111498278,-1.2157108177451,2.7190858387414,3.4681677865881,5.306514381578,0.12783469739277,1.4203044008583,-8.0439851101801,-2.4932493208624,0.87631390823771,0.40320373008285,-21.915936718061,-5.4522285838504,-0.84450473510549,-2.0944309925086,-26.239059268486,-0.53118571260871,0.030709652734691,-2.1643633364633,-3.0313474611614,-0.80542813977604,0.39754046895145,-2.5249210591421,20.512276121708,4.7765515718596,-1.5271211062286,-0.52618356500414,47.903186558388,6.0672786811686,0.4343638479657,-1.7642925452538,33.259512147607,1,-2.6567891012092,-1.4734315484439,35.267936716424,1,2.6888790563186,2.2252834973622,36.890253023168,1,-0.50417780779515,0.77720948149849,31.990839627139,1
0.55,0.014973984152771,-0.0043736459985498,0.43262104143649,0.027611248812506,-0.015421813733601,0.02929548075363,0.99907034857791,0.0047096642920951,-0.055872896085528,-0.04251627209101,-0.031286893008046,-0.12475572525821,0.043430471978412,-0.10817311207537,-0.43128862093304,-0.0032288437078261,7.7268479429538,-5.0730514629568,-1.3948168903101,0.18292331470656,-0.47997822471708,-2.8209074248277,-1.3966252095952,0.63505835433935,-1.354961424312,-1.1622905889735,1.3525762693614,-1.3684985793421,-1.6360042196524,6.0503149946478,4.0464298656304,-0.21715402877573,-0.2091555185449,7.6355716546056,2.4961909760191,0.33868339222788,1.1758514214195,10.503294592685,3.371930585871,-1.2020750308426,2.7346291702352,2.7484811580689,5.2282466019615,0.13483382098313,1.3789780097228,-8.4844042381121,-2.6016574244731,0.87805539866044,0.29328509910051,-22.044740641328,-5.3510354788556,-0.85530107229329,-2.2233311050302,-25.311759359432,-0.4552126624254,0.019854402371161,-2.1768438381131,-1.9598265320893,-0.69372549677948,0.38517811985575,-2.4188603688954,21.902063307429,4.9117406757742,-1.5291520004349,-0.28595913031153,48.161157545526,6.1591894581409,0.35261219237351,-1.8021339917573,33.143216548678,1,-2.6174880212184,-1.429469900569,35.401329256794,1,2.7244295214752,2.2493707101306,36.768841374602,1,-0.58527096604838,0.72571169313616,32.073804228739,1
0.555,0.014984706640285,-0.0045704239515409,0.43242727584296,0.027551332907041,-0.015754009436138,0.029397085983313,0.99906383508634,0.0036116036385405,-0.055477748896107,-0.042878711986536,-0.034385820055882,-0.12192436783604,0.041613314712265,-0.11167361577658,-0.42224006394479,0.0045355805748318,7.3075802000604,-5.2656442910422,-1.3454760453125,0.18048831757561,-0.49398933519709,-2.7833567085773,-1.3651776656264,0.62826961511387,-1.3604148386941,-1.018979227647,1.420394849388,-1.3766020321145,-1.6051898972303,6.2747029149954,4.0921466288853,-0.21810421550585,-0.17089133103596,7.668982127826,2.5083991217139,0.34469286244406,1.2277186928284,10.241732669496,3.2558984520901,-1.1883705394661,2.7465646064384,2.0251683588298,5.1462032167238,0.14162086227234,1.3354826017383,-8.9114781091821,-2.70726959263,0.87924585548226,0.18282425366751,-22.13278907796,-5.23625105614,-0.8667300902423,-2.347458011124,-24.330118352825,-0.37065523874298,0.0089501664192474,-2.1839535421817,-0.88347023935276,-0.58316261995461,0.37336319411251,-2.306003005445,23.230308632899,5.0397968099745,-1.5299791842934,-0.044826848729527,48.266229210932,6.2445600425441,0.27059410512258,-1.8391347880122,33.029174325593,1,-2.5762091829698,-1.384841440885,35.534459449468,1,2.7579214240175,2.2724086479529,36.645643857209,1,-0.66592189706818,0.67387537849438,32.160213619586,1
0.56,0.014992598405486,-0.0047657746876174,0.43223192884831,0.027484514031566,-0.016078809511599,0.029494310856152,0.99905763547468,0.0025128607262503,-0.055065277541039,-0.043213215855462,-0.037476262917145,-0.11903613575826,0.039790381946377,-0.1155590703579,-0.41217691658554,0.010840675991923,6.8877510081175,-5.4633714169933,-1.299608374447,0.17798373876249,-0.50781000338488,-2.7447329553322,-1.3337524615615,0.62145540252803,-1.3651503203282,-0.87513011964487,1.485850558062,-1.3845486263633,-1.5732644297972,6.4947473586918,4.1364023489804,-0.21886269172699,-0.1324769324732,7.6956516746334,2.5179076692695,0.35095835276058,1.2782501753351,9.9690274828549,3.1338091628048,-1.1746154244474,2.7548764004977,1.2991836816396,5.0604061319195,0.14818514581323,1.2898865915366,-9.3245349719806,-2.8100428049298,0.8798830778314,0.072025409636633,-22.17991924732,-5.1083997611198,-0.87876725231836,-2.4665452262596,-23.296243705873,-0.27785203060828,-0.0019761517469786,-2.1856749073183,0.19506578706135,-0.47353232929841,0.36212889007837,-2.1866660828451,24.493279906908,5.1607992754666,-1.5296000317075,0.19644774659898,48.218067979021,6.5812858097071,0.18837155858794,-1.8752776740761,32.917512530781,1,-2.532983776506,-1.3395669874475,35.667178976447,1,2.7893294576648,2.29438656421,36.520797723171,1,-0.74606966149456,0.62172471791214,32.249971532504,1
0.565,0.014997657957561,-0.0049596372041505,0.43203512772362,0.027410801090109,-0.016396063364489,0.029587134796928,0.99905175969229,0.0014136431159163,-0.054635610823712,-0.04351956576426,-0.040557459071303,-0.1160923763126,0.037961926685051,-0.11971026772403,-0.40111609425198,0.015657289673713,6.4680285793182,-5.6662046549407,-1.2570975386799,0.17541054383,-0.52143490114975,-2.7050510552844,-1.3023614973519,0.61461931265139,-1.3691653701552,-0.7308191785653,1.548959855527,-1.3923328612947,-1.5402499168094,6.7102960065091,4.1792208550426,-0.21942879074932,-0.093946088567591,7.7155568528748,2.5245790929776,0.35747304616595,1.3273908894123,9.685475742884,3.0056834572625,-1.1608278334079,2.7595535863624,0.57148494437215,4.9708920975865,0.15451634653786,1.2422616978206,-9.7229251226769,-2.9099122737034,0.87996588763517,-0.038906592260222,-22.186044016926,-5.1939368955397,-0.89138671627996,-2.5803370854757,-22.212355014705,-0.17716037992909,-0.012897594271306,-2.1820036865008,1.2731205392384,-0.3645923771275,0.35150677464086,-2.0611849218419,25.687428349573,5.2747507609292,-1.5280157463895,0.43709867072144,48.01682674935,6.6534336717263,0.10600667963286,-1.9105457902006,32.808355564679,1,-2.4878444626853,-1.293667659652,35.799339977246,1,2.8186298906949,2.3152942067556,36.394442061363,1,-0.82565370015717,0.56928403836288,32.342977969784,1
0.57,0.014999884340722,-0.0051519509632415,0.43183700068731,0.027330204851239,-0.016705623820709,0.029675538295379,0.99904621738057,0.0003141584579045,-0.054188882917153,-0.043797562122063,-0.043628648279308,-0.11309446268892,0.036128202699057,-0.12401415768303,-0.38909256760494,0.018964455702757,6.0489627382705,-5.8739682375315,-1.2177866050096,0.17276972479376,-0.53485877583426,-2.6643263065618,-1.2710240096851,0.60776495309879,-1.3724578693097,-0.58612256172994,1.6097503936418,-1.3999493485033,-1.5061692115825,6.9211996513005,4.2206328418432,-0.21980201497984,-0.055332667383891,7.728680166181,2.528277681744,0.36422985450945,1.3750873687237,9.3913859610275,2.8715699294655,-1.1470259568156,2.7605899932516,-0.15696777367695,4.8777134951083,0.16060450599807,1.1926828305571,-10.10602192695,-3.0067898185228,0.87949413179792,-0.14976666511392,-22.151152063535,-5.0417197148077,-0.90456138975818,-2.6885892922603,-21.080779249177,-0.068955416330523,-0.023787215326907,-2.1729489375145,2.3480341966832,-0.25607184843546,0.34152669451964,-1.9299121076676,26.809398563936,5.3815702991863,-1.5252313580388,0.67636191868143,47.663144411204,6.7189083170474,0.023561702666136,-1.9449226846951,32.701825037138,1,-2.4408253485024,-1.2471648683823,35.930795213625,1,2.8458005838765,2.3351218226998,36.266717642399,1,-0.90461387983348,0.51657780210664,32.439129314594,1
0.575,0.01499927713439,-0.0053426559106256,0.43163767682168,0.027242737953178,-0.017007347195148,0.029759502917849,0.99904101785476,-0.00078538554697197,-0.053725233322122,-0.044047023810708,-0.046689072771181,-0.11004379333863,0.034289464490408,-0.12836681429215,-0.37615926786716,0.020748127590435,5.6309945225327,-6.0863379301771,-1.1814829975491,0.1700622997398,-0.54807645227918,-2.6225744093302,-1.2397660365151,0.60089594112657,-1.3750260802386,-0.44111662999342,1.6682613633323,-1.4073928157023,-1.471045905472,7.1273123012846,4.2606757767967,-0.21998203635974,-0.016670609571124,7.735010079346,2.5355332074525,0.37122142621318,1.4212877182969,9.0870781143852,2.7315463615679,-1.1332280039863,2.7579842537962,-0.8852133984582,4.7809390225761,0.16644004802923,1.1412279731497,-10.47322280563,-3.1005629404632,0.8784686824841,-0.26034985499504,-22.075307894076,-4.8780613555333,-0.91826298842058,-2.791069443024,-19.903945757176,0.046370919432119,-0.034618147598176,-2.158533000604,3.4171546887372,-0.14767765881507,0.33221669240127,-1.7932164993228,27.856037964182,5.4810877926697,-1.5212557063742,0.91347789103841,47.158143815286,6.7776135457798,-0.058901077381885,-1.9783923216017,32.598039631939,1,-2.3919619613181,-1.2000803060225,36.061398233624,1,2.8708210071966,2.3538601629576,36.137766761803,1,-0.98289053868508,0.46363059527898,32.538318446417,1
0.58,0.01499583645327,-0.0055316924944255,0.43143728598875,0.027148414908277,-0.017301093357745,0.029839011318136,0.99903617008602,-0.0018847811866888,-0.053244806823557,-0.044267788302729,-0.049737977432971,-0.10694179132237,0.032445967257042,-0.1326761565607,-0.36238662687908,0.02100018740807,5.2144660035808,-6.3028407116783,-1.1479642648563,0.16728931243201,-0.56108283481864,-2.5798114597409,-1.2086198227367,0.59401590172359,-1.3768686476181,-0.29587790744537,1.7245437579886,-1.4146581103725,-1.434904311543,7.3284912811035,4.2993937474582,-0.21996869665279,0.022006101470782,7.734541028466,2.7178362989886,0.37844015427079,1.4659416709863,8.7728832975692,2.5857208577995,-1.1194521790586,2.7517398058427,-1.6122911291475,4.6806542711219,0.17201379381274,1.087978059777,-10.823950182507,-3.1910945888368,0.87689143550577,-0.37045171986496,-21.958651726395,-4.7036726748495,-0.93246209669398,-2.8875575260407,-18.684381049113,0.16841088153538,-0.045363668568858,-2.1387914433546,4.4778442378748,-0.039101189301517,0.32360292814298,-1.6514821931324,28.824405633977,5.5730402136224,-1.5161014130701,1.147693805401,46.503428208954,6.8294166792675,-0.14131935212893,-2.0109390881752,32.497114974571,1,-2.341291222015,-1.1524359363387,36.191003534722,1,2.8936722553734,2.3715004865638,36.007733081475,1,-1.0604245313378,0.41046711642215,32.640434860392,1
0.585,0.014989562947333,-0.0057190016837477,0.4312359587457,0.027047252106854,-0.017586725797981,0.029914047247541,0.99903168268401,-0.0029838207772491,-0.052747753445358,-0.04445971176725,-0.052774609993075,-0.10378990364617,0.030597966857398,-0.13686439898247,-0.34786171693261,0.019717775499557,4.7996302707486,-6.5228549584154,-1.1169847251016,0.16445183190977,-0.57387290924458,-2.5360539437248,-1.177623169366,0.58712846569824,-1.3779845990687,-0.15048304102627,1.7786605485734,-1.4217402033297,-1.39776944774,7.5245973305863,4.3368372500041,-0.21976200758439,0.060663469461919,7.7272734258301,2.7141318993988,0.3858781845241,1.5090006421651,8.4491433624646,2.4342327732611,-1.1057166569773,2.7418648879175,-2.3372417057658,4.5769621855762,0.17731697631357,1.0330168480903,-11.15765239281,-3.2782236009616,0.8747653068178,-0.47986870754064,-21.801399230023,-4.5191885930591,-0.94712823091596,-2.9778463937843,-17.424703373838,0.2967419698884,-0.055997266452931,-2.1137729729388,5.5274858677355,0.069974881508016,0.315709605267,-1.5051074434867,29.711780590053,5.6570695795298,-1.5097848416855,1.3782660863183,45.701076146322,6.8741468250362,-0.22363084682067,-2.0425478021665,32.399163503416,1,-2.2888514170998,-1.1042539842326,36.319466725939,1,2.9143370621407,2.3880345647505,35.876761469645,1,-1.1371572735715,0.35711216496393,32.745364790422,1
0.59,0.014980457801689,-0.0059045249871159,0.4310338262598,0.026939267820387,-0.017864111687799,0.029984595564104,0.99902756387988,-0.0040822967019161,-0.052234228403539,-0.04462266916369,-0.055798221207846,-0.10058960058649,0.028745719774911,-0.14087020451151,-0.33268696324103,0.016902966595871,4.3866616179793,-6.745611143541,-1.0882830062962,0.16155095207585,-0.58644174473983,-2.4913187306375,-1.1468187237058,0.58023726776231,-1.3783733456685,-0.0050087600785416,1.8306867639748,-1.4286341922054,-1.359667019569,7.7154947011471,4.3730629181229,-0.21936215083132,0.099267515124642,7.7132136595578,2.7045676078684,0.39352742420859,1.5504177825867,8.1162105462859,2.2772534279863,-1.092039559514,2.7283725283572,-3.0591086747656,4.4699834027757,0.18234125407007,0.97643078746974,-11.473804550924,-3.3617657849201,0.87209422712684,-0.5883985320142,-21.603841127455,-4.3252602403102,-0.96222990477932,-3.0617422076479,-16.127617097587,0.43092803797066,-0.066492705605562,-2.0835393159434,6.5634898598342,0.17986947616308,0.30855890295192,-1.3545035437993,30.515669427803,5.7327227976964,-1.5023260457144,1.6044627259407,44.753634889384,6.9115941105536,-0.30577336738515,-2.0732037189044,32.304294344479,1,-2.2346821697749,-1.0555569253749,36.446644688699,1,2.9327998132944,2.4034546847855,35.744997839477,1,-1.2130307865862,0.30359062964921,32.852991335923,1
0.595,0.01496852273637,-0.006088204470737,0.43083102022294,0.026824482204048,-0.018133121942894,0.030050642241009,0.99902382150977,-0.005180001450434,-0.051704392057759,-0.044756554323232,-0.058808065046461,-0.097342375004332,0.026889483082408,-0.14465050820346,-0.31697841337144,0.012562800026469,3.9756660507535,-6.9701931332457,-1.0615904444487,0.15858779127464,-0.59878449577906,-2.4456230667551,-1.1162532043803,0.57334594461289,-1.3780346822639,0.14046816414592,1.8807094679461,-1.4353353048407,-1.3206234023038,7.9010512497534,4.4081331908359,-0.21876947786197,0.13778430605088,7.6923740879839,2.6913690571487,0.40137955075857,1.5901480293578,7.7744470883338,2.114986591867,-1.0784389313587,2.7112805281204,-3.7769396509143,4.3598564604843,0.18707872431437,0.91830888304676,-11.771909376001,-3.4415156059639,0.8688831346245,-0.6958405474317,-21.366342656675,-4.1225526249342,-0.97773469692921,-3.1390648540907,-14.795906898062,0.5705204670673,-0.076824091252755,-2.0481650660756,7.5833001430198,0.29089567441531,0.30217091371214,-1.2000936708285,31.233813327416,5.7994534635722,-1.4937487049209,1.8255656079575,43.664112321108,6.9415099463342,-0.38768484742625,-2.1028925381735,32.212613189818,1,-2.1788244099987,-1.0063674757207,36.572395736277,1,2.9490465584904,2.41775365357,35.612588986506,1,-1.2879877408104,0.24992747693009,32.963194592059,1
0.6,0.014953760005997,-0.0062699827765914,0.43062767276582,0.026702917298582,-0.018393631282373,0.030112174374165,0.99902046299886,-0.0062767276582276,-0.051158409861246,-0.044861280017991,-0.061803398874989,-0.094049741648871,0.025029514406437,-0.14818197477245,-0.30086356276824,0.0067096542872349,3.5666922842911,-7.1955402256986,-1.0366402419016,0.15556349186104,-0.61089640399678,-2.3989845686259,-1.0859765530932,0.56645813301313,-1.3769687875781,0.28587095900027,1.9288276219268,-1.4418389025895,-1.2806656227284,8.0811385303978,4.4421159170996,-0.21798450962747,0.17617998652824,7.6647730287962,2.67442430191,0.40942602086231,1.6281481549678,7.4242248358703,1.9476687209255,-1.0649327163126,2.6906114373021,-4.4897875738111,4.2467378692919,0.19152193540277,0.8587425557063,-12.051497974132,-3.5172484290205,0.8651379658577,-0.80199611903963,-21.089342895916,-3.9117421340948,-0.99360932056755,-3.2096483313182,-13.432431786083,0.71505941352289,-0.086965933379986,-2.0077375001223,8.5844005999179,0.40335286177679,0.29656358694063,-1.0423116956068,31.864194400857,5.8566256839988,-1.4840800501617,2.040872787432,42.435967396182,6.9636083661346,-0.46930339512069,-2.1316004108852,32.124222179789,1,-2.1213203435596,-0.95670858091272,36.69657977165,1,2.9630650217854,2.4309248009942,35.479682425101,1,-1.3619714992186,0.19614773931961,33.075851783326,1
0.605,0.01493617239936,-0.0064498031403449,0.43042391637191,0.026574597031518,-0.018645518286739,0.030169180188944,0.99901749534588,-0.0073722681455755,-0.050596452309129,-0.044936778017843,-0.06478348363963,-0.090713236450881,0.023166071891504,-0.15146204878756,-0.28447875308258,-0.00063805992050447,3.1597434310752,-7.4204501318484,-1.0131772253227,0.15247921976004,-0.62277280002181,-2.3514212162787,-1.0560410046418,0.55957746787304,-1.3751762241165,0.43112289095802,1.9751518213495,-1.4481404835294,-1.2398213404284,8.2556318830113,4.4750838946882,-0.21700793610376,0.21442080729869,7.6304347429338,2.6536303622054,0.4176580797574,1.6643768143217,7.0659248395389,1.7755689206103,-1.0515387336144,2.6663925253821,-5.1967119573777,4.1308020391718,0.19566389853658,0.79782549828951,-12.312130575881,-3.5887232625382,0.86086564475348,-0.90666899041335,-20.773353951906,-3.6935138817607,-1.0098196949155,-3.2733411056671,-12.040118967657,0.86407513321561,-0.096893209622211,-1.962356362617,9.5643212747981,0.51751842468127,0.29175267847352,-0.8816009643219,32.40504136186,5.9035199777828,-1.4733507769358,2.249700719296,41.073099159722,6.9775684766921,-0.55056733998311,-2.159313945538,32.039219789259,1,-2.0622134201857,-0.90660340557843,36.819058443573,1,2.9748446109127,2.4429619830486,35.346426224117,1,-1.4349261601267,0.14227650371477,33.190837400334,1
0.61,0.014915763238887,-0.0066276094090743,0.43021988379109,0.026439547217706,-0.018888665454196,0.030221649046073,0.99901492510834,-0.0084664159567476,-0.0500186948852,-0.044982999134881,-0.067747584049058,-0.087334415806245,0.021299414164248,-0.15450955318314,-0.26796617961088,-0.0094549284402329,2.7547895740286,-7.6435831386257,-0.99096798215723,0.14933616401725,-0.63440910527741,-2.3029513462913,-1.0265000682176,0.55270758033122,-1.3726579378699,0.57614730610767,2.0198038918736,-1.4542356855783,-1.1981188286446,8.4244105197553,4.5071143408839,-0.2158406156851,0.25247315522368,7.5893894132623,2.6288959796413,0.42606677075613,1.6987945897244,6.6999369387725,1.5989886078964,-1.0382746544304,2.638655745248,-5.8967801306756,4.0122410517706,0.1994980987549,0.73565352822278,-12.553397228008,-3.6556859426115,0.85607406981827,-1.0096656462886,-20.418960013112,-3.4685589287997,-1.0263310183807,-3.3300064369284,-10.621957559646,1.017089385423,-0.10658142700005,-1.9121336197466,10.520644467549,0.63363897547274,0.28775170631834,-0.7184130525732,32.854834503006,5.9393412809332,-1.4615949479335,2.4513864284311,39.579834368798,6.9830380316649,-0.63141527946392,-2.1860202144638,31.95770071789,1,-2.0015483007138,-0.85607532252372,36.939695300719,1,2.9843764252852,2.4538595846901,35.212968841937,1,-1.5067965994301,0.088338899694052,33.308023339635,1
0.615,0.014892536380022,-0.0068033460588028,0.43001570795317,0.026297795559185,-0.019122959255227,0.030269571446675,0.99901275838824,-0.0095589643991006,-0.049425318007114,-0.044999913255458,-0.070694968755851,-0.083914855849938,0.01942980029755,-0.15736479113328,-0.2514705647538,-0.019707336698441,2.3517813904885,-7.8634677224428,-0.96981109991333,0.14613553634048,-0.6458008337464,-2.2535936447212,-0.9974074162953,0.5458520958386,-1.3694152578154,0.72086767060532,2.0629163315303,-1.4601202895137,-1.1555869547016,8.5873576086335,4.5382882929533,-0.21448357442956,0.29030358282961,7.541673118044,2.6001433730137,0.43464294499064,1.7313640337681,6.3266593376376,1.4182608415925,-1.0251579785406,2.6074376910383,-6.589068468413,3.8912642691614,0.20301850518209,0.67232443680494,-12.774918438287,-3.7178726910248,0.85077209953542,-1.1107956703253,-20.026816269705,-3.2375714080288,-1.0431078432715,-3.3795226719111,-9.1809921725141,1.1736169166395,-0.11600668234988,-1.8571931831031,11.451010698725,0.75192112935577,0.28457191267021,-0.55320649650488,33.212309965897,5.9632290519086,-1.4488498848965,2.6452896144435,37.960913756095,6.9796381242215,-0.7117861253447,-2.2117067598589,31.879755784644,1,-1.9393708233446,-0.80514790183041,37.058355943692,1,2.9916532627212,2.4636125224611,35.079458961077,1,-1.5775285122558,0.034360087795157,33.427279046442,1
0.62,0.01486649621049,-0.006976958211838,0.42981152188133,0.026149371644358,-0.01934829018544,0.030312939036457,0.99901100081855,-0.010649707082124,-0.048816506970047,-0.04498750935981,-0.073624910536936,-0.080456151720802,0.017557489774567,-0.16008910894491,-0.23513557489653,-0.031352109376439,1.9506649319219,-8.0785078928859,-0.94954718820293,0.14287857063264,-0.6569435937006,-2.203367139902,-0.96881568236117,0.53901463224517,-1.3654498952151,0.86520761106398,2.1046315851454,-1.4657902218933,-1.1122551600254,8.7443603543653,4.568689937288,-0.21293800515715,0.3278788377077,7.4873277992248,2.5673100295367,0.44337727136704,1.7620497100764,5.9464981715787,1.2337492899258,-1.0122060112505,2.5727795498622,-7.2726636095167,3.7680977699007,0.20621958051386,0.60793783538971,-12.976345772418,-3.7750139766665,0.84496953598801,-1.209872097142,-19.597647702276,-3.0012455931975,-1.0601141518988,-3.4217835056163,-7.7203163739409,1.3331670237051,-0.12514572129867,-1.7976706039646,12.353124530952,0.87252190336019,0.28222223232279,-0.38644550438096,33.47646329243,5.9742694330852,-1.4351560501308,2.8307946844545,36.2214769793,6.9669689702608,-0.79161914989612,-2.2363615995951,31.805471826594,1,-1.8757279690071,-0.75384489986124,37.174908174763,1,2.9966696248859,2.4722162468613,34.94604532254,1,-1.6470684539944,-0.019634752221779,33.548471660075,1
0.625,0.014837647649472,-0.0071483916539092,0.42960745860538,0.025994306946488,-0.019564552816649,0.030351744609035,0.99900965755024,-0.011738437956429,-0.048192451888839,-0.044945795529233,-0.076536686473018,-0.076959916817451,0.01568274245273,-0.16276388404631,-0.21910007724457,-0.044335056359319,1.5513975768853,-8.2869925421217,-0.93006833212125,0.139566522516,-0.66783308939393,-2.1522911951073,-0.94077517511477,0.53219879789074,-1.3607639427126,1.0090909548581,2.1451011387481,-1.471241557875,-1.0681534397634,8.895310076465,4.5984058674541,-0.2112052664013,0.36516589174238,7.4264012255684,2.5303505182059,0.45226024671796,1.7908182318595,5.5598670655324,1.0458468066431,-0.99943584055952,2.5347270474606,-7.9466636621628,3.6429836039659,0.20909628972696,0.54259499870544,-13.157362402085,-3.8268386068666,0.8386771067371,-1.3067117579705,-19.132247741518,-2.7602729550518,-1.0773134339014,-3.4566982094598,-6.243066047329,1.4952451947853,-0.13397599563813,-1.7337127388572,13.224760232324,0.99553886300335,0.28070926756269,-0.21859865222226,33.646552247187,5.9715093786553,-1.4205569180493,3.0073127074493,34.367046304009,6.9446167298037,-0.87085403176339,-2.2599732328086,31.734931602189,1,-1.8106678258607,-0.70219024817823,37.289222145148,1,2.9994217214462,2.4796667444691,34.812876560108,1,-1.7153638806828,-0.073620433119909,33.67146616198,1
0.63,0.014805996146675,-0.0073175928510969,0.42940365107514,0.025832634821501,-0.019771645846174,0.030385982108404,0.99900873324012,-0.012824951352671,-0.047553347638619,-0.044874798940818,-0.079429578126956,-0.073427782045664,0.013805818527668,-0.16548891270791,-0.20349434965962,-0.058589499282876,1.1539650634379,-8.4871070541231,-0.91132660963999,0.13620066884816,-0.67846512271852,-2.1003855010862,-0.91333252427985,0.52540818970073,-1.3553598732293,1.1524417703223,2.1844844240783,-1.4764705239334,-1.0233123220211,9.0401022844727,4.6275242732155,-0.20928688121479,0.40213197014252,7.3589469506682,2.4892382998476,0.46128220614217,1.8176382982401,5.1671866838935,0.85497359182355,-0.98686431461633,2.4933303878777,-8.6101793936749,3.5161788596681,0.21164410799888,0.47639870555841,-13.317683603299,-3.8730779737963,0.831906444989,-1.4011356192912,-18.631476801358,-2.5153392497782,-1.0946687646293,-3.4841918260552,-4.7524126594645,1.6593548262482,-0.14247571895655,-1.6654773872249,14.063767267814,1.121000203722,0.28003726961797,-0.050137567170635,33.722098903019,5.9539836485742,-1.4050988371516,3.1742832839824,32.403509071948,6.9121612880367,-0.94943090154476,-2.2825306452657,31.668213699048,1,-1.7442395529595,-0.65020804237914,37.401170499667,1,2.9999074729344,2.4859605398145,34.680101034751,1,-1.7823631887061,-0.12757177193488,33.796125526152,1
0.635,0.014771547681305,-0.0074845089665497,0.42920023207382,0.025664390505089,-0.019969472144331,0.030415646630538,0.99900823203932,-0.013909042020406,-0.04689939379396,-0.044774565849746,-0.082302871721022,-0.069861395057606,0.011926978497102,-0.16838018684971,-0.18843636920337,-0.074034855058244,0.75839937712015,-8.6769473889776,-0.89334130657306,0.13278230722979,-0.68883559482313,-2.0476700684717,-0.88652928132392,0.5186463912879,-1.3492405386588,1.2951844068226,2.2229475268166,-1.4814735004721,-0.9777628467297,9.1786367502846,4.6561340648421,-0.20718453583096,0.43874458025,7.285024265874,2.4439674955532,0.47043333352029,1.8424807283095,4.7688842728208,0.66157492150083,-0.97450801949034,2.4486441872257,-9.2623354037212,3.3879545380424,0.21385902782499,0.4094530771704,-13.457057204244,-3.9134703812667,0.82467006808828,-1.4929691138239,-18.096260688259,-2.2671216852544,-1.1121428844154,-3.5042053301375,-3.2515564517854,1.8249990132437,-0.15062392039116,-1.5931329021001,14.86807560517,1.2488550185545,0.28020812671271,0.11846439771995,33.702890983955,6.1706771795907,-1.3888308828796,3.3311763253016,30.337099010178,6.8691848903321,-1.0272903870285,-2.3040233144998,31.60539244641,1,-1.6764933431082,-0.59792253085751,37.510628518635,1,2.9981265123195,2.4910946970002,34.547866669339,1,-1.8480157537887,-0.18146360172206,33.922310871792,1
0.64,0.01473430876093,-0.0076490878769843,0.42899733413149,0.025489611109121,-0.020157938800099,0.03044073442414,0.99900815758259,-0.014990505166858,-0.046230794566547,-0.044645161559152,-0.085155858313015,-0.066262419483242,0.01004648312469,-0.17156706785202,-0.17402831282238,-0.090575352259834,0.36479712863156,-8.8545368013354,-0.87620448070298,0.12931275550434,-0.69894050769335,-1.9941652200667,-0.86040050668758,0.51191697106123,-1.3424091683622,1.4372435346799,2.2606616968087,-1.4862470243292,-0.93153654416019,9.3108175775332,4.6843239396342,-0.20490007818155,0.47497154010036,7.2046981481764,2.3945545620382,0.47970367219491,1.8653184928773,4.3653931953833,0.46611844096758,-0.96238325728915,2.4007274016272,-9.9022712792619,3.2585942335765,0.215737565322,0.34186341340473,-13.575263981928,-3.9477653791422,0.81698135437614,-1.5820424632609,-17.527588889623,-2.0162862086398,-1.1296982785682,-3.5166957552832,-1.7437195698736,1.9916824117175,-0.15840049636823,-1.5168577747367,15.635700822176,1.3789640673996,0.28122135876141,0.28673349354216,33.588982461672,6.1206544462125,-1.3718047018152,3.4774937362443,28.174376440604,6.8152814979536,-1.104373658054,-2.3244412147206,31.546537832326,1,-1.607480384937,-0.54535810349136,37.617474256802,1,2.9940801852848,2.4950668210707,34.416320783847,1,-1.9122719692461,-0.23527078329629,34.049881618033,1
0.645,0.014694286420261,-0.0078112781889614,0.42879508943872,0.025308335617338,-0.020336957164938,0.030461242890516,0.9990085129783,-0.016069136495612,-0.045547758741418,-0.044486670377577,-0.087987833971183,-0.062632534154293,0.0081645934038323,-0.17518888705678,-0.16035340551231,-0.10809895333364,-0.026662089801441,-9.0178452790276,-0.86008456117402,0.12579335125007,-0.70877596569291,-1.9398915830086,-0.83497338294234,0.50522348034272,-1.3348693674636,1.5785441849237,2.2978016643071,-1.4907877911747,-0.88466541309694,9.4365532679682,4.7121814005009,-0.20243551627241,0.51078100671018,7.1180392030923,2.341039810158,0.48908313580376,1.8861267438797,3.9571524600497,0.26909103002465,-0.95050602465059,2.3496432494326,-10.529142729723,3.1283926244352,0.21727676570787,0.27373602713839,-13.672118006993,-3.9757280360599,0.80885451845706,-1.6681909921469,-16.926512744463,-1.7634849549808,-1.1472972579104,-3.5216362861529,-0.2321391459225,2.1589131695664,-0.16578626020349,-1.4368401942284,16.3647490027,1.5110914220553,0.28307411871789,0.45419690670602,33.38069340384,6.0529690415712,-1.3540743477161,3.6127709965616,25.92220745264,6.7500667038877,-1.180622470964,-2.3437748214904,31.491715425682,1,-1.5372528242232,-0.49253928026597,37.721588679215,1,2.9877715492107,2.4978750591298,34.285609931225,1,-1.9750832834669,-0.28896821695866,34.178695640555,1
0.65,0.014651488219813,-0.0079710292549354,0.42859362976053,0.025120604880355,-0.02050644289474,0.030477170582604,0.99900930079931,-0.017144732245204,-0.044850499611756,-0.044299195564045,-0.090798099947909,-0.058973432321105,0.006281570521451,-0.17939102668141,-0.14747324679642,-0.12647655038382,-0.41569801830513,-9.1648116992574,-0.84522771869815,0.12222545126431,-0.71833817706553,-1.8848700808178,-0.81026589996822,0.49856945149328,-1.3266251149479,1.7190117888554,2.3345437729989,-1.4950926577977,-0.83718189868775,9.555756784794,4.7397917395127,-0.19979301641846,0.54614150406671,7.0251236026043,2.2834886926589,0.49856151925387,1.9048828414147,3.5446062430362,0.070995263946267,-0.93889199163778,2.2954591278138,-11.142122700899,2.9976537804922,0.21847420794937,0.20517807704083,-13.747466936175,-3.9971430860151,0.80030458491935,-1.7512554323248,-16.294143499731,-1.509353890764,-1.1649020396929,-3.5190163160614,1.2799396509704,2.3262049245437,-0.17276298944026,-1.3532775832019,17.053421409444,1.6448974100382,0.2857612005752,0.62038408748181,33.078609074773,5.9667395546004,-1.3356961099087,3.736578635651,23.587742105134,6.6731880222892,-1.2559792126123,-2.3620151161672,31.440986303154,1,-1.4658637244909,-0.43949069983588,37.822855793835,1,2.9792053708648,2.4995181012052,34.155879734129,1,-2.0364022365988,-0.34253085420492,34.308609429929,1
0.655,0.014605922244485,-0.0081282911890693,0.42839308635044,0.024926461609941,-0.020666315989894,0.030488517203139,0.99901052307459,-0.018217089227612,-0.044139234912292,-0.044082859260782,-0.093585962852115,-0.055286820862788,0.0043976758217397,-0.18432055995737,-0.13542573520857,-0.14556149502964,-0.8019134815424,-9.2933685976106,-0.83195680416178,0.11861043104042,-0.7276234553967,-1.8291219253307,-0.78628566309816,0.49195839604855,-1.3176807615606,1.8585722174004,2.3710639481691,-1.4991586442821,-0.78911886998457,9.6683456129179,4.7672370024437,-0.19697490133957,0.5810219507948,6.926033018206,2.2219927804888,0.50812850982499,1.9215663783753,3.1282034050317,-0.12765448913984,-0.92755648106504,2.2382465238445,-11.740402466118,2.8666893033277,0.2193280085702,0.13629739902228,-13.801192251924,-4.0118188902382,0.79134736055829,-1.8310822173844,-15.631650255879,-1.2545106789149,-1.1824748287094,-3.5088414697479,2.7892705817649,2.4930788661781,-0.17931347080864,-1.2663761107267,17.700018921861,1.7799333133877,0.28927505399371,0.78482807218164,32.683578290919,5.8611594446068,-1.3167283345839,3.8485235960154,21.178391726768,6.5843353414934,-1.3303869438968,-2.3791535901115,31.394406981165,1,-1.3933670269157,-0.38623710803163,37.921162780753,1,2.9683881228001,2.4999951808588,34.027274722683,1,-2.0961824964084,-0.39593370940997,34.439478251494,1
0.66,0.014557597102028,-0.0082830148828132,0.42819358986505,0.024725950372595,-0.02081650083345,0.030495283601965,0.99901218128172,-0.019286004866643,-0.043414186751307,-0.043837802413643,-0.096350734820343,-0.051574419491004,0.0025131707698913,-0.19012155404932,-0.12422369285375,-0.16518951372815,-1.1847804353656,-9.401469332486,-0.82066772501165,0.11494968423751,-0.73662822103486,-1.7726686085224,-0.76302887758774,0.48539380286583,-1.3080410275122,1.9971518202286,2.4075355264917,-1.5029829360697,-0.74050959719092,9.7742418160692,4.7945949532665,-0.19398364811887,0.61539168747697,6.8208545491143,2.1566703448288,0.51777369839009,1.9361592026523,2.7083970028261,-0.32633627629987,-0.91651444828196,2.178080920185,-12.32319269322,2.7358163186465,0.21983682461354,0.067202336616978,-13.833209448819,-4.0195914793799,0.78199940515307,-1.9075237665705,-14.94025780548,-0.99955278286981,-1.1999778984381,-3.4911335913012,4.2926133067366,2.6590658582156,-0.1854215426948,-1.1763501836475,18.30294622829,1.9156382906885,0.29360580551662,0.94706679526475,32.196711035797,5.7355177333995,-1.2972312395631,3.9482504811198,18.701805386989,6.4832513106738,-1.4037894427817,-2.3951822486558,31.352029352914,1,-1.3198175095677,-0.33280334631638,38.01640011789,1,2.9553279784643,2.499306075545,33.899938173463,1,-2.1543788932896,-0.44915187148298,34.571156306602,1
0.665,0.01450652192142,-0.0084351520202397,0.42799527027885,0.024519117582395,-0.020956926227354,0.030497471772508,0.99901427634022,-0.020351277236198,-0.042675581541277,-0.043564184680283,-0.099091733686482,-0.047837959947758,0.00062831691580897,-0.19693016218956,-0.11385426861785,-0.1851790492955,-1.5636292093179,-9.4871173085541,-0.81182320719568,0.11124462214316,-0.74534900247146,-1.7155318942213,-0.74047956220755,0.4788791362828,-1.2977109999867,2.1346774646219,2.4441269823033,-1.506562885908,-0.69138772863155,9.8733720907476,4.8219380601244,-0.19082188602548,0.64922050360262,6.7096806457103,2.087666465328,0.52748659074075,1.948645436885,2.285643796373,-0.52452499815568,-0.90578046144224,2.1150416954948,-12.889724485954,2.6053553480054,0.21999985575439,-0.0019984294321723,-13.843468166493,-4.15082386685,0.77227800085176,-1.9804387576246,-14.221244368867,-0.74505581746347,-1.2173736720356,-3.4659306972627,5.7867403420699,2.8237086167324,-0.19107213501555,-1.0834219175899,18.860715761978,2.0513389763353,0.29874128631302,1.1066443876798,31.619375341091,5.589218972264,-1.2772667231219,4.0354426836843,16.165845612172,6.3697414152953,-1.476131246779,-2.4100936148333,31.313900630569,1,-1.2452707460215,-0.27921434019804,38.108461703009,1,2.9400348060243,2.4974511067142,33.774011949872,1,-2.2109474543939,-0.50216051548788,34.703496895056,1
0.67,0.014452706351141,-0.008584655093131,0.42779825679958,0.024306011493142,-0.021087525426755,0.030495084847399,0.99901680860575,-0.021412705098419,-0.041923649928167,-0.043262184326138,-0.10180828315007,-0.044079185197593,-0.0012566241421938,-0.20486965094726,-0.10427917020511,-0.20533205741845,-1.9376418381726,-9.5483968027587,-0.80594397226065,0.10749667312933,-0.75378243767924,-1.6577338097183,-0.71860904085439,0.47241783428938,-1.2866961304572,2.2710765740683,2.4809995933626,-1.5098960156833,-0.6417872674604,9.965667816966,4.8493325262894,-0.18749239420339,0.68247866412265,6.5926090282767,2.0151525944286,0.53725661900513,1.9590114957355,1.8604037518232,-0.72169698711141,-0.89536868228341,2.0492120197059,-13.439250398412,2.4756280929383,0.21981684555843,-0.071196052119297,-13.831952268843,-4.2319249117877,0.76220112022067,-2.0496923880561,-13.475939231015,-0.49157214399449,-1.2346248030093,-3.4332868950102,7.2684439888518,2.9865639369286,-0.19625130639989,-0.98782058894859,19.371951371266,2.1862521665826,0.30466706637068,1.2631124577956,30.953193442669,5.4218019671304,-1.2568981674791,4.1098233908307,13.578563424123,6.243683487841,-1.5473576948551,-2.4238807328662,31.280063292669,1,-1.1697830633646,-0.22549508760215,38.197244971921,1,2.9225201609095,2.4944311396626,33.649636344094,1,-2.2658454368555,-0.55493491422349,34.83635257854,1
0.675,0.014396160557353,-0.0087314774158149,0.42760267778403,0.024086682189774,-0.021208236172345,0.030488127093266,0.99901977786523,-0.022470087941703,-0.041158626719412,-0.042931998108283,-0.10449971294319,-0.04029984861453,-0.0031413907937005,-0.2140455232042,-0.095435743245577,-0.22543527403531,-2.3058503061823,-9.5835048214035,-0.80359744146728,0.10370728210172,-0.76192527540839,-1.5992966372752,-0.69737575368285,0.46601330671333,-1.2750022318094,2.4062771665629,2.5183050965163,-1.5129800181353,-0.59174254812293,10.05106510575,4.8768373907667,-0.18399809922864,0.71513693558615,6.4697426011033,1.9393255232591,0.54707315314606,1.9672461006705,1.4331395410702,-0.91733462240669,-0.88529284744275,1.9806787442934,-13.971045421157,2.3469551701308,0.21928808188536,-0.14028168938277,-13.79867986941,-4.2183241923443,0.75178739301737,-2.11515662436,-12.705720284007,-0.23962969661688,-1.251694255396,-3.3932722665959,8.7345432195898,3.1472049585423,-0.2009462785857,-0.88978206920657,19.835391714882,2.3194909248451,0.31136649504244,1.4160313513217,30.200037222311,5.2329567474586,-1.2361902375742,4.1711564628928,10.948172780143,6.1050363990741,-1.617414968733,-2.4365371714101,31.250555036793,1,-1.0934114996375,-0.17167064721093,38.282651012752,1,2.9027972770808,2.4902475831292,33.526949920799,1,-2.3190313600882,-0.60745044975816,34.96957534488,1
0.68,0.014336895221975,-0.0088755731397433,0.42740866065441,0.02386118157906,-0.021319000720733,0.030476603904704,0.99902318333278,-0.023523226018584,-0.040380750810586,-0.04257384114724,-0.1071653589958,-0.036501713164172,-0.0050257214525005,-0.22454090598827,-0.087238881855689,-0.24526195590283,-2.6671403926771,-9.5907833139702,-0.80538415882889,0.0998779099427,-0.76977437643996,-1.5402429055345,-0.67672541847182,0.45966893342083,-1.262635475273,2.5402078925952,2.5561833898433,-1.5158127584551,-0.5412882125891,10.129504843365,4.9045037233454,-0.18034207253691,0.74716661183613,6.341189362035,1.8604057159704,0.55692551252682,1.973340292232,1.0043160383513,-1.1109308701686,-0.87556625033403,1.9095322876892,-14.484407937759,2.2196538408015,0.21841439643613,-0.20914667530464,-13.743703302892,-4.1974999626089,0.7410560717487,-2.1767104387207,-11.912011479638,0.010268982102052,-1.268545383273,-3.3459727182895,10.181890507469,3.305223455752,-0.20514546794682,-0.78954824298392,20.249893373977,2.4500743289151,0.31882074783229,1.5649713866777,29.36202294798,5.0225392860333,-1.2152086757731,4.2192471830989,8.2830244958241,5.9538476823443,-1.6862501335564,-2.4480570265544,31.225408737571,1,-1.0162137607359,-0.11776612677411,38.364584676138,1,2.8808810570308,2.4849023886379,33.406089362766,1,-2.3704650371271,-0.65968262491343,35.103016772942,1
0.685,0.014274921540669,-0.0090168972678095,0.42721633181536,0.023629563379573,-0.021419765872839,0.030460521797422,0.99902702364664,-0.024571920383461,-0.03959026511081,-0.042187946786828,-0.10980456359963,-0.032686550581322,-0.0069093545928944,-0.23641237387664,-0.079583721038922,-0.26457408278938,-3.0202616076692,-9.5687509857735,-0.81192220060974,0.096010032948135,-0.77732671479608,-1.4805953808338,-0.65659155914565,0.45338806253276,-1.2496023871658,2.6727980728023,2.5947603421568,-1.5183922757623,-0.49045918637353,10.200932732232,4.9323739378427,-0.17652752772376,0.77853953924191,6.2070623075441,1.7786350056683,0.56680297753191,1.977287439786,0.5743998144528,-1.3019936325294,-0.86620172360903,1.8358665159899,-14.978660650459,2.0940357805163,0.21719716344472,-0.27768269103303,-13.667109042818,-4.1694694944226,0.73002699607744,-2.2342400327633,-11.096280196865,0.25764752624489,-1.2851420094322,-3.2914897961484,11.607378583687,3.4602321323566,-0.2088385140726,-0.68736641125005,20.614433673213,2.5769409427662,0.32700887928972,1.709514062341,28.441505327385,4.7905835188468,-1.1940200931526,4.2539428757477,5.5915797333503,5.7902598598602,-1.7538111778874,-2.4584349245759,31.204652410049,1,-0.93824817680858,-0.063806671396698,38.44295468123,1,2.8567880605242,2.4783980495878,33.287189318612,1,-2.4201076049941,-0.71160707469135,35.236528197985,1
0.69,0.014210251220724,-0.0091554056683993,0.42702581657157,0.023391883110938,-0.021510483000278,0.030439888400585,0.99903129686701,-0.025615972930185,-0.038787416466891,-0.041774566442134,-0.11241667557043,-0.02885614054351,-0.0087920287859913,-0.2496863726509,-0.072349029003044,-0.28312499588945,-3.3638434471936,-9.5161338944341,-0.82382990828513,0.092105142258234,-0.78457937890656,-1.4203770584294,-0.63689640222908,0.44717400865786,-1.2359098454492,2.8039777352684,2.6341457726916,-1.5207167844628,-0.43929065435933,10.265299328518,4.9604812449476,-0.17255781771992,0.80922814144571,6.0674793334071,1.6942736748212,0.57669480123028,1.9790832487363,0.14385862906924,-1.4900497910943,-0.85721162222698,1.7597786191156,-15.453151473755,1.9704049369553,0.21563829751664,-0.34578193515861,-13.569017565544,-4.1342923987241,0.71872055614351,-2.28763904794,-10.260034528978,0.50205638722731,-1.3014485030481,-3.2299404680115,13.007947108365,3.6118668970784,-0.21201630532956,-0.58348868117276,20.928113203949,2.6989659307941,0.33590788186357,1.84925323278,27.441070891576,4.5373102763131,-1.1726917580276,4.2751333909146,2.8823831394795,5.614515265711,-1.820047053006,-2.4676660244459,31.188309178486,1,-0.85957365818339,-0.0098174518095137,38.517673717389,1,2.8305364920846,2.4707376000897,33.170382252778,1,-2.4679215540626,-0.76319957764011,35.369960877285,1
0.695,0.014142896478843,-0.0092910550891725,0.42683723904613,0.023148198082353,-0.021591108069737,0.030414712448364,0.99903600047473,-0.026655186429479,-0.037972455586241,-0.041333969435716,-0.11500105040866,-0.025012269840824,-0.010673482735992,-0.26435639412116,-0.065401188571677,-0.30066243359663,-3.6964178918753,-9.4318939906526,-0.84170734391802,0.088164743282691,-0.79152957273132,-1.3596111536309,-0.6175521244425,0.44103005114345,-1.2215650760986,2.9336776524515,2.6744316629591,-1.5227846754844,-0.38781803644239,10.322560076359,4.9888492624311,-0.16843643184412,0.83920544360187,5.9225631310767,1.6075969743537,0.58659022106828,1.9787257651975,-0.28683907813098,-1.6746488368978,-0.84860780715418,1.6813689825841,-15.907254394724,1.8490555224313,0.21374025061735,-0.4133372932772,-13.44958316074,-4.0920717731509,0.70715765486745,-2.3368087621618,-9.4048204954874,0.74307336728141,-1.3174298561726,-3.1614568723837,14.380589240699,3.7597890872807,-0.21467100134197,-0.47817134410913,21.1901580433,2.8149815508214,0.34549275055019,1.9837962496685,26.363530727133,4.2631328177655,-1.1512913823914,4.2827514541494,0.16403571848049,5.4269591955094,-1.8849077114819,-2.4757460200881,31.176397250589,1,-0.78024965085497,0.044176347372386,38.588658541452,1,2.8021461872398,2.4619246135508,33.055798297957,1,-2.5138707563993,-0.81443606715278,35.503166155848,1
0.7,0.014072870038837,-0.0094238031705689,0.4266507220997,0.022898567380386,-0.021661601665321,0.030385003770691,0.99904113137101,-0.027689364566199,-0.03714563695859,-0.040866442822129,-0.11755705045849,-0.021156731542411,-0.012553455316455,-0.28038103184568,-0.058598632887195,-0.31693191306375,-4.016447735614,-9.3152547766038,-0.86611692027256,0.08419035512032,-0.79817461683834,-1.2983210928512,-0.59846241675096,0.43495943234487,-1.2065756492899,3.0618293777164,2.7156906588039,-1.524594517391,-0.33607696301305,10.372675338703,5.0174917956139,-0.16416699273604,0.86844509608739,5.7724410798373,1.5188911664425,0.59647847057954,1.9762153781208,-0.71722469717985,-1.8553659914163,-0.8404016297154,1.6007410550682,-16.340370298936,1.7302701851096,0.21150600821557,-0.48024250647169,-13.308993688719,-4.0429546855631,0.69535966930584,-2.3816582723119,-8.5322191839033,0.98030408165871,-1.3330517588922,-3.0861860347523,15.722358094267,3.9036876026271,-0.21679605233594,-0.37167424327311,21.399921663588,2.9238005744924,0.35573655315417,2.1127650651748,25.21191257739,3.9686587579281,-1.1298869069474,4.2767728800553,-2.5548324738491,5.2280412560587,-1.9483441449905,-2.4826711423873,31.168929897227,1,-0.70033609156772,0.098149539397672,38.655830070481,1,2.7716385975339,2.4519632010081,32.943565110111,1,-2.5579204930623,-0.86529264269373,35.635995632021,1
0.705,0.01400018512922,-0.0095536084590367,0.42646638725046,0.022643051856044,-0.021721929008865,0.030350773283252,0.99904668587804,-0.02871831197642,-0.036307218776513,-0.040372291200913,-0.12008404506518,-0.01729132416006,-0.014431685606537,-0.29768301961096,-0.051796582718267,-0.3316803943868,-4.322359985607,-9.1657233080295,-0.89756370183011,0.080183509973413,-0.80451194943662,-1.2365305045756,-0.5795243131889,0.42896535591435,-1.1909494754047,3.1883652814567,2.7579749135559,-1.5261450573734,-0.28410325029199,10.415610424751,5.0464127950749,-0.15975325317205,0.89692139766285,5.6172451348407,1.4284492040749,0.60634879109921,1.9715548188705,-1.1468299576691,-2.0318047407591,-0.83260391661771,1.5180012119123,-16.751927760895,1.6143183979127,0.20893908458735,-0.54639233844848,-13.147470284937,-3.9871321009226,0.68334841113026,-2.4221046623043,-7.6438438266826,1.2133823806298,-1.3482806729877,-3.0042895519416,17.030373063609,4.0432809037606,-0.21838621529931,-0.26426013263977,21.556886527485,3.0242420020213,0.36661050596415,2.2357972942254,23.989452334886,3.6546882830931,-1.1085462854147,4.2572166490716,-5.265589728396,5.018314839063,-2.0103084213429,-2.4884381609481,31.165915437645,1,-0.61989336252798,0.15207694712774,38.719113469859,1,2.7390367743188,2.4408580092103,32.833807726256,1,-2.6000374803347,-0.9157455809477,35.768301322828,1
0.71,0.013924855480711,-0.0096804304199764,0.42628435459489,0.02238171411112,-0.021772059978194,0.030312032976718,0.9990526597405,-0.029741834284337,-0.035457462854805,-0.039851836518139,-0.1225814107306,-0.01341785080924,-0.016307912927208,-0.31614932116531,-0.044851921676513,-0.34466015413584,-4.6125832443442,-8.9831078587641,-0.93647590626108,0.076145752557048,-0.81053912736381,-1.174263210252,-0.56063021793302,0.42305098511036,-1.1746948008554,3.3132185867845,2.8013153129297,-1.5274352221163,-0.23193287553756,10.451335613963,5.075606491905,-0.15519909276654,0.92460931806345,5.4571117111191,1.3365661835642,0.61619044346962,1.9647491582527,-1.5751874382401,-2.2035987269998,-0.82522495566638,1.4332586147876,-17.141383797939,1.5014550971852,0.20604351728846,-0.61168274106532,-12.965267012172,-3.9248382167522,0.67114608630268,-2.4580731563757,-6.7413368187431,1.4419707541073,-1.3630839039356,-2.9159432451855,18.301826008523,4.1783188255377,-0.21943756691738,-0.15619402866802,21.6606653649,3.1151582756207,0.37808405463121,2.3525472327586,22.69958494894,3.3222086714137,-1.0873372687928,4.2241448472155,-7.9596300861944,4.7984346986856,-2.0707537207033,-2.493044385601,31.1673572302,1,-0.53898224577958,0.20593341478121,38.778438236666,1,2.7043653513367,2.4286142184506,32.726648425157,1,-2.6401898948734,-0.96577134688604,35.899935828834,1
0.715,0.01384689532364,-0.0098042294503994,0.4261047427296,0.022114618483811,-0.021811969123316,0.030268795905226,0.99905904812815,-0.030759738138989,-0.034596634548725,-0.039305417856656,-0.12504853126714,-0.0095381183679916,-0.018181876877427,-0.33563230231449,-0.037628041851764,-0.35563278667324,-4.8855876937315,-8.7675306960818,-0.9831861577989,0.072078639503573,-0.81625382702808,-1.1115432151078,-0.54167005253383,0.41721944112826,-1.1578202037337,3.436323404771,2.845721109343,-1.5284641185415,-0.1796019521415,10.479826176639,5.1050577037453,-0.15050851456187,0.95148452000025,5.2921815636787,1.2435347225769,0.62599271972478,1.9558058009978,-2.0018310751506,-2.3704129655676,-0.81827448219178,1.3466250676714,-17.508224586614,1.3919195946536,0.20282386080361,-0.67601101799031,-12.762670460905,-3.856349175271,0.65877525402189,-2.4894972573284,-5.826366681067,1.665760730565,-1.3774296710998,-2.8213367826617,19.53398728278,4.3085841503598,-0.21994751325272,-0.047742556441245,21.711002128469,3.1954803201301,0.39012496002251,2.4626868291063,21.345934773899,2.9723852507137,-1.0663271902693,4.1776624689747,-10.628400660137,4.5691526713446,-2.1296343709659,-2.4964876676579,31.173253668617,1,-0.45766387727731,0.25969381966847,38.833738278228,1,2.6676505261071,2.4152375401498,32.622206591102,1,-2.6783473977547,-1.0153466047453,36.030752498355,1
0.72,0.01376631938526,-0.0099249668912947,0.425927668674,0.021841831033617,-0.021841635680558,0.030221076174144,0.9990658456392,-0.031771831250782,-0.033725002671128,-0.038733391215177,-0.12748479794974,-0.0056539366340631,-0.020053317370289,-0.35595197683411,-0.02999949569586,-0.36437324556869,-5.1399260748795,-8.5194355760829,-1.0379140531808,0.067983738762488,-0.82165384530393,-1.0483946988949,-0.5225334378895,0.41147380145315,-1.1403345892834,3.5576147692177,2.8911799781838,-1.5292310344261,-0.12714670463063,10.501062391035,5.1347422978167,-0.14568564150969,0.97752338055229,5.1225996637774,1.1496404244301,0.63574495474089,1.944734477704,-2.4262966693631,-2.5319443842567,-0.81176166620527,1.2582148693393,-17.851966140585,1.2859347764829,0.19928517938263,-0.73927598623466,-12.539999298532,-3.7819811262857,0.64625878501691,-2.5163188694675,-4.900624976001,1.8844732686778,-1.3912871759599,-2.7206732722987,20.724211594322,4.4338938852936,-0.21991479614502,0.060826708160977,21.707772625281,3.506157349772,0.40269938880891,2.5659066057753,19.932305385196,2.6065490428307,-1.0455827514545,4.1179170839775,-13.263428788199,4.3313116348226,-2.1869058822642,-2.4987664009143,31.183598183777,1,-0.37599970069291,0.31333308391076,38.884951985743,1,2.6289200401316,2.4007342141924,32.520598580895,1,-2.7144811573981,-1.0644482289127,36.160605590849,1
0.725,0.013683142886962,-0.010042605039701,0.42575324779408,0.021563419525507,-0.021861043584608,0.030168888927109,0.99907304630475,-0.032777922427816,-0.032842839408528,-0.038136129276341,-0.12988960966604,-0.0017671174806869,-0.021921974669115,-0.37689927760882,-0.021856299923293,-0.3706738337207,-5.3742739144964,-8.2395897518931,-1.1007505960735,0.063862628995982,-0.82673710038152,-0.98484200656856,-0.50311182311209,0.40581709823579,-1.1222471852011,3.6770286709416,2.9376584920354,-1.5297354388952,-0.07460344359142,10.51502955701,5.1646278521884,-0.14073471284694,1.0027030119308,4.9485150714977,1.0551575886702,0.6454365378403,1.9315472342504,-2.8481223916057,-2.6879217061737,-0.80569510030081,1.1681446625678,-18.172154949171,1.1837065928481,0.19543303907485,-0.801378135305,-12.297603768132,-3.70208762442,0.63361981926446,-2.5384884060061,-3.9658231799607,2.0978591258098,-1.4046266682322,-2.6141688257289,21.869943684364,4.5541001874623,-0.21933949631523,0.16924589863691,21.6509848233,3.5623615696837,0.41577200853206,2.6619165290379,18.462668891807,2.2261814501036,-1.0251698106204,4.0450983684962,-15.856348931967,4.0858378596989,-2.2425249805878,-2.4998795223983,31.198379251039,1,-0.29405142098868,0.3668261861384,38.932022302922,1,2.5882031579334,2.3851110060157,32.421937594229,1,-2.7485638713514,-1.1130533147137,36.289350439275,1
0.73,0.013597381541405,-0.01015710716048,0.42558159372728,0.021279453413379,-0.021870181478476,0.030112250332375,0.99908064359412,-0.033777821611997,-0.031950420236098,-0.0375140211639,-0.13226237306473,0.0021205259886149,-0.023787589423508,-0.39824026587547,-0.013107752925109,-0.3743480497367,-5.5874672049061,-7.9290804831927,-1.1716450358968,0.059716898970316,-0.83150163256925,-0.92090963890132,-0.48330047619596,0.40025231669242,-1.1035675367661,3.7945020915542,2.9851029919229,-1.52997698279,-0.022008540535095,10.52171800621,5.1969261437355,-0.13566008036961,1.0270012815973,4.7700808047248,0.96034531814528,0.65505692433617,1.9162584186903,-3.2668492848538,-2.8381047242067,-0.80008278831849,1.076533280242,-18.468368575683,1.0854238309845,0.19127349897416,-0.86221978372509,-12.03586513756,-3.6170563573544,0.62088172320865,-2.5559648807396,-3.0236895193165,2.3056991733414,-1.4174195097396,-2.5020520943251,22.968723813212,4.6690908859528,-0.2182230331665,0.27724751875381,21.540778831697,3.605326344197,0.42930608688394,2.750446823887,16.941154775164,1.8328964319427,-1.0051531736183,3.9594375032743,-18.398929235074,3.833731956487,-2.2964496404793,-2.4998265128667,31.217580403076,1,-0.2118809577935,0.42014817316263,38.974896789555,1,2.5455306449445,2.368375203454,32.326333547568,1,-2.7805697869204,-1.1611391890964,36.416843611268,1
0.735,0.013509051549544,-0.010268437497788,0.42541281830841,0.020990003822785,-0.021869042721356,0.030051177568486,0.9990886304211,-0.034771339914949,-0.031048023831648,-0.036867472189209,-0.13460250270195,0.0060071802857976,-0.025649902705343,-0.41972115623302,-0.0036856476394863,-0.37523419983403,-5.7785358069946,-7.5893062316935,-1.2503946105614,0.055548146943335,-0.83594560504926,-0.85662224303796,-0.4630002592595,0.39478239352941,-1.0843055018033,3.9099730367188,3.0334408182888,-1.5299554989087,0.030601597279474,10.521123108755,5.4104262416545,-0.13046620460763,1.0503968317178,4.5874537046458,0.86544415453842,0.66459564700535,1.8988846656407,-3.6820217636867,-2.9822830368844,-0.79493213478474,0.9835015885762,-18.740216214757,0.99125815477844,0.18681310168857,-0.92170523268059,-11.755195099749,-3.5273052180755,0.60806804656194,-2.5687159838194,-2.0759657753139,2.5078046160798,-1.4296382358936,-2.3845637783148,24.018193041001,4.7787895553292,-0.21656816128206,0.3845651025255,21.377426555174,3.6344649179016,0.44326359491965,2.8312487320684,15.372038285857,1.4284206930061,-0.98559638813632,3.8612064395866,-20.883097657238,3.5760586641117,-2.3486391167889,-2.4986073970471,31.241180248224,1,-0.12955039861677,0.47327417161561,39.013527679934,1,2.50093474426,2.350534613339,32.233892951696,1,-2.810474720627,-1.2086834212081,36.542943068934,1
0.74,0.01341816959757,-0.010376561286242,0.42524703149678,0.020695143532953,-0.021857625394388,0.029985688809282,0.99909699915118,-0.03575828965369,-0.030135931988602,-0.036196903587154,-0.13690942118574,0.0098910323842402,-0.027508656044706,-0.44107400480161,0.0064532142276056,-0.37319868902234,-5.9467310134328,-7.2219629114812,-1.3366376390682,0.051357980048299,-0.84006730458558,-0.79200460299336,-0.44211912361057,0.38941021539343,-1.0644712454811,4.0233805688665,3.0825818496874,-1.5296710021231,0.083190552047596,10.513245276444,5.441055003059,-0.12515765090403,1.0728690979357,4.400794297889,0.77067334886949,0.674042327477,1.8794448781832,-4.0931881099765,-3.1202743335142,-0.79024993514329,0.88917232765006,-18.987339207958,0.90136438514638,0.18205886304922,-0.97974091654524,-11.456035125148,-3.4332777529855,0.59520247876735,-2.5767181414861,-1.1244040639346,2.7040170628111,-1.4412566146582,-2.261956110028,25.016098292042,4.8831551056413,-0.21437896362908,0.49093387164806,21.161331023106,3.6493623983208,0.45760531391368,2.9040952110577,13.759728430762,1.0145724559362,-0.96656154195202,3.7507170358638,-23.300967600916,3.313935757387,-2.3990539754613,-2.4962227436263,31.26915249431,1,-0.047121951935462,0.52617939955327,39.047871936064,1,2.4544491522751,2.3315975578577,32.144718793049,1,-2.8382560764826,-1.2556638328584,36.667508327091,1
0.745,0.013324752853759,-0.010481444761775,0.42508434130464,0.020394946958081,-0.021835932304306,0.029915803208268,0.99910574160966,-0.036738484386087,-0.029214429528001,-0.035502752241713,-0.13918255931846,0.013770270564478,-0.029363591465766,-0.46202288389264,0.017325274550877,-0.36813891251425,-6.0915459747219,-6.8290257241812,-1.4298503389689,0.047148013674311,-0.84386514218457,-0.72708163009782,-0.42057327614639,0.38413861734809,-1.0440752349464,4.134664839355,3.1324202850596,-1.5291236893674,0.13572192062792,10.498089962473,5.4712785761959,-0.11973908540217,1.0943983274483,4.2102666554229,0.67622884258215,0.68338668752451,1.8579602072967,-4.4999009643683,-3.2519223292987,-0.78604236678966,0.79366994947334,-19.209411516973,0.81588098822831,0.17701826107507,-1.0362355500518,-11.138855767326,-3.3354380380511,0.5823088052023,-2.579956559652,-0.1707635966493,2.8942083883928,-1.4522497028657,-2.1344923123869,25.960297191882,4.9821808661878,-0.21166084148498,0.59609138877163,20.893025395171,3.6497876083939,0.47229094555927,2.9687815720196,12.108755584319,0.59323941877884,-0.94810906581953,3.6283200676219,-25.644862949226,3.048522371432,-2.4476561233314,-2.4926736649855,31.30146597795,1,0.035342099810243,0.57883917801541,39.077891295615,1,2.4061089932244,2.3115728706711,32.058910418984,1,-2.8638928630614,-1.3020585088653,36.790400609782,1
0.75,0.013228818965225,-0.01058305517218,0.42492485372669,0.020089490127934,-0.021803970984976,0.029841540882356,0.99911484909066,-0.03771173894608,-0.02828380420956,-0.034785470401323,-0.14142135623731,0.017643085259321,-0.03121445152258,-0.48229034977321,0.028919278428308,-0.35998567796203,-6.2127280368546,-6.4127272368922,-1.5293476558783,0.042919870843548,-0.84733765370754,-0.66187835339324,-0.39828798751653,0.37897038137781,-1.0231282338012,4.2437671200522,3.1828365967102,-1.5283139395029,0.18815933974144,10.475667657658,5.5014423479869,-0.11421527094418,1.1149655963682,4.0160382483403,0.5822820006361,0.69261856024848,1.8344540288451,-4.9017178130189,-3.3770944581605,-0.78231498092116,0.69712045379193,-19.406140153763,0.73493073312986,0.17169922421063,-1.0911002718761,-10.804155922834,-3.2342650557532,0.56941086320511,-2.5784252512513,0.78319257194512,3.0782803253258,-1.4625938997671,-2.0024460337999,26.84876266671,5.0758931546261,-0.20842050111118,0.69977820499652,20.573171645919,3.6356983026142,0.4872792252012,3.025126054956,10.423758758788,0.16635649940149,-0.93029754161746,3.4944041138398,-27.907342435653,2.7810070486917,-2.4944088369076,-2.4879618166805,31.338084699261,1,0.1177794472772,0.6312289425379,39.103552314549,1,2.3559507926422,2.2904698927928,31.976563427099,1,-2.8873657093609,-1.3478458072775,36.911483004883,1
0.755,0.013130386054594,-0.010681360787339,0.42476867267114,0.019778850667723,-0.021761753696808,0.029762922895018,0.99912431236711,-0.038677869478658,-0.027344346641812,-0.034045525384233,-0.14362525955264,0.021507669897977,-0.033060979334825,-0.50160400115914,0.04119615477048,-0.34870510088852,-6.3102824443872,-5.9755324484995,-1.6342882889704,0.038675181585558,-0.8504835004352,-0.59641990998399,-0.37519803274282,0.37390823491964,-1.0016412964222,4.3506298343294,3.2336995763444,-1.5272423130546,0.24046651114283,10.445993883173,5.5314803270129,-0.10859106288457,1.1345528263582,3.8182798006535,0.48897910283563,0.70172790113855,1.8089519181433,-5.2982014690627,-3.4956794321255,-0.77907269521293,0.59965122185171,-19.577265567113,0.65862147781061,0.16611011885513,-1.1442487844084,-10.452462046478,-3.130246665094,0.5565324980054,-2.5721270473095,1.7357008035954,3.2561637248469,-1.4722669976999,-1.8661007606736,27.679587295221,5.1643493385466,-0.20466593720712,0.80173849999605,20.202558931517,3.6072408163457,0.50252803778403,3.0729703394271,8.7094725692443,-0.2641160528397,-0.91318351636644,3.349394323321,-30.081223268161,2.5125958093638,-2.5392767901199,-2.4820893966703,31.378967861971,1,0.20012780129985,0.68332425461127,39.124826404377,1,2.3040124497644,2.2682984682321,31.897769558723,1,-2.9086568794394,-1.3930043694702,37.030620616633,1
0.76,0.013029472716573,-0.010776330909127,0.42461589989192,0.019463107777285,-0.021709297424056,0.029679971238842,0.99913412170152,-0.039636693474593,-0.026396350191355,-0.033283399274037,-0.14579372548428,0.025362221748765,-0.034902918623447,-0.51970292513588,0.054089705518502,-0.33429992911506,-6.3844672998879,-5.5201116331565,-1.7436839800013,0.034415582308851,-0.85330146958374,-0.53073153534607,-0.35124777520916,0.36895484942395,-0.97962576212713,4.4551965874458,3.2848683960152,-1.5259095518242,0.29260722674693,10.409089179806,5.5613236882355,-0.10287140482235,1.1531428005213,3.6171651392304,0.39644156572097,0.71070479900208,1.781481622131,-5.6889205482822,-3.6075847715963,-0.77631978732992,0.50139084833993,-19.722561985068,0.58704704078213,0.16025973620293,-1.1955974894925,-10.084327323253,-3.0238732740502,0.54369751863996,-2.5610735917089,2.6850001369394,3.4278174341901,-1.4812482297647,-1.725749208804,28.450987403609,5.2476354124476,-0.20040641318544,0.90172071318688,19.782101642716,3.5647442040194,0.51799453618965,3.1121799894107,6.9707139299514,-0.69621364222758,-0.89682132270685,3.193751064955,-32.159603932713,2.2445005292625,-2.5822260810118,-2.4750591442914,31.42406991887,1,0.28232493995554,0.73510081308076,39.14168986401,1,2.2503332088914,2.2450689394015,31.822616596717,1,-2.9277502858162,-1.4375131301082,37.147680715919,1
0.765,0.01292609801444,-0.010867935881005,0.42446663492245,0.019142342209565,-0.021646623869976,0.029592708817546,0.9991442668577,-0.040588029804913,-0.025440110891246,-0.032499588605599,-0.14792621899572,0.02920494276005,-0.036740013746231,-0.53634383407351,0.067508067109301,-0.31681026655159,-6.435780111449,-5.04931174764,-1.8564130071399,0.030142715170033,-0.85579047477243,-0.46483855359834,-0.32639092375083,0.36411283894459,-0.95709324919043,4.5574121963101,3.3361946096085,-1.524316578376,0.34454539369262,10.364979093743,5.5909014068917,-0.097061324255771,1.1707191785339,3.4128710410032,0.30476683679258,0.71953948674779,1.752073029183,-6.0734499384649,-3.7127344013491,-0.77405988928319,0.40246897172558,-19.841837712803,0.5202881174531,0.15415727841567,-1.2450656199183,-9.7003307982299,-2.9156313375294,0.53092965393547,-2.545285319662,3.6293355431056,3.5932267474132,-1.4895183144093,-1.581692694953,29.161306894881,5.3258631282571,-0.19565243831693,0.99947816438948,19.312837148825,3.5087091616738,0.53363526163201,3.1426448310494,5.2123685194715,-1.1279869360227,-0.8812629064066,3.0279684661641,-34.135886103809,1.9779278818441,-2.6232242573566,-2.4668743389799,31.473340622552,1,0.36430875557905,0.78653446548216,39.154123906166,1,2.1949536297358,2.2207921422931,31.751188267668,1,-2.9446315016281,-1.4813513269725,37.262532888151,1
0.77,0.012820281476443,-0.010956147097275,0.42432097501076,0.0188166362484,-0.021573759449873,0.029501159427445,0.99915473711329,-0.041531698755126,-0.024475927348555,-0.031694604041543,-0.15002221392609,0.033034040398987,-0.038572009733286,-0.55130671119629,0.081335886276316,-0.29631368181079,-6.4649366758983,-4.56612714456,-1.9712376928042,0.025858227440724,-0.85794955644237,-0.3987663677396,-0.30059000877098,0.35938475875942,-0.93405564871216,4.6572227186019,3.3875240282499,-1.5224644953986,0.39624505932708,10.313694158879,5.6201407778533,-0.091165928163162,1.1872665110095,3.2055770775838,0.21402987732579,0.72822235201259,1.7207581365903,-6.4513712619362,-3.8110663935585,-0.77229598263807,0.30301610322263,-19.934935385532,0.45841320300559,0.14781234414805,-1.2925753664622,-9.3010764657619,-2.805996813218,0.51825250863956,-2.524791419932,4.5669611703439,3.7524014013647,-1.4970594968238,-1.4342404899605,29.809020804287,5.3991667312799,-0.19041574180156,1.0947696624475,18.795923238275,3.4397922482486,0.54940626577045,3.1642792622243,3.4393770525681,-1.5575197038619,-0.86655766144667,2.8525728441757,-36.003795592479,1.7140690651612,-2.6622403411778,-2.457538798742,31.526725081395,1,0.44601730169077,0.83760121930831,39.162114678298,1,2.1379155567756,2.1954794014229,31.68356414862,1,-2.9592877715295,-1.5244985106452,37.375049178548,1
0.775,0.012712043092114,-0.011040937012015,0.42417901505612,0.018486073685621,-0.021490735282002,0.02940534773841,0.99916552127318,-0.042467522059161,-0.023504100651117,-0.030868970039559,-0.15208119312001,0.036847728487688,-0.040398652322425,-0.56439980290262,0.095437133726653,-0.27292470213072,-6.4728434107792,-4.0736702516946,-2.0868256015195,0.021563770872503,-0.85977788222649,-0.33254044985522,-0.27381563590953,0.35477310402174,-0.91052511834257,4.7545754812392,3.4386984141946,-1.5203545849414,0.44767043609295,10.255269875686,5.6489678266588,-0.085190398513989,1.2027702530776,2.9954654574232,0.1242851307779,0.73674394762009,1.6875710157457,-6.8222733307643,-3.902530922756,-0.77103039458047,0.20316345460189,-20.001732176123,0.40147948826349,0.14123491344996,-1.3380520002742,-8.8871923194562,-2.6954287121956,0.50568951978123,-2.4996297808691,5.4961435716911,3.9053731050509,-1.5038555870579,-1.2837091547791,30.392738573225,5.4676993649756,-0.1847092438298,1.1873601003045,18.232635262071,3.3587861060563,0.56526323419865,3.1770224930856,1.6567213974581,-1.9829445820079,-0.85275227320787,2.6681210351002,-37.75740226522,1.4540904921837,-2.6992448521567,-2.4470568783727,31.584163820715,1,0.52738883980306,0.88827725320104,39.165653278027,1,2.0792620876369,2.1691425245489,31.619819578411,1,-2.9717080213307,-1.5669345540487,37.485104234696,1
0.78,0.012601403308484,-0.011122279147681,0.42404084754727,0.01815073979746,-0.021397587176355,0.029305299274336,0.99917660768369,-0.043395322933049,-0.022524934273517,-0.030023224510707,-0.15410264855516,0.040644228036439,-0.04221968799446,-0.57546382157532,0.10965846396781,-0.24679370745064,-6.4605645418182,-3.5751427671363,-2.2017739746627,0.017261001060126,-0.86127474727039,-0.26618633129723,-0.2460455841048,0.35028030844359,-0.88651407586618,4.8494191081751,3.4895569515885,-1.5179883075272,0.49878592630116,10.18974668664,5.6773076145246,-0.079139987713979,1.2172167771691,2.7827208656524,0.035568861469119,0.74509500185934,1.6525477750738,-7.1857525941441,-3.9870884796218,-0.77026479484654,0.10304276507853,-20.042139957151,0.34953370047028,0.13443533206869,-1.3814239904204,-8.4593293643909,-2.5843628806332,0.49326391334135,-2.4698469203645,6.4151649097022,4.0521926087832,-1.5098919947783,-1.1304218608585,30.911207034589,5.531629216733,-0.17854702370533,1.2770210350694,17.624362987201,3.2665965245562,0.58116161096216,3.1808387168638,-0.13058942256888,-2.4024565519168,-0.83989057025674,2.475198626119,-39.391138870652,1.1991255766683,-2.7342098299063,-2.4354334674246,31.645592849025,1,0.60836188606953,0.93853892806321,39.164735763062,1,2.0190375405293,2.1417937971626,31.560025573741,1,-2.9818828663655,-1.6086396618344,37.592575446198,1
0.785,0.012488383026232,-0.011200148103376,0.42390656250208,0.017810721320296,-0.021294355621301,0.029201040393147,0.99918798424755,-0.04431492610832,-0.021538733982315,-0.029157918468964,-0.15608608146767,0.044421768073543,-0.044034864008383,-0.58437525217265,0.12383301772939,-0.21810525265306,-6.4292857591067,-3.0738077902478,-2.3146368291225,0.012951576803262,-0.8624395745041,-0.19972959284143,-0.21726381857875,0.34590874301137,-0.86203519264852,4.9417035475109,3.5399374680221,-1.5153673011412,0.54955614677244,10.11716994822,5.7050844462786,-0.073020013988327,1.2305933849944,2.5675303017473,-0.052098257034407,0.7532664285727,1.6157265207437,-7.5414135774695,-4.064708372141,-0.77000019351974,0.0027861275038331,-20.056105417168,0.22613303884985,0.12742429517595,-1.4226231163948,-8.0181605931388,-2.4732061434508,0.48099866131335,-2.4354978998495,7.3223261323233,4.1929263379153,-1.5151557605926,-0.9747076963383,31.363313103158,5.5911354824812,-0.17194428510809,1.3635312516402,16.972607167739,3.1642172869303,0.59705672375467,3.1757172104818,-1.9175333038339,-2.8143240183205,-0.82801338520108,2.2744180963955,-40.89981871411,0.95026769905548,-2.7671088550993,-2.4226739879271,31.710943729329,1,0.68887525774184,0.98836279808575,39.159363155589,1,1.9572874207596,2.1134459767587,31.504248750056,1,-2.989804618582,-1.6495943796171,37.697343081272,1
0.79,0.012373003595726,-0.01127451956278,0.42377624740898,0.017466106425715,-0.021181085768114,0.029092598266354,0.99919963843975,-0.045226157865107,-0.020545807740569,-0.028273615672229,-0.15803100247514,0.048178586471442,-0.045843928436448,-0.59104868795335,0.13778455508835,-0.18707585751955,-6.3802760660162,-2.5729631701911,-2.4239540415544,0.0086371594669951,-0.86327191486455,-0.13319585482557,-0.18745948834857,0.34166071473458,-0.83710138694909,5.0313800979099,3.5896773970314,-1.5124933800973,0.59994595333021,10.037589899517,5.7322219958647,-0.066835856707052,1.2428883187052,2.3500829151584,-0.13870842296067,0.76124933704183,1.5771473152088,-7.8888693126207,-4.1353675250824,-0.77023693969817,-0.097474185909782,-20.043610131037,0.050744997804079,0.12021283054523,-1.461584575425,-7.5643799272066,-2.3623309309393,0.46891643923348,-2.3966462225002,8.2159501140359,4.3276526336652,-1.5196355838715,-0.81690095953733,31.74808616525,5.6464042304552,-0.16491731858305,1.446677308495,16.278975842131,3.0527037834886,0.61290390944119,3.1616723646858,-3.699089173707,-3.2168974645053,-0.81715842505692,2.0664168726107,-42.278652124072,0.70856439000662,-2.7979170694293,-2.4087843918569,31.780143655363,1,0.76886811939899,1.0377256216846,39.149541441137,1,1.8940583863481,2.0841122868833,31.452551247333,1,-2.9954672923516,-1.6897796030493,37.799290420146,1
0.795,0.012255286812999,-0.011345370301743,0.4236499871699,0.017116984694919,-0.02105782741336,0.028980000858202,0.99921155732399,-0.046128846064966,-0.019546465611667,-0.02737089225503,-0.15993693169742,0.051912930768701,-0.047646630199134,-0.59543815385525,0.15133180252053,-0.15395131352353,-6.3148495583444,-2.0759162174565,-2.5282816537579,0.0043194123413383,-0.86377144746869,-0.066610767272175,-0.15662597265416,0.33753846542841,-0.81172581710396,5.1184014342986,3.6386144876121,-1.5093685337818,0.64992046512812,9.9510616274549,5.7586433685327,-0.060592951656607,1.2540907712293,2.1305698390514,-0.22426396856243,0.76903504166096,1.5368521336177,-8.2277417589946,-4.1990495729406,-0.77097472103404,-0.19760589810019,-20.004670584241,0.013949636451889,0.11281228120605,-1.4982470844008,-7.0987011255542,-2.2520704957348,0.45703958425907,-2.3533637158351,9.0943847564623,4.4564576595089,-1.5233218470096,-0.65734044125865,32.064700162502,5.6976242438487,-0.1574834613476,1.5262540643034,15.54518036577,2.9331463705711,0.62865863955546,3.1387436436085,-5.4702510991471,-3.6086157479801,-0.80736015153837,1.8518553052973,-43.523261658136,0.47501272518976,-2.8266111943943,-2.3937711583617,31.853115532711,1,0.84828002891425,1.0866043723422,39.135281561904,1,1.8293982127742,2.0538064109662,31.404990660847,1,-2.998866608992,-1.7291765867336,37.898303885085,1
0.8,0.012135254915624,-0.011412678195542,0.423527864045,0.016763447092469,-0.020924634979174,0.028863276904425,0.99922372757001,-0.047022820183398,-0.018541019662497,-0.026450336353161,-0.16180339887499,0.055623058987491,-0.049442719099992,-0.59753740896988,0.16429289555354,-0.11900356400005,-6.2343287924022,-1.5859597988744,-2.6262225718149,2.6942229581242e-17,-0.86393797973719,-4.1548304320341e-16,-0.12476003180787,0.33354417053057,-0.78592187458171,5.2027216328416,3.6865872814699,-1.5059949252768,0.69944508879528,9.8576450286599,5.7842711218381,-0.0542967862619,1.2641908957699,1.9091840223039,-0.3087747031371,0.77661507138711,1.4948848181443,-8.5576622148229,-4.2557442281671,-0.7722125641457,-0.29747690167353,-19.939338151134,-0.017761641360863,0.10523428760237,-1.532552976268,-6.6218566619123,-2.1427148110315,0.4453900538725,-2.3057303989231,9.9560060427038,4.5794310451967,-1.5262066360732,-0.49636869744893,32.312475365311,5.7449829187524,-0.14966105451641,1.6020651840595,14.773031188677,2.8066444024289,0.64427664541898,3.106995473881,-7.2260423527035,-3.9880101752931,-0.79864967165058,1.6314145723957,-44.629696000277,0.25055588538649,-2.8531695488855,-2.3776412907379,31.92977806469,1,0.92705098312484,1.1349762493489,39.11659940457,1,1.7633557568774,2.0225424859374,31.361619977009,1,-3,-1.7677669529664,37.994273166936,1
0.805,0.012012930578518,-0.011476422225783,0.42340995759905,0.016405585939392,-0.020781567491406,0.028742455890636,0.99923613547147,-0.047907911342054,-0.017529783866005,-0.02551254772051,-0.163629943485,0.059307240446171,-0.05123194586037,-0.5973792510058,0.17648980031358,-0.082527219427029,-6.1400112404845,-1.1063497309655,-2.7164567951061,-0.0043194123413382,-0.86377144746869,0.066610767272174,-0.09186110625233,0.32967993795332,-0.75970317691639,5.2842961951769,3.7334353913043,-1.5023748898626,0.7484855423825,9.7574047679964,5.8090272690358,-0.047952894762926,1.2731798144609,1.6861200599056,-0.39225542074747,0.78398117895677,1.4512910302862,-8.8782717183286,-4.3054468961608,-0.77394883590192,-0.39695543319827,-19.847699027162,-0.04438487434405,0.097490769283063,-1.5644482907336,-6.1345965726619,-2.034507222473,0.43398938528703,-2.2538343344476,10.799221039762,4.6966613510607,-1.5282837577905,-0.33433131377487,32.490879832129,5.7886622881713,-0.1414693978495,1.6739236234879,13.964433388681,2.6742817731703,0.65971404253007,3.0665170636018,-8.9615293964515,-4.3537065582116,-0.79105463893294,1.4057945166893,-45.594442505263,0.03608080210129,-2.8775720655694,-2.3604023131637,32.010045842926,1,1.00512146317,1.1828186884389,39.093515782597,1,1.6959809199415,1.9903350956326,31.322487514332,1,-2.998866608992,-1.805532700311,38.087091348014,1
0.81,0.011888336909655,-0.01153658248697,0.4232963446496,0.016043494885638,-0.020628688555659,0.028617568030372,0.99924876696464,-0.048783952340646,-0.016513074003143,-0.024558137338307,-0.16541611485491,0.062963756566616,-0.053014062154011,-0.59503387455781,0.18775260181496,-0.044835772586895,-6.033140105704,-0.64028330600289,-2.797770303206,-0.008637159466995,-0.86327191486455,0.13319585482557,-0.057930794025466,0.32594780697104,-0.73308356052106,5.3630820718994,3.7789996233119,-1.4985109334011,0.79700787909293,9.6504102338062,5.8328332883676,-0.041566853350248,1.2810496261706,1.4615740219128,-0.4747236387106,0.79112534985911,1.4061182011842,-9.1892214382858,-4.3481585013158,-0.77618124557649,-0.49591024704543,-19.729874115138,-0.065923432421279,0.089593906153535,-1.5938828591407,-5.6376872770903,-1.9276419067319,0.42285865562954,-2.1977714658988,11.622470843492,4.8082314426866,-1.529548752848,-0.17157616369513,32.599530551471,5.828835235592,-0.1329287021351,1.7416520905265,13.121381971133,2.5371046846976,0.6749274538734,3.0174221516746,-10.671835744573,-4.7044255034888,-0.78459916566616,1.1757114239828,-46.414438350401,-0.16758321867401,-2.8998003060507,-2.3420622671892,32.093829442504,1,1.0824324794629,1.2301093723158,39.066056413041,1,1.6273246099894,1.9571992639908,31.287636869604,1,-2.9954672923516,-1.8424562119949,38.17665502122,1
0.815,0.011761497445705,-0.011593140192719,0.42318709921693,0.015677268881913,-0.020466066331216,0.028488644242838,0.99926160764763,-0.049650777688525,-0.015491207564266,-0.023587727017062,-0.16716147227365,0.066590901675884,-0.054788820641518,-0.59060636054875,0.19792355406621,-0.0062575794310784,-5.9148804937409,-0.19087873334017,-2.8690817497749,-0.012951576803262,-0.8624395745041,0.19972959284143,-0.022972522408205,0.32234974714402,-0.70607707338595,5.4390376852789,3.8231219938587,-1.4944057306013,0.84497851078074,9.5367354898766,5.8556101602302,-0.035144275263603,1.287793413446,1.2357432811047,-0.55619761424208,0.79803981105601,1.3594154800156,-9.4901730535569,-4.3838854843861,-0.7789068478705,-0.59421078854578,-19.586018865736,-0.082387824079802,0.08155611931772,-1.62081038338,-5.1319103718777,-1.8222621702914,0.41201844297404,-2.1376454401977,12.424233460648,4.9142138701639,-1.5299989054636,-0.0084526616207156,32.638194264194,5.9020971213957,-0.12406003932476,1.8050834827491,12.245956946751,2.3961022141643,0.68987413180362,2.9598486882171,-12.352155665626,-5.0389812244459,-0.77930374632202,0.94189574907854,-47.087080259213,-0.35966502276028,-2.9198374748042,-2.3226297079852,32.181035521592,1,1.1589256162632,1.2768262410634,39.034251887902,1,1.5574387033172,1.923150448045,31.257106869312,1,-2.989804618582,-1.878520264127,38.262864405247,1
0.82,0.011632436147584,-0.011646077681623,0.42308229247584,0.015307004150892,-0.020293773502865,0.028355716130353,0.9992746428003,-0.05050822363595,-0.014464503649982,-0.022601948991452,-0.1688655851004,0.070186983801874,-0.056555975004681,-0.58423339576581,0.20686079664643,0.032868329186816,-5.7863016362806,0.23884474343667,-2.9294661625107,-0.017261001060126,-0.86127474727039,0.26618633129723,0.013008584723901,0.31888765727908,-0.67869796766486,5.5121229512023,3.865645693734,-1.4900621231679,0.89236423120151,9.4164592241714,5.8772784514682,-0.028690805857949,1.2934052485939,1.0088263394966,-0.63669466831166,0.8047170394393,1.3112336805189,-9.780799121194,-4.4126399302868,-0.78212204679813,-0.69172736623524,-19.416323072396,-0.0937955756025,0.073390051540732,-1.6451885087124,-4.6180614017113,-1.7184596031816,0.4014887882976,-2.0735674160772,13.203026622685,5.0146663471883,-1.5296332492174,0.15468898723295,32.606787964269,6.1332866906368,-0.11488529054378,1.864061299647,11.340318199732,2.252190100667,0.70451207816049,2.8939584469393,-13.997767686009,-5.3562791847449,-0.77518519249865,0.70508979676989,-47.610232766174,-0.53945142667256,-2.9376684318653,-2.3021137003526,32.271566925436,1,1.2345430758153,1.3229475024355,38.998137640039,1,1.4863760052972,1.888204530713,31.230931526391,1,-2.9818828663655,-1.9137080337327,38.34562345574,1
0.825,0.011501177395928,-0.011695378422769,0.42298199270924,0.014932798157821,-0.020111887250627,0.028218815955545,0.99928785740469,-0.051356128205016,-0.01343328287151,-0.021601445508406,-0.17052803287082,0.073750325462585,-0.058315279980664,-0.57607933858372,0.21444165399283,0.07219654176926,-5.6483655491676,0.64598628620031,-2.9781749254228,-0.021563770872503,-0.85977788222649,0.33254044985522,0.050005655495527,0.31556336442752,-0.65096069215388,5.5822993003272,3.9064150535709,-1.4854831178341,0.93913223899825,9.2896646943617,5.8977584623098,-0.022212117641272,1.2978801988909,0.78102265385839,-0.71622982877051,0.81114977001609,1.2616252257072,-10.060783432706,-4.4344397868067,-0.78582260043101,-0.78833132296161,-19.221010620923,-0.10017117037321,0.065108547362858,-1.6669788903896,-4.0969486079598,-1.6162740850911,0.39128915842939,-2.0056558585761,13.957410526122,5.1096274235619,-1.5284525691265,0.31749853869166,32.50537907699,6.1638348323514,-0.10542709210519,1.9184400287537,10.406700158796,2.1061980150383,0.71880016227808,2.8199365705818,-15.604047856663,-5.6553128937053,-0.77225657954803,0.46604536521406,-47.982234996265,-0.70628647969375,-2.9532797042697,-2.2805238144937,32.365322794596,1,1.30922772202,1.368451642022,38.9577539037,1,1.414190210478,1.8523778133874,31.20914000233,1,-2.9717080213307,-1.9480031066013,38.4248399723,1
0.83,0.011367745986492,-0.0117410270209,0.42288626526371,0.014554749580513,-0.019920489217403,0.028077976618311,0.99930123616606,-0.052194331220257,-0.012397867250559,-0.020586868408677,-0.17214840540079,0.077279264448622,-0.060066491396045,-0.56633175958581,0.22056544685513,0.11137960630165,-5.5019222054265,1.0277826588513,-3.0146514214873,-0.025858227440724,-0.85794955644237,0.3987663677396,0.088009857548459,0.31237862292091,-0.62287988466632,5.649529698436,3.9452755611272,-1.4806718842802,0.98525016040721,9.1564396701933,5.9169704470644,-0.015713905288536,1.3012143309192,0.55253246039574,-0.79481478988966,0.81733100381328,1.2106440908304,-10.3298213581,-4.4493091380549,-0.79000362649473,-0.88389520562656,-19.000339194107,-0.10154603555085,0.056724632896167,-1.6861472539674,-3.569391657378,-1.5156946258626,0.38143841006118,-1.9340363200254,14.685990494398,5.1991124405736,-1.5264593999595,0.47962646155162,32.334185314218,6.1914103311679,-0.095708779660548,1.9680855046587,9.4474062843152,1.9588604271135,0.73269823655643,2.7379910506887,-17.166482745754,-5.9351601694881,-0.77052720506506,0.22552135916566,-48.201905937824,-0.85957032222928,-2.9666594962335,-2.257870121548,32.462198677311,1,1.3829231236064,1.4133174332846,38.913145669692,1,1.3409358620134,1.8156870083322,31.191756574682,1,-2.9592877715295,-1.9813894849425,38.500425701203,1
0.835,0.011232167125458,-0.011783009221223,0.42279517250691,0.014172958278771,-0.019719665474539,0.027933231632571,0.99931476353437,-0.0530226743389,-0.011358580118775,-0.019558878702159,-0.17372630288764,0.080772154598573,-0.061809366200707,-0.55519659388935,0.22515575981541,0.15007235974289,-5.3477110244324,1.3816273267204,-3.0385418366224,-0.030142715170033,-0.85579047477243,0.46483855359834,0.12701005636172,0.30933511344528,-0.59447036430788,5.71377866598,3.9820739755262,-1.4756317529398,1.0306860716676,9.0168763727306,5.9348349149167,-0.0092018806361429,1.3034047140242,0.32355659874476,-0.87245717308734,0.82325401549259,1.1583457446492,-10.587620177328,-4.4572785012604,-0.7946596088102,-0.97829293333911,-18.754599931752,-0.097958563911864,0.048251495335533,-1.7026634492161,-3.036220352839,-1.4166610092499,0.3719547548857,-1.858841207932,15.387419556293,5.2831098527984,-1.5236580207946,0.64072468797817,32.093574206983,6.2160935207363,-0.085754330625262,2.0128752400264,8.4648033851204,1.8108110486037,0.74616724927091,2.6483521431799,-18.680682120807,-6.1949791728506,-0.77000255937014,-0.015718619351224,-48.268548191957,-1.2460922546224,-2.9777976980662,-2.2341631888945,32.562086645869,1,1.4555735967707,1.4575239474584,38.864362635263,1,1.2666683104499,1.7781492308865,31.178800610015,1,-2.9446315016281,-2.0138515948492,38.572296433722,1
0.84,0.011094466424679,-0.011821311913857,0.42270877378692,0.013787525263215,-0.019509506485327,0.027784615102851,0.99932842372636,-0.053841001080782,-0.010315746016765,-0.01851814613723,-0.17526133600877,0.084227366566903,-0.063543662501565,-0.5428930457504,0.22816212402905,0.18793619422238,-5.1863682353295,1.705089534617,-3.0497007656599,-0.034415582308851,-0.85330146958374,0.53073153534607,0.16699238238033,0.30643444215419,-0.56574712365614,5.7750122968031,4.0166585757652,-1.470366212694,1.0754085211199,8.8710714105195,5.9512730122931,-0.0026817676613111,1.30444942289,0.094296335437059,-0.94916006405036,0.82891236066794,1.1047870890832,-10.833899398772,-4.4583851212297,-0.79978440457135,-1.0713999637588,-18.484117046565,-0.089454159667017,0.039702462216277,-1.7165014975448,-2.4982733281245,-1.3190661981034,0.36285572592765,-1.7802095401884,16.060400936163,5.3615779925193,-1.5200544458332,0.80044736076266,31.784062316439,6.237939320982,-0.075588305020523,2.0526987278015,7.4613157790162,1.6625807118613,0.75916935430234,2.5512717213626,-20.142391284672,-6.434004491595,-0.77068430807879,-0.25690869528353,-48.181950186603,-1.3813569158976,-2.9866858938092,-2.2094140752217,32.664875416847,1,1.5271242472511,1.5010505633147,38.811459148731,1,1.1914436719043,1.7397819914808,31.170286542342,1,-2.9277502858162,-2.0453742935626,38.640372099942,1
0.845,0.010954669896841,-0.011855923137933,0.4226271253936,0.01339855266356,-0.019290107066452,0.02763216170071,0.99934220074789,-0.054649156857907,-0.0092696905927592,-0.017465348764401,-0.17675312601774,0.087643288584003,-0.065269139596145,-0.52964838578788,0.22956109000193,0.22464321103424,-5.0184394731533,1.9959333590537,-3.0481914129766,-0.038675181585558,-0.8504835004352,0.59641990998399,0.20793974815455,0.30367813982107,-0.53672532084853,5.8331982760353,4.0488795713683,-1.4648789084565,1.1193865509773,8.7191257127127,5.9662069835988,0.0038407025492217,1.3043475392326,-0.13504681301076,-1.0249217946795,0.83429988291706,1.0500263973004,-11.068391064429,-4.4526732428571,-0.80537125244955,-1.1630934574087,-18.189247396413,-0.07608529838699,0.031090980451077,-1.727639632863,-1.9563967288235,-1.2227594508836,0.35415814512923,-1.6982866880618,16.703690451366,5.4344423446819,-1.5156564114881,0.95845157583352,31.406314124876,6.2569758463569,-0.065235784877836,2.0874577138567,6.4394193114047,1.5145984486355,0.77166801747952,2.447022568201,-21.547503030653,-6.6515435259572,-0.77257028681372,-0.49728315200612,-47.942386848216,-1.4909274404322,-2.9933173675952,-2.1836343253698,32.770450475087,1,1.5975210118049,1.5438769767804,38.754494148937,1,1.1153187856626,1.7006031874686,31.166223857035,1,-2.9086568794394,-2.0759428765351,38.704576857964,1
0.85,0.010812803950544,-0.011886832085323,0.42255028052193,0.013006143696331,-0.019061566347394,0.027475906641049,0.99935607841689,-0.055446989003651,-0.0082207405009181,-0.016401172494562,-0.17820130483767,0.091018327208037,-0.066985558005989,-0.51569277733643,0.22935668087746,0.25988021690391,-4.8443968139154,2.2521366457573,-3.0342803398166,-0.042919870843548,-0.84733765370754,0.66187835339324,0.24983135701928,0.30106766103144,-0.50742027158291,5.8883058971459,4.0785896925806,-1.4591736386508,1.1625897187554,8.5611444592047,5.9795607028595,0.010359796836741,1.3030991526061,-0.36427125722722,-1.0997359341315,0.83941072047988,0.99412325031466,-11.290840041452,-4.4401943481177,-0.81141278151408,-1.2532524397424,-17.870380013501,-0.057911592652481,0.022430595179093,-1.7360603358172,-1.4114428814168,-1.1275500933989,0.34587809225041,-1.6132241074374,17.316098812464,5.5015933913864,-1.5104733597745,1.1143981184273,30.961140609164,6.2732034221695,-0.05472231235561,2.1170664394089,5.4016352467793,1.367195459779,0.78362811923531,2.335897609833,-22.892069183206,-6.8469733896626,-0.77565450807621,-0.73607886227567,-47.550618728946,-1.5850794908792,-2.9976871087222,-2.1568359649445,32.878694201279,1,1.6667106990588,1.5859832104091,38.693531099583,1,1.0383511712325,1.6606310947782,31.166617080261,1,-2.8873657093609,-2.1055430842907,38.764839178399,1
0.855,0.010668895385319,-0.011914029104018,0.42247828923732,0.012610402632049,-0.018823987727803,0.02731588565833,0.99937004038653,-0.056234346801598,-0.0071692232993255,-0.015326310652095,-0.17960551515212,0.094350908068249,-0.068692679509886,-0.50125426146608,0.22758023198529,0.29335251983857,-4.6646593504413,2.4719096607331,-3.0084268722674,-0.047148013674311,-0.84386514218457,0.72708163009782,0.29264224253944,0.29860438341523,-0.47784744103502,5.9403060781484,4.1056449665688,-1.4532543525803,1.204988118345,8.3972370078242,5.991260265117,0.016869785009919,1.3007053603247,-0.59317551218016,-1.1735914513774,0.84423931263621,0.93713847215978,-11.501004299744,-4.4210073496329,-0.81790102095688,-1.3417579607496,-17.527935591116,-0.034999856531567,0.013734928460608,-1.7417503613475,-0.86426895263856,-1.0332118856658,0.33803087514125,-1.525179058812,17.896493821933,5.5628850756871,-1.5045164180388,1.267952191339,30.449497499683,6.2865940110726,-0.044073826720502,2.1414518526072,4.3505240481582,1.2206116164916,0.79501605328795,2.2182090924868,-24.172311691783,-7.0197385017775,-0.77992718025486,-0.97253771096384,-47.007889592082,-1.6634724971048,-2.99979181544,-2.129031494708,32.989486002997,1,1.7346410296999,1.6273496227003,38.628637918526,1,0.96059898488194,1.6198843593869,31.171465773937,1,-2.8638928630614,-2.1341611090758,38.821091924058,1
0.86,0.010522971386563,-0.011937505701141,0.422411198443,0.012211434761883,-0.018577478832863,0.027152134982724,0.9993840701688,-0.057011081514016,-0.006115467347703,-0.014241463523171,-0.1809654104932,0.097639476599361,-0.070390267176946,-0.48655402055872,0.22428963695353,0.32478748406861,-4.4796163511651,2.6537132070125,-2.9712674436312,-0.051357980048299,-0.84006730458558,0.79200460299336,0.33634287339734,0.2962896069198,-0.44802243569701,5.9891713769482,4.1299056752429,-1.4471251476948,1.2465524007137,8.227516818634,6.0012346234469,0.023364944881576,1.2971682664979,-0.82155837427929,-1.246473011739,0.84878040575601,0.87913406371161,-11.698655175291,-4.3951787379127,-0.8248274106087,-1.4284932518914,-17.162365928584,-0.0074241633609147,0.0050176578506593,-1.7447007595204,-0.31573560122468,-0.93948792140331,0.33063100144135,-1.4343143165572,18.443802467326,5.6181339250508,-1.4977983750701,1.4187841336891,29.872483228501,6.2970910493568,-0.033316600349011,2.1605537887692,3.2886790598064,1.0750041043454,0.80579982107016,2.0942877051109,-25.384633246651,-7.1693490022352,-0.78537473871145,-1.2059090018784,-46.315922463422,-1.7258144574439,-2.999629897445,-2.1002338847474,33.102702449049,1,1.8012606759776,1.6679569172615,38.559886902116,1,0.88212097569692,1.5783819886234,31.180764536218,1,-2.8382560764826,-2.1617836013004,38.87327242475,1
0.865,0.010375059520401,-0.011957254545601,0.42234905184948,0.011809346363795,-0.018322151466647,0.026984691316227,0.99939815115832,-0.057777046409953,-0.0050598017048719,-0.013147337899503,-0.18228065532709,0.10088249876674,-0.072078085399474,-0.47180202844899,0.21956803419734,0.353937805147,-4.2896520241015,2.7962758941266,-2.9235952981633,-0.055548146943335,-0.83594560504926,0.85662224303796,0.38089885209422,0.29412455312389,-0.41796099514142,6.0348760058243,4.1512374800294,-1.4407902667544,1.2872537942222,8.0521013753922,6.009416255248,0.029839567298396,1.2924909801808,-1.0492190982312,-1.3183613713693,0.85302905901544,0.82017313522949,-11.883577618955,-4.3627826836091,-0.83218281223284,-1.5133438801574,-16.774153335199,0.024734107519579,-0.0037075051146017,-1.7449068896069,0.23329437583085,-0.846095996453,0.32369215175862,-1.3407978679879,18.957012905024,5.6671188653046,-1.4903336536442,1.5665701286627,29.231336571173,6.3046096908264,-0.022477173907201,2.1743251188217,2.218720108831,0.93045781019776,0.81594912164088,1.9644816501829,-26.525627386844,-7.2953800802948,-0.79197988884521,-1.4354518410312,-45.476914161109,-1.7718616193241,-2.9972014770813,-2.0704565684244,33.21821740699,1,1.8665193004866,1.7077861518096,38.487354644646,1,0.8029764411907,1.5361433423015,31.194503007517,1,-2.810474720627,-2.1883976757657,38.9213225471,1
0.87,0.010225187728484,-0.011973269470381,0.42229188994606,0.011404244668191,-0.0180581215635,0.02681359180876,0.99941226665649,-0.058532096792954,-0.0040025560259971,-0.01204464661786,-0.1835509251368,0.104078461782,-0.073755899925674,-0.45719318142366,0.21352197980311,0.38058446729692,-4.0951709209641,2.8986101967116,-2.86633612569,-0.059716898970316,-0.83150163256925,0.92090963890132,0.4262707283396,0.29211036459297,-0.38767898371492,6.0773958450385,4.1695126896077,-1.4342540948922,1.3270641245401,7.8711121042273,6.0157418400216,0.036287961159197,1.2866776126417,-1.2759575734916,-1.3892338361525,0.8569806497726,0.76031983769065,-12.055570430454,-4.3239010994673,-0.8399575215816,-1.5961978990412,-16.363809993894,0.061386238512624,-0.012426836485011,-1.7423684273817,0.78195740038359,-0.75273438187308,0.31722715437716,-1.2448026027938,19.43517633089,5.7095817462716,-1.4821382795596,1.710992898703,28.527433987256,6.3090374544509,-0.011582290868485,2.1827318655796,1.1432870414374,0.78699705559791,0.82543543682677,1.8291556653066,-27.592088071865,-7.3974722613241,-0.79972166099869,-1.6604374887862,-44.493528321294,-1.8014186293707,-2.9925083892488,-2.0397134361095,33.335902183641,1,1.9303675942013,1.746818747007,38.411121953026,1,0.72322518249912,1.4931881236889,31.212665882046,1,-2.7805697869204,-2.2139909176744,38.965188759313,1
0.875,0.010073384322705,-0.011985545474462,0.42223974997444,0.010996237823086,-0.017785509137452,0.026638874034295,0.99942639989578,-0.059276090028397,-0.0029440604596451,-0.010934108095647,-0.18477590650226,0.10722587480864,-0.07542347789216,-0.44290398917998,0.20627916350448,0.40453934577439,-3.896623054244,2.960026904898,-2.8005203247009,-0.063862628995982,-0.82673710038152,0.98484200656856,0.47241393989488,0.29024810427627,-0.35719238216622,6.1167084555639,4.1846116385778,-1.4275211565789,1.3659558341491,7.6846742895845,6.0201529301748,0.042704458417322,1.2797332737483,-1.5015745001598,-1.4590647546288,0.86063087859707,0.69963929299238,-12.214446477271,-4.2786236691472,-0.84814128119939,-1.6769459962352,-15.931877285497,0.10243615878969,-0.021126621483016,-1.737089365633,1.3293904714746,-0.65908793709519,0.31124796154076,-1.1465059934075,19.87740873438,5.7452285904861,-1.4732298472322,1.8517423866651,27.762286665223,6.3102352704267,-0.00065883153105131,2.1857532875756,0.065033209793655,0.64459829451546,0.83423211135455,1.6886899983488,-28.58101869023,-7.4753326541472,-0.8085754770311,-1.8801516734213,-43.368886941776,-1.8143391869681,-2.9855541800166,-2.0080188287016,33.455625668468,1,1.9927573137338,1.7850364951282,38.331273756752,1,0.64292745919515,1.4495363703163,31.235232924867,1,-2.7485638713514,-2.2385513884217,39.004822190817,1
0.88,0.0099196779798548,-0.011994078724389,0.42219266590449,0.010585434858813,-0.017504438229681,0.026460575967025,0.99944053406424,-0.060008885570437,-0.0018846455446877,-0.0098164458628444,-0.18595529717765,0.11032326965754,-0.077080587856274,-0.4290898884692,0.19798573341427,0.42564741760768,-3.694527855433,2.9801475536642,-2.7272527016247,-0.067983738762488,-0.82165384530393,1.0483946988949,0.51927888549854,0.28853875494584,-0.32651727921253,6.152793090927,4.1964241384911,-1.4205961124909,1.4039020014189,7.4929169875012,6.0225965964096,0.049083419062779,1.2716640674757,-1.7258715641603,-1.5278260179399,0.86397577394784,0.63819752309773,-12.36003289826,-4.2270478517319,-0.8567232939558,-1.7554816378509,-15.478925074473,0.14778044904333,-0.029793176075867,-1.7290780078827,1.8747325227588,-0.56483449788747,0.30576562735604,-1.0460897669002,20.282892532877,5.7737315663278,-1.4636274819225,1.9885164214695,26.937537278137,6.3080389174947,0.010266253302309,2.1833819302346,-1.0133810744281,0.50320341422962,0.84231442774864,1.5434793389934,-29.489640479544,-7.5287371196042,-0.81851322834756,-2.0938968587576,-42.106560470463,-1.8105272148472,-2.9763441039434,-1.9753875309392,33.57725447965,1,2.0536413177861,1.8224215685535,38.247899013293,1,0.56214394375718,1.4052084446303,31.262178994435,1,-2.7144811573981,-2.262067631165,39.040178686704,1
0.885,0.0097640977362018,-0.011998866555463,0.42215066841207,0.010171945652269,-0.017215036854059,0.026278735957602,0.99945465233008,-0.060730344988557,-0.0008246421070838,-0.0086923880906229,-0.18708880616597,0.11336920147178,-0.078726999828213,-0.41588322485397,0.18880330229176,0.44378854491304,-3.4894961686702,2.9589144215993,-2.6476805029099,-0.072078639503573,-0.81625382702808,1.1115432151078,0.56681112686079,0.28698321867788,-0.29566986304904,6.185630708156,4.2048509577769,-1.4134837562844,1.4408763592427,7.2959729362721,6.0230260298876,0.055419236079721,1.2624770865418,-1.9486516115584,-1.5954875432036,0.8670116964944,0.57606137820196,-12.492171291724,-4.1692788716306,-0.86569223729062,-1.8317012089722,-15.005550957076,0.19730836831287,-0.038412868499461,-1.7183469553251,2.4171257768898,-0.46965147252956,0.30079028735607,-0.94373956901128,20.650878083196,5.7947316765234,-1.4533517986759,2.1210213668238,26.054956457042,6.3022608421373,0.021166008818317,2.1756236442658,-2.0892951036807,0.36273330241493,0.84965967578404,1.3939317097167,-30.315400334448,-7.5575332816555,-0.8295033651367,-2.3009944586579,-40.71055647011,-1.7899385392029,-2.9648851201076,-1.9418347645032,33.700653112673,1,2.1129736027695,1.8589565280852,38.161090608978,1,0.48093567572518,1.3602250244951,31.293474070609,1,-2.6783473977547,-2.2845286761676,39.071218856926,1
0.89,0.0096066729820092,-0.011999907472578,0.42211378485908,0.0097558808907482,-0.01691743694078,0.026093392709489,0.99946873786643,-0.061440331993717,0.00023561884342836,-0.0075626671169273,-0.18817615379085,0.11636224940067,-0.08036248530294,-0.40339193001804,0.17890571328547,0.4588787964245,-3.2822495454814,2.8965977110254,-2.5629607412342,-0.076145752557048,-0.81053912736381,1.174263210252,0.61495171003904,0.28558231637672,-0.26466641280594,6.2152039778305,4.2098052839238,-1.4061890112766,1.4768533132199,7.0939784645649,6.021401084523,0.061706340374942,1.2521804061723,-2.1697188218551,-1.6620177199693,0.86973534307646,0.51329846399788,-12.610717887757,-4.1054297038026,-0.87503627815214,-1.9055041503591,-14.51237947292,0.25090190534291,-0.046972140699956,-1.7049130870066,2.9557170947322,-0.37322257724994,0.29633113976215,-0.83964462093372,20.980685067506,5.8078421422138,-1.4424248580651,2.2489727516228,25.116438989645,6.2926923474629,0.032013542697212,2.1624975712275,-3.1600543391476,0.22310136780548,0.85624721629895,1.2404673192987,-31.055977980506,-7.5616442659491,-0.84151099653323,-2.5007869913637,-39.18530689534,-1.7525830502341,-2.9511858868486,-1.9073761809165,33.825684091296,1,2.1707093375653,1.894624331082,38.070945255521,1,0.39936401557966,1.3146070935465,31.329083288097,1,-2.6401898948734,-2.3059240459161,39.097908120177,1
0.895,0.0094474334559816,-0.011997201150683,0.42208203927563,0.0093373520353408,-0.016611774278109,0.02590458525543,0.99948277387609,-0.062138712464103,0.0012958062166964,-0.0064280189693508,-0.18921707176551,0.11930101726252,-0.081986817291906,-0.39169890361199,0.16847564622427,0.47087127528296,-3.0736361793024,2.7937995598636,-2.474227814905,-0.080183509973413,-0.80451194943662,1.2365305045756,0.66363759115925,0.28433678734159,-0.23352328995737,6.2414972932264,4.2112141198048,-1.3987169270379,1.5118079593732,6.8870733970506,6.017688744326,0.067939205673025,1.2407830770031,-2.3888788801111,-1.7273838024136,0.87214375029783,0.44997706811906,-12.715543704674,-4.0356210638728,-0.88474308860887,-1.9767930911182,-14.000061281003,0.30843585719759,-0.055457529659459,-1.6887975332762,3.4896593172777,-0.27524463839176,0.29239642847848,-0.73399736948892,21.271703751068,5.8126524516748,-1.4308701188286,2.372095880671,24.123999752453,6.2791061360948,0.042782091462579,2.1440360963007,-4.2230169601288,0.08422672406217,0.86205853918809,1.0835173820928,-31.709292493863,-7.5410730178306,-0.85449800138745,-2.692640166831,-37.535654022321,-1.6985272919754,-2.935256755225,-1.872027854243,33.952208120712,1,2.2268048973985,1.9294083394097,37.97756338227,1,0.31749059837804,1.2683759314035,31.368966975298,1,-2.6000374803347,-2.3262437600077,39.120216742419,1
0.9,0.0092864092396475,-0.011990748434889,0.42205545234436,0.0089164712839516,-0.01629818845227,0.025712352934077,0.99949674361631,-0.06282535447046,0.0023555889455441,-0.0052891828856027,-0.19021130325903,0.12218413419593,-0.083599770354552,-0.38086208994504,0.15770114660109,0.47975642484892,-2.86464289145,2.6514545889285,-2.3825624278216,-0.08419035512032,-0.79817461683834,1.2983210928512,0.71280214769061,0.28324728887647,-0.20225692968703,6.2644967785527,4.2090195662502,-1.3910726758967,1.5457161013872,6.6754009576144,6.0118635026092,0.074112353373861,1.2282951171248,-2.6059391477466,-1.7915522326951,0.87423429775072,0.38616608584126,-12.806534689341,-3.959981411866,-0.89479986211428,-2.0454739771687,-13.469272301268,0.36977793819948,-0.063855688572225,-1.6700256425496,4.0181125981554,-0.17543438388457,0.28899342785118,-0.62699313133832,21.523396109497,5.8087330313993,-1.4187123875081,2.4901264244183,23.079769385087,6.2612591871923,0.053445086513286,2.1202847683866,-5.2755603820484,-0.053953234742253,0.86707731541359,0.9235229063715,-32.273508148365,-7.4959070228197,-0.86842314929014,-2.8759449004386,-35.766835075785,-1.6278974080983,-2.917109761193,-1.8358062735892,34.080084242729,1,2.2812178968001,1.9632923272019,37.881049024321,1,0.23537728718354,1.2215531037424,31.4130806985,1,-2.5579204930623,-2.3454783398062,39.138119870009,1
0.905,0.0091236307516766,-0.011980551340199,0.42203404138701,0.0084933515339311,-0.015976822785488,0.02551673536681,0.99951063042352,-0.063500128301014,0.0034146360891545,-0.0041469008318862,-0.19115860295967,0.12501025529925,-0.085201120629594,-0.37091522123184,0.14677215840109,0.48556178962718,-2.6564026534645,2.4708267538417,-2.2889627942153,-0.088164743282691,-0.79152957273132,1.3596111536309,0.76237575444844,0.28231439594319,-0.17088383221478,6.2841902962736,4.2031799447521,-1.3832615493586,1.5785542673583,6.459107670213,6.0039076419759,0.080220357368262,1.2147275032767,-2.8207088318681,-1.8544888834649,0.87600471086677,0.32193494512256,-12.883591841272,-3.8786469770241,-0.90519333040291,-2.1114561953304,-12.920712822837,0.43478892261455,-0.072153407838062,-1.6486269414377,4.5402457246396,-0.073535140479117,0.28612842921968,-0.51882973188929,21.735296823435,5.7956404857785,-1.4059777651918,2.6028109864412,21.985989716077,6.2388959429123,0.063976219674615,2.0913021877265,-6.3150877270023,-0.19147112365529,0.87128944288742,0.76093345515202,-32.747039573698,-7.4263232281004,-0.88324223146857,-3.0501192466754,-33.884465602179,-1.5408823483357,-2.8967586165127,-1.798728335413,34.209169992818,1,2.3339072216341,1.9962604884292,37.781509706621,1,0.15308612632186,1.1741604522362,31.461375311381,1,-2.5138707563993,-2.3636188128632,39.15159755739,1
0.91,0.0089591287421335,-0.011966613050885,0.42201782035308,0.0080681063443503,-0.015647824272229,0.025317772434754,0.99952441773801,-0.064162906485983,0.0044726169364134,-0.0030019170194978,-0.19205873713539,0.12777806225795,-0.086790645866099,-0.36186918092259,0.13587713891337,0.48835121552773,-2.4501972064205,2.2535023453435,-2.194319056343,-0.092105142258234,-0.78457937890656,1.4203770584294,0.81228640320002,0.28153860085805,-0.139420554089,6.3005674535143,4.1936707174292,-1.375288954444,1.6102997260418,6.238343257448,5.9938114062497,0.086257848807433,1.2000921611989,-3.0329991529722,-1.916159210043,0.87745306339187,0.25735353106405,-12.946631320343,-3.7917618095555,-0.91590978099567,-2.1746526928735,-12.355106580094,0.503322824787,-0.080337635839924,-1.6246350883041,5.0552374250777,0.030676653908143,0.28380672928562,-0.409707139563,21.907014138818,5.7729233402799,-1.3926935914787,2.7099076474527,20.845008949942,6.2117517742917,0.074349508106861,2.0571598613213,-7.3390342308799,-0.3283189663626,0.87468308609632,0.59620588298478,-33.128556210069,-7.3325929440605,-0.89890820113795,-3.2146102466684,-31.894521641749,-1.4377372188174,-2.874218698387,-1.7608113356413,34.339321558819,1,2.3848330601625,2.0282974442725,37.679056324166,1,0.070679294500835,1.1262200843668,31.513797009765,1,-2.4679215540626,-2.3806567171035,39.160634789307,1
0.915,0.008792934286669,-0.011948937919488,0.42200679981078,0.0076408498979348,-0.015311343513637,0.025115504256038,0.99953808912848,-0.064813563821645,0.0055292011091816,-0.0018549774199641,-0.19291148369156,0.13048626395961,-0.088368125454324,-0.35371392330783,0.12519982871568,0.4882234827304,-2.2474544194666,2.0013790620676,-2.0993917537712,-0.096010032948135,-0.77732671479608,1.4805953808338,0.86246034606452,0.28092031303198,-0.10788369944915,6.3136196075451,4.1804851660044,-1.3671604099446,1.6409305025871,6.0132605369243,5.9815730578124,0.092219520822114,1.1844019551492,-3.2426235108807,-1.9765283053612,0.87857777948193,0.19249210987303,-12.995584538011,-3.6994778632301,-0.92693507529124,-2.2349800923705,-11.773199797837,0.57522712056699,-0.088395499473013,-1.5980878203233,5.562277660682,0.1373852210883,0.28203262032042,-0.29982709610027,22.038230591138,5.7401282121424,-1.3788883857843,2.8111864846718,19.659276625894,6.179556690899,0.084539358411246,2.0179420265062,-8.3448735712551,-0.4644389398721,0.87724870935806,0.42980305225327,-33.416986046902,-7.2150864908415,-0.91537132286294,-3.368895683685,-29.803320756143,-1.318786639519,-2.8495070378428,-1.7220729616022,34.470393941169,1,2.433956933127,2.0593882502964,37.573803018462,1,-0.011780942171412,1.0777543631117,31.570287391562,1,-2.4201076049941,-2.3965841047727,39.165221497539,1
0.92,0.0086250787806492,-0.011927531465462,0.42200098694015,0.0072116969626784,-0.014967534650223,0.024909971163317,0.99955162831644,-0.065451977394002,0.0065840586654627,-0.00070682927903193,-0.19371663222573,0.13313359709615,-0.089933340456341,-0.3464208695854,0.11491624327851,0.48531037533457,-2.0497401219472,1.7166511623736,-2.0047950603629,-0.0998779099427,-0.76977437643996,1.5402429055345,0.91282274559237,0.28045985875447,-0.076289911263295,6.323339870343,4.163634838704,-1.3588815426041,1.6704253937494,5.7840153154674,5.9671988161334,0.098100133187242,1.167670676596,-3.449397648759,-2.0355608535811,0.87937763541749,0.12742125241163,-13.030398231939,-3.6019551105298,-0.9382546672196,-2.2923588016985,-11.175760206756,0.65034301380456,-0.096314324393096,-1.569026894123,6.0605688996525,0.24672960277943,0.28080938222997,-0.1893927435891,22.128703592358,5.6968063225349,-1.3645917861127,2.9064300654384,18.431338358997,6.1420392529078,0.094520629775,1.973745443117,-9.3301241004315,-0.59971568953748,0.87897910361539,0.26219253259285,-33.611518635042,-7.0742773467174,-0.93257933045492,-3.5124857410374,-27.617501971775,-1.1844279540285,-2.8226423068627,-1.6825312837744,34.602241114439,1,2.4812417228237,2.0895184034207,37.465867050363,1,-0.094232277234383,1.0287858965128,31.630783521835,1,-2.3704650371271,-2.4113935461445,39.165352572116,1
0.925,0.0084555939332253,-0.011902400373452,0.42200038552833,0.0067807628531565,-0.01461655529281,0.024701213681577,0.99956501920043,-0.06607802660199,0.0076368602024348,0.00044177937017171,-0.19447398407954,0.13571882675314,-0.091486073636418,-0.33994568645955,0.10519194429274,0.47977420457234,-1.8587442506524,1.4017907833063,-1.9109853513984,-0.10370728210172,-0.76192527540839,1.5992966372752,0.96329831814237,0.28015748102141,-0.044655862545086,6.3297231122264,4.1431729752288,-1.3504580832222,1.6987639825666,5.5507662812701,5.950702675565,0.10389451692804,1.1499130320956,-3.6531398150755,-2.093220981469,0.87985176093511,0.062211757413911,-13.051034523952,-3.4993624870454,-0.94985362243321,-2.3467131190486,-10.563576030537,0.72850575135169,-0.10408165495218,-1.5374980201049,6.5493273716279,0.35879832310163,0.2801392764908,-0.078608248903153,22.178265879399,5.6425202888322,-1.349834485428,2.9954339140127,17.163830375055,6.0989306387706,0.10426869599979,1.9246791547603,-10.292354968264,-0.73397042680323,0.87986940669253,0.093845287082773,-33.711607364008,-6.9107455551501,-0.95047759290367,-3.6449245571247,-25.344004702614,-1.0351341218543,-2.7936448042764,-1.6422047473576,34.734716190019,1,2.5266517011489,2.1186738486856,37.355368669425,1,-0.17661241095356,0.97933752712989,31.695218002911,1,-2.3190313600882,-2.4250781329864,39.16102786701,1
0.93,0.0082845117613429,-0.0118735524912,0.42200499596715,0.0063481633915595,-0.014258566451778,0.024489272506255,0.99957824587994,-0.066691593180267,0.0086872769593138,0.0015901001944929,-0.19518335238775,0.13824074698586,-0.093026109491173,-0.33423134169589,0.096179639142832,0.47180481630237,-1.6762612801165,1.0595255922647,-1.8182554818522,-0.10749667312933,-0.75378243767924,1.6577338097183,1.0138119615242,0.28001333940683,-0.012998247554886,6.3327659645622,4.1313877235666,-1.3418958626885,1.7259266524926,5.3136748940458,5.9321061027356,0.10959757886345,1.1311446303654,-3.8536709233585,-2.1494720102158,0.87999964017427,-0.0030654255449185,-13.057470961242,-3.522900215153,-0.96171663801045,-2.3979713328015,-9.9374549459337,0.80954498938683,-0.11168527379021,-1.5035507905457,7.0277843004903,0.473624671823,0.28002354196916,0.0323215737542,22.18682582337,5.8024992861036,-1.3346481657599,3.0780069505593,15.859473850971,6.0499688167123,0.11375950626048,1.8708642197768,-11.229192119653,-0.86695700371859,0.87991711695725,-0.074765651096885,-33.716970997896,-6.9751800582404,-0.96900928781688,-3.7657916726768,-22.990046719334,-0.87145611258526,-2.7625364404231,-1.6011121636682,34.867671579762,1,2.5701525565951,2.1468409858081,37.242430979946,1,-0.25885909739377,0.92943232138553,31.763519049473,1,-2.2658454368556,-2.4376314817822,39.152252200299,1
0.935,0.0081118645836943,-0.011840996827104,0.42201481525285,0.0059140148684675,-0.013893732464636,0.024274188481693,0.99959129267911,-0.067292561221552,0.0097349809200168,0.0027373850482994,-0.19584456212435,0.14069818138188,-0.094553234279481,-0.32921132247246,0.088017146239043,0.46161612829255,-1.5041650522094,0.69281300818238,-1.7267349528271,-0.11124462214316,-0.74534900247146,1.7155318942213,1.0642893623665,0.28002750997869,0.018666227010292,6.3324668215437,4.2653257348336,-1.3332008079456,1.7518946009763,5.0729052732626,5.9114376160772,0.11520430608301,1.1113819685642,-4.0508147096109,-2.2042761144819,0.87982111223863,-0.068339273243442,-13.049700540804,-3.4816770639976,-0.97382806264528,-2.4460658161398,-9.2982230171649,0.89328521293896,-0.11911322105195,-1.4672386015925,7.495187113586,0.59118272968166,0.28046239263068,0.14319164150273,22.154367598969,5.7254041898323,-1.3190654301869,3.1539719013702,14.521069072738,5.9949027641085,0.12296964444429,1.812433412561,-12.138324151905,-0.99836013174007,0.87912210035012,-0.243166507825,-33.627594465614,-6.7683803272864,-0.98811558181663,-3.8747033656045,-20.563101234732,-0.69402461548839,-2.7293407205959,-1.5592727013645,35.000959160415,1,2.611711420177,2.1740066755262,37.127179803814,1,-0.34091019145176,0.87909355880486,31.835610568528,1,-2.2109474543939,-2.4490477367101,39.139035348798,1
0.94,0.0079376850146129,-0.011804743547394,0.42202983698806,0.0054784340033879,-0.013522220921942,0.02405600257996,0.99960414417012,-0.06788081719852,0.010779644915592,0.0038828864609066,-0.19645745014574,0.14308998360975,-0.096067236052141,-0.32481289739315,0.080825752551234,0.44944225782109,-1.3443782922284,0.30481129235353,-1.6363959233914,-0.11494968423751,-0.73662822103486,1.7726686085224,1.1146575828163,0.28019998525874,0.050320850833424,6.3288258410378,4.2384424833227,-1.324378937887,1.7766498524769,4.8286240845364,5.8887322522097,0.1207097703531,1.0906424177909,-4.2443978872433,-2.2575938999694,0.87931637137108,-0.13353876608909,-13.027731717051,-3.3649651119612,-0.98617191729659,-2.49093311627,-8.6467236060624,0.97954620925231,-0.12635381319882,-1.4286185692756,7.950800625459,0.71138425651163,0.28145501714479,0.25379698193481,22.080951213739,5.6358183703508,-1.3031197328418,3.2231656794492,13.151489423574,5.933496675716,0.13187638692402,1.749530895975,-13.017508017526,-1.1277958754109,0.87748659076115,-0.41088409928118,-33.44372890323,-6.5412553383123,-1.0077358173203,-3.971313869219,-18.070873178205,-0.50355087868004,-2.6940827272818,-1.516705877505,35.134430438635,1,2.6512968902661,2.2001582457278,37.009743540331,1,-0.42270369581275,0.82834472115642,31.911412244186,1,-2.1543788932896,-2.4593215723738,39.121392037168,1
0.945,0.0077620059579121,-0.011764803972969,0.4220500513859,0.0050415379050765,-0.013144202591616,0.02383475588005,0.99961678519617,-0.068456249985252,0.011820942726383,0.0050258581235648,-0.19702186523095,0.14541503795381,-0.097567904681292,-0.32096030212702,0.074708978051492,0.43553331465323,-1.1988372903103,-0.10115213628805,-1.5470647980744,-0.11861043104042,-0.7276234553967,1.8291219253307,1.1648456295132,0.28053067422648,0.081948918796027,6.321844944502,4.2040753982232,-1.3154363591899,1.8001752709072,4.5810004242618,5.8640309260709,0.12610913244877,1.0689442078164,-4.434250299391,-2.3093839156563,0.87848596674243,-0.19859296538925,-12.991588392618,-3.2439402481911,-0.99873191626996,-2.5325140381382,-7.9838162593914,1.0681435941382,-0.13339566138616,-1.3877514396694,8.3939081942361,0.83407655788369,0.28299958038465,0.36393311206073,21.96671239713,5.5337702740441,-1.2868453070895,3.2854397346387,11.753675215145,5.8655340998934,0.14045775862267,1.682311865664,-13.864574558353,-1.254814502708,0.87501518375294,-0.57744716152874,-33.165890948314,-6.2948225799257,-1.0278077051128,-4.0553164699522,-15.521274734568,-0.30082649984383,-2.6567891012092,-1.4734315484439,35.267936716424,1,2.6888790563186,2.2252834973622,36.890253023168,1,-0.50417780779515,0.77720948149849,31.990839627139,1,-2.0961824964084,-2.4684481962871,39.099341921511,1
0.95,0.0075848606006698,-0.01172119057585,0.42207544527645,0.004603444031666,-0.012759851341675,0.023610489547492,0.99962920089407,-0.069018750878223,0.012858549183903,0.0061655553756886,-0.19753766811903,0.14767225983459,-0.099055031889573,-0.31757773212969,0.069751750287051,0.42015094769882,-1.0694524342073,-0.52161476056733,-1.4584388959135,-0.12222545126431,-0.71833817706553,1.8848700808178,1.2147850099049,0.28101940236716,0.11353373979396,6.3115278159699,4.1664709950874,-1.3063792620889,1.8224545714952,4.3302057025598,5.8373796938601,0.1313976464074,1.0463064110591,-4.6202050684791,-2.35960212177,0.87733080185384,-0.26343109053436,-12.941309892352,-3.11881459196,-1.0114914887039,-2.5707537225286,-7.3103755748195,1.1588893887713,-0.14022768937687,-1.3447014933441,8.8238128488447,0.95904143573102,0.28509322681989,0.47339641634914,21.811862349566,5.4189819042995,-1.2702770920324,3.3406603725376,10.330627375091,5.7908219415238,0.14869258723123,1.6109421671512,-14.677433857392,-1.3789057127436,0.87171482364769,-0.7423876747033,-32.794861288252,-6.0302041074953,-1.0482675220989,-4.1264444810936,-12.922400224901,-0.086722006367728,-2.6174880212184,-1.429469900569,35.401329256794,1,2.7244295214752,2.2493707101306,36.768841374602,1,-0.58527096604838,0.72571169313616,32.073804228739,1,-2.0364022365988,-2.4764233511089,39.072909567473,1
0.955,0.0074062824069589,-0.011673916975296,0.42210600211526,0.0041642701506224,-0.012369344061416,0.023383244814393,0.99964137671645,-0.069568213616839,0.01389214027237,0.0073012356900126,-0.19800473154331,0.14986059631478,-0.10052841127904,-0.31459203393499,0.066019981373685,0.40356374482409,-0.95806549406716,-0.95301496008813,-1.3701074959926,-0.12579335125007,-0.70877596569291,1.9398915830086,1.2644102815972,0.28166591176392,0.14505864554585,6.2978799001077,4.1257607791454,-1.2972139160902,1.8434723320571,4.0764135246246,5.8088289300671,0.13657066370031,1.022748925821,-4.8020987429054,-2.4082013393317,0.87585213355386,-0.32798259600897,-12.876950920531,-2.9898093525832,-1.0244338004325,-2.6056017184407,-6.6272900470285,1.2515926425968,-0.14683915096347,-1.2995364442576,9.2398383852897,1.0859953123723,0.28773208579578,0.58198452316372,21.616687351985,5.2912263736182,-1.2534506575012,3.388709041526,8.8854010044186,5.7091942713848,0.15656055544592,1.5355978866573,-15.454080395149,-1.4995061888995,0.86759478401464,-0.90524217808568,-32.331682466625,-5.7486212383109,-1.0690503136076,-4.1844720894525,-10.282500409152,0.13781591278961,-2.5762091829698,-1.384841440885,35.534459449468,1,2.7579214240175,2.2724086479529,36.645643857209,1,-0.66592189706818,0.67387537849438,32.160213619586,1,-1.9750832834669,-2.48324331663,39.042124422873,1
0.96,0.0072263051115257,-0.011622997933544,0.42214170199417,0.0037241342985538,-0.011972860581092,0.023153062959927,0.99965329845342,-0.070104534403509,0.014921393229891,0.0084321591563576,-0.1984229402629,0.15197902659036,-0.10198783835979,-0.31193499900576,0.063560529695382,0.38604259361874,-0.86640477063559,-1.391729471258,-1.281576367987,-0.12931275550434,-0.69894050769335,1.9941652200667,1.3136595993952,0.28246986123386,0.17650699938942,6.2809083993403,4.0820789098246,-1.2879466656323,1.8632140036727,3.8197995705504,5.7784324320781,0.14162363731873,0.99829245879724,-4.9797714407127,-2.4551307113556,0.87405157067089,-0.39217724814707,-12.798581501339,-2.8571551788915,-1.0375417761951,-2.6370120496516,-5.9354608954912,1.3460600962282,-0.15321964687092,-1.2523273332472,9.6413304302658,1.2145905951954,0.29091127868919,0.68949667890036,21.381548236576,5.1503333789523,-1.2364021276905,3.4294825872807,7.4210988185915,5.6205158841954,0.16404225109582,1.4564649166529,-16.192597997723,-1.6160093434912,0.86266664161254,-1.0655530723645,-31.777655953798,-5.4513872741885,-1.0900900996069,-4.2292150722565,-7.6099562920953,0.37176862817798,-2.532983776506,-1.3395669874475,35.667178976447,1,2.7893294576648,2.29438656421,36.520797723171,1,-0.74606966149456,0.62172471791214,32.249971532504,1,-1.9122719692461,-2.4889049115077,39.007020784897,1
0.965,0.0070449627134174,-0.0115684493512,0.42218252165424,0.0032831547408932,-0.011570583590113,0.022919985291306,0.99966495225379,-0.070627611923256,0.015945986649253,0.0095575889636914,-0.19879219109104,0.15402656246682,-0.10343311057838,-0.30954518079495,0.062401519833867,0.36785611574146,-0.79603941166382,-1.8341118153213,-1.192294745079,-0.13278230722979,-0.68883559482313,2.0476700684717,1.3624752620103,0.28343082650813,0.2078622050612,6.2606222700505,4.0355674620395,-1.278583925694,1.8816659207564,3.5605414737221,5.7462464680724,0.1465521257706,0.97295850687501,-5.1530669901219,-2.5003352091316,0.87193107226275,-0.45594520154809,-12.70628690268,-2.7210922026459,-1.0507981221648,-2.664943275374,-5.2358008754596,1.4420968765628,-0.15935914111386,-1.2031484162884,10.027657470432,1.3444183211392,0.29462492792799,0.79573411913275,21.106879719682,4.9961940820695,-1.2191681036048,3.4628934742339,5.9408644864004,5.5246855513908,0.17111921503737,1.3737384972174,-16.891164564473,-1.7277770321874,0.85694424386056,-1.2228699054287,-31.134338489962,-5.1398983367452,-1.1113200841728,-4.2605313820119,-4.9132525157868,0.61405130743089,-2.4878444626853,-1.293667659652,35.799339977246,1,2.8186298906949,2.3152942067556,36.394442061363,1,-0.82565370015717,0.56928403836288,32.342977969784,1,-1.8480157537887,-2.4934054947501,38.96763776189,1
0.97,0.0068622894695589,-0.011510288262278,0.42222843450096,0.0028414499314796,-0.011162698553803,0.022684053125234,0.99967632464568,-0.071137347362855,0.016965600578285,0.010676791880171,-0.19911239292062,0.15600224882008,-0.10486402734589,-0.30736917594166,0.062552986971315,0.34926628826779,-0.7483343621631,-2.2765311748849,-1.1016835903098,-0.13620066884816,-0.67846512271852,2.1003855010862,1.4108042562552,0.28454830045579,0.23910771545487,6.2370322178526,3.9863740267073,-1.2691321773537,1.8988153105167,3.2988186978538,5.7123287860923,0.15135179698453,0.94676933823844,-5.3218330668054,-2.5437552191148,0.86949294548519,-0.51921707507043,-12.600167543406,-2.5818699881864,-1.0641853487642,-2.6893585449303,-4.5292330737342,1.5395072149441,-0.16524797678235,-1.1520770476962,10.398211845728,1.4750120865958,0.29886616785725,0.90050043608064,20.79318959812,4.8287653136508,-1.2017855844812,3.488869973501,4.4478758809081,5.4216389196908,0.17777398669754,1.2876227343349,-17.548056563576,-1.8341529273208,0.85044366992884,-1.3767506380777,-30.403537710904,-4.8156223806349,-1.1326728675499,-4.278321597468,-2.2009504230042,0.86352018469908,-2.4408253485024,-1.2471648683823,35.930795213625,1,2.8458005838765,2.3351218226998,36.266717642399,1,-0.90461387983348,0.51657780210664,32.439129314594,1,-1.7823631887061,-2.4967429669482,38.924019229783,1
0.975,0.006678319888282,-0.011448532828875,0.42227941062151,0.0023991384720601,-0.010749393628763,0.02244530776989,0.99968740255658,-0.071633644429496,0.017979916619775,0.01178903873085,-0.19938346674663,0.15790516404209,-0.10628039006581,-0.30536233363444,0.064007806362878,0.33052436191874,-0.72440752714935,-2.715411179919,-1.0091639536461,-0.139566522516,-0.66783308939393,2.1522911951073,1.4585987912804,0.28582169335149,0.2702270413537,6.2101506919427,3.9346491882819,-1.2595979633035,1.9146503017984,3.0348124127605,5.6767376041977,0.15601843211766,0.91974797279493,-5.4859213277778,-2.5853262464165,0.86673984308165,-0.58192402731992,-12.480338884056,-2.4397473665874,-1.0776857937405,-2.7102256463713,-3.8166896908021,1.6380951781757,-0.17087689123136,-1.0991935584537,10.752410705176,1.6058532305228,0.30362715743225,1.0036019417211,20.441057810376,4.6480730317949,-1.1842918883565,3.507356316873,2.9453382569651,5.3113510125175,0.18399014715325,1.198330096315,-18.161653284397,-1.9344771544905,0.84318318555826,-1.5267628860923,-29.587307068794,-4.4800865127222,-1.1540806601281,-4.282529239254,0.51833912282125,1.1189813236786,-2.3919619613181,-1.2000803060225,36.061398233624,1,2.8708210071966,2.3538601629576,36.137766761803,1,-0.98289053868508,0.46363059527898,32.538318446417,1,-1.7153638806828,-2.4989157712551,38.876213783213,1
0.98,0.0064930887228062,-0.011383202335506,0.4223354168043,0.0019563390717382,-0.010330859576866,0.022203790507431,0.9996981733328,-0.07211640936898,0.018988618030895,0.012893604872751,-0.19960534568565,0.15973442047067,-0.10768200216156,-0.30348888213995,0.066742864522335,0.31186717806251,-0.72509077642524,-3.1472680476282,-0.91418422073434,-0.14287857063264,-0.6569435937006,2.203367139902,1.5058168095118,0.28725033318662,0.30120376013237,6.1799918785287,3.8805439512135,-1.2499878833197,1.929159933299,2.7687053689485,5.6395306034021,0.16054792926398,0.8919181619411,-5.6451875417872,-2.6249787695024,0.86367476049697,-0.64399783155097,-12.346931301234,-2.2949921337371,-1.0912816454677,-2.7275170489744,-3.099110810951,1.7376654016424,-0.17623703065019,-1.0445811298576,11.089696923651,1.7363771979858,0.3088990947147,1.1048480258718,20.051135364444,4.4542149788626,-1.1667245719503,3.5183128165444,1.4364773699383,5.1938382980562,0.1897523596408,1.106080889583,-18.730440836172,-2.0281017225768,0.83518319173605,-1.672485135176,-28.687940062258,-4.1348628080165,-1.1754754976572,-4.2731409491865,3.2359830748872,1.379200779086,-2.341291222015,-1.1524359363387,36.191003534722,1,2.8936722553734,2.3715004865638,36.007733081475,1,-1.0604245313378,0.41046711642216,32.640434860392,1,-1.6470684539944,-2.499922894112,38.824274681384,1
0.985,0.0063066309646736,-0.011314317183075,0.4223964165606,0.0015131705063901,-0.0099072896779292,0.021959542577054,0.99970862475827,-0.072585550983426,0.019991389822109,0.013989770666973,-0.19977797499239,0.16148916480365,-0.10906866910383,-0.30172148719476,0.070720426477203,0.2935139741062,-0.75089639814099,-3.5687475077952,-0.81624511722204,-0.14613553634048,-0.6458008337464,2.2535936447212,1.5524224550352,0.288833466024,0.33202152442374,6.1465716933439,3.8242071772336,-1.2403085896946,1.9423341611574,2.5006817711121,5.6007639464804,0.16493630705978,0.86330436768557,-5.7994917160928,-2.6626382772584,0.86030103261831,-0.70537094989904,-12.200089945753,-2.1478805939802,-1.1049549664464,-2.7412099395659,-2.3774431619821,1.8380238137835,-0.1813199639887,-0.98832566268157,11.409539978197,1.8659809700252,0.3146722331454,1.2040515085836,19.624143134264,4.2473624948268,-1.1491213500354,3.521715950317,-0.07546744957173,5.0691602950078,0.19504640739538,1.0111027151308,-19.253015883137,-2.114406219535,0.82646616737185,-1.8135079253543,-27.707963791956,-3.7815528735363,-1.1967894570156,-4.2501865326782,5.9433536107294,1.6429160039287,-2.2888514170998,-1.1042539842326,36.319466725939,1,2.9143370621407,2.3880345647505,35.876761469645,1,-1.1371572735715,0.35711216496393,32.745364790422,1,-1.5775285122558,-2.4997638657215,38.768259788735,1
0.99,0.0061189818371386,-0.011241898882508,0.42246237014828,0.0010697515780755,-0.0094788796411054,0.021712605158632,0.9997187450726,-0.073040980648501,0.020987918855539,0.01507682194755,-0.19990131207315,0.16316857849686,-0.11044019843751,-0.30004028217904,0.075889652728335,0.27566375072944,-0.80199050377029,-3.9766599380242,-0.71492145273805,-0.14933616401725,-0.63440910527741,2.3029513462913,1.5983864749009,0.29057025639577,0.36266407074585,6.1099077732478,3.7657830969838,-1.2305667826317,1.9541638659058,2.230927150623,5.5604913466004,0.1691797081833,0.83393174114726,-5.9486982195158,-2.698225514083,0.85662233014668,-0.76597660686345,-12.039974584714,-1.9986969342932,-1.118687716969,-2.7512862526195,-1.6526388661576,1.9389783417215,-0.18611769621873,-0.93051564206121,11.711436782492,1.9940314059937,0.32093589956335,1.3010289861921,19.160870526996,4.0277614601851,-1.1315200144691,3.5175584120996,-1.5872502501569,4.9374206946383,0.19985922872722,0.91362990696994,-19.7280891069,-2.1928132106314,0.81705660613495,-1.9494350015015,-26.650131859767,-3.4217714662698,-1.2179548718497,-4.2137388641137,8.6318555233451,1.9088482947333,-2.2346821697749,-1.0555569253749,36.446644688699,1,2.9327998132944,2.4034546847855,35.744997839477,1,-1.2130307865862,0.30359062964921,32.852991335923,1,-1.5067965994301,-2.4984387602663,38.708231510469,1
0.995,0.0059301767885145,-0.011165970048037,0.42253323459775,0.00062620107446506,-0.0090458275150309,0.021463019356926,0.99972852298855,-0.073482612330161,0.021977893942745,0.016154050486736,-0.19997532649633,0.164771878146,-0.11179639980845,-0.29843143350489,0.082188220237354,0.25849325499264,-0.87817469934478,-4.368013134511,-0.6098797604978,-0.15247921976004,-0.62277280002181,2.3514212162787,1.6436865248404,0.29245978774421,0.39311522808462,6.0700194669187,3.705408959215,-1.2207692056073,1.9646408587825,1.9596282371019,5.5187632098945,0.17327440274519,0.80382610044791,-6.0926759016582,-2.7316569512101,0.85264265560316,-0.8257488619609,-11.866759427666,-1.8477324183268,-1.1324617789205,-2.7577326940905,-0.92565418403169,2.0403395889512,-0.19062268090951,-0.87124199831437,11.994912478163,2.1198743087785,0.32767851393787,1.3956011703875,18.662174023599,3.7957323567612,-1.1139583530591,3.5058491275928,-3.0956254282429,4.7987679854114,0.20417894924795,0.81390295397402,-20.154488387497,-2.2628027664927,0.80698094763035,-2.0798844267651,-25.517416631536,-3.0571295181397,-1.2389045473963,-4.1639136554919,11.29295350877,2.1757160170994,-2.1788244099987,-1.0063674757207,36.572395736277,1,2.9490465584904,2.41775365357,35.612588986506,1,-1.2879877408104,0.24992747693009,32.963194592059,1,-1.4349261601267,-2.4959481958748,38.644256723032,1
1,0.0057402514854763,-0.011086554390135,0.42260896373991,0.00018263772831097,-0.0086083335967726,0.021210826186409,0.99973794770862,-0.073910362600903,0.022961005941905,0.017220754456429,-0.2,0.16629831585203,-0.11313708498985,-0.29688532528691,0.089544003673023,0.24215561151307,-0.97887706989783,-4.740042156815,-0.50089120283817,-0.15556349186104,-0.61089640399678,2.3989845686259,1.6883073487935,0.29450106290554,0.42335892642787,6.0269278246423,3.6432128784086,-1.2109226407032,1.9737578874006,1.6869728291606,5.4756258754298,0.17721679156706,0.77301390801826,-6.2312982081814,-2.7628454933491,0.84836633897403,-0.88462268147032,-11.680632937069,-1.6952843949322,-1.1462589796822,-2.7605407589551,-0.197448252821,2.1419214775837,-0.19482783209768,-0.81059796391546,12.259521181696,2.2428439940397,0.33488761077732,1.4875932196757,18.128975595393,3.5516694500843,-1.0964740684377,3.4866132351273,-4.5973546959836,4.6533955741546,0.20799491116756,0.71216790653419,-20.531161695294,-2.3239255681978,0.79626750310703,-2.2044896557568,-24.313000885129,-2.689216956627,-1.2595719738092,-4.1008690890697,13.918199263479,2.4422483124744,-2.1213203435596,-0.95670858091272,36.69657977165,1,2.9630650217854,2.4309248009942,35.479682425101,1,-1.3619714992186,0.19614773931961,33.075851783326,1,-1.3619714992186,-2.4922933343328,38.576406699606,1
1.005,0.0055492418063237,-0.011003676708116,0.42268950823626,-0.00026081982301704,-0.0081666003396188,0.02095606655671,0.99974700894095,-0.074324150655525,0.023936947854351,0.018276238885415,-0.19997532649633,0.16774717957011,-0.11446206790841,-0.29539446407563,0.097876776070585,0.22677961062853,-1.1031531859176,-5.0902357130857,-0.38783935754802,-0.15858779127464,-0.59878449577906,2.4456230667551,1.7322408018769,0.29669300463607,0.45337920524586,5.9806555872037,3.5793119371447,-1.2010339039113,1.9815086407679,1.4131496644037,5.4311209744434,0.1810034093451,0.74152224733802,-6.364443292046,-2.791701419372,0.84379803299963,-0.94253400919123,-11.481797623239,-1.5416551217906,-1.1600611161074,-2.7597067424318,0.53101817901963,2.2435418495872,-0.19872653543279,-0.74867892684853,12.504846685775,2.3622731238818,0.34254986217485,1.5768350626189,17.562260999562,3.2960391122357,-1.0791046971191,3.4598920316943,-6.0892140334494,4.5015414052691,0.21129769958972,0.60867576949387,-20.8571796866,-2.3758140863089,0.78494637590715,-2.3229005644959,-23.040268867249,-2.3195857320977,-1.2798915373108,-4.0248053151745,16.499258305585,2.7071989565268,-2.0622134201857,-0.90660340557843,36.819058443573,1,2.9748446109127,2.4429619830486,35.346426224117,1,-1.4349261601267,0.14227650371477,33.190837400334,1,-1.2879877408104,-2.4874758805414,38.504757030706,1
1.01,0.0053571838342027,-0.010917362882384,0.42277481561105,-0.00070405307790369,-0.0077208322597556,0.020698781258683,0.99975569691444,-0.074723898326393,0.02490541492043,0.019319816112156,-0.19990131207315,0.1691177934417,-0.11577116467015,-0.29395121638017,0.10709989179336,0.2124696388418,-1.2496974479625,-5.4163585983536,-0.27072276015095,-0.16155095207585,-0.58644174473983,2.4913187306375,1.7754856892782,0.29903445618073,0.48316022191423,5.9312271738855,3.5138105928782,-1.1911098404158,1.9878877536556,1.1383482887809,5.3852849281399,0.18463092769606,0.70937879912984,-6.4919941206135,-2.818133544733,0.83894270811207,-0.9994198361385,-11.270469824013,-1.3871504112344,-1.1738499785379,-2.7552317448688,1.2587840193475,2.3450230236418,-0.20231265858122,-0.68558228056999,12.73050311394,2.4775025548775,0.35065110244852,1.6631617122574,16.963077956716,3.0293773188213,-1.0618875289136,3.4257428842869,-7.5680006101832,4.3434870868796,0.2140791657406,0.50368188285934,-21.131737996576,-2.418191408636,0.77304937687968,-2.434784434211,-21.702796784158,-1.9497334701308,-1.2997987284989,-3.9359638167777,19.027936434678,2.9693600219518,-2.0015483007138,-0.85607532252372,36.939695300719,1,2.9843764252852,2.4538595846901,35.212968841937,1,-1.5067965994301,0.088338899694052,33.308023339635,1,-1.2130307865862,-2.4814980817218,38.429387539965,1
1.015,0.00516411385029,-0.010827639866359,0.42286483028542,-0.001146943710745,-0.0072712358418736,0.020439010951129,0.99976400239296,-0.075109530098205,0.025866104714681,0.020350806232805,-0.19977797499239,0.17040951810984,-0.11706419358591,-0.2925454982832,0.11712191904189,0.19930621396517,-1.4168646592238,-5.7164697649703,-0.14965233759942,-0.16445183190977,-0.57387290924458,2.5360539437248,1.8180473990612,0.30152418188355,0.51268626007463,5.8786686695816,3.4467994301287,-1.1811573198547,1.9928908103124,0.8627589253792,5.3381485998153,0.18809615808279,0.67661181702834,-6.6138385785165,-2.8420505822048,0.83380564702729,-1.0552182690977,-11.046879469366,-1.2320781119913,-1.1876073748279,-2.7471216702924,1.9848891003355,2.4461923064415,-0.20558056087178,-0.62140727081685,12.936135527541,2.5878909510328,0.35917635433027,1.746413571131,16.332534213909,2.7522863678021,-1.0448595268706,3.3842391067402,-9.0305396612672,4.1795565400065,0.21633244707391,0.3974452918145,-21.354159223804,-2.4508773937925,0.76060993499618,-2.5398268862347,-20.304342753022,-1.5810881582544,-1.3192303471479,-3.8346266428487,21.496205746312,3.2275749952855,-1.9393708233446,-0.80514790183041,37.058355943692,1,2.9916532627212,2.4636125224611,35.079458961077,1,-1.5775285122558,0.034360087795157,33.427279046442,1,-1.1371572735715,-2.4743627263671,38.350382195202,1
1.02,0.0049700683269386,-0.010734535678056,0.42295949361367,-0.0015893736120646,-0.0068180194437508,0.020176796148181,0.99977191668879,-0.075480973122255,0.026818717240267,0.021368537544177,-0.19960534568565,0.17162175101742,-0.11834097519658,-0.29116253734724,0.12784819395414,0.18734706632782,-1.602701280058,-5.9889356917718,-0.024844113393877,-0.16728931243201,-0.56108283481864,2.5798114597409,1.8599373148463,0.3041608678397,0.54194173792867,5.823007811031,3.3783542887022,-1.1711832315648,1.996514347521,0.58657234274675,5.2897371126546,0.19139605461699,0.64325010274561,-6.7298695662064,-2.8633626670365,0.82839243899732,-1.1098685979664,-10.811269831242,-1.076746447078,-1.2013151543466,-2.7353872186175,2.7083754452567,2.5468824593637,-0.20852510216802,-0.5562548395015,13.121420484023,2.6928239242732,0.36810985665536,1.8264367263371,15.671795496676,2.4654308809995,-1.0280572479244,3.3354698023359,-10.473691303135,4.0101141937852,0.21805198420234,0.29022810759409,-21.523894601592,-2.4737919483117,0.7476630034199,-2.6377327653658,-18.848836242096,-1.2149942513577,-1.3381247028528,-3.7211155129215,23.89623011854,3.4807510087518,-1.8757279690071,-0.75384489986124,37.174908174763,1,2.9966696248859,2.4722162468613,34.94604532254,1,-1.6470684539944,-0.019634752221779,33.548471660075,1,-1.0604245313378,-2.4660731429412,38.267829014879,1
1.025,0.0047750839207883,-0.010638079391337,0.42305874392144,-0.0020312249284656,-0.0063613931998553,0.019912177207351,0.99977943167516,-0.075838157230201,0.027762955022661,0.022372346981369,-0.19938346674663,0.17275392668823,-0.11960133229802,-0.28978082221692,0.13918227341183,0.17662868913348,-1.8049853993504,-6.2324388259188,0.10339222163741,-0.1700622997398,-0.54807645227918,2.6225744093302,1.9011720043594,0.30694312258892,0.570911216461,5.7642739721805,3.308535786816,-1.1611944798122,1.9987558569955,0.309979722839,5.2400698394249,0.19452771673646,0.60932298075485,-6.8399850940922,-2.8819830034249,0.82270897372901,-1.1633113618086,-10.563897258872,-0.92146223409,-1.2149552319239,-2.7200438715314,3.4282885323773,2.6469321232063,-0.21114165095324,-0.49022746593853,13.286066545676,2.7917224876178,0.37743509350098,1.9030832340787,14.982083353884,2.169533160891,-1.0115167644106,3.2795396725089,-11.894357274499,3.8355627564185,0.21923353461403,0.18229486079215,-21.640525351918,-2.4869553567228,0.73424496129204,-2.7282269692157,-17.340367029456,-0.85270053950644,-1.3564218108806,-3.5957907957176,26.220390089593,3.72786987383,-1.8106678258607,-0.70219024817823,37.289222145148,1,2.9994217214462,2.4796667444691,34.812876560108,1,-1.7153638806828,-0.073620433119909,33.67146616198,1,-0.98289053868509,-2.4566331983268,38.181819970037,1
1.03,0.0045791974658407,-0.01053830112683,0.4231625165459,-0.0024723801023926,-0.0059015689240164,0.019645194318267,0.9997865397979,-0.076181014947312,0.028698523202534,0.023361580549758,-0.19911239292062,0.17380551699076,-0.12084508996563,-0.28837034513531,0.15102726884528,0.16716826636259,-2.0212740806006,-6.4459809955462,0.23466810703158,-0.17276972479376,-0.53485877583426,2.6643263065618,1.9417721912988,0.3098694778498,0.59957940758688,5.7024981486832,3.2373892453832,-1.1511979790136,1.9996137871174,0.033172528678606,5.1891605646669,0.19748839175464,0.57486027251463,-6.9440883721882,-2.8978295818521,0.81676143497592,-1.2154884135492,-10.305030899851,-0.76652901936906,-1.2285096117115,-2.7011118720674,4.143678554292,2.7461862050352,-0.21342609161548,-0.42342900565337,13.429814738044,2.884050637854,0.38713482472029,1.9762113931776,14.26467289938,1.8653679855269,-0.99527358662362,3.2165687920672,-13.289487587918,3.6563405978526,0.21987418313978,0.073911848701467,-21.703763718656,-2.4904858200476,0.72039351151125,-2.8110552212093,-15.783173711264,-0.49535006775222,-1.3740635826067,-3.459050365068,28.461307047717,3.967997641735,-1.7442395529595,-0.65020804237914,37.401170499667,1,2.9999074729344,2.4859605398145,34.680101034751,1,-1.7823631887061,-0.12757177193488,33.796125526152,1,-0.90461387983349,-2.4460472960208,38.092450881837,1
1.035,0.0043824459665012,-0.010435232042526,0.42327074387784,-0.0029127219116809,-0.0054387600112104,0.019375887492106,0.99979323408618,-0.07650948150522,0.029625129627835,0.024335593751083,-0.19879219109104,0.17477603138454,-0.12207207557866,-0.28689122759909,0.16328704843889,0.15896587610731,-2.2489564288845,-6.6288818273199,0.36853339293156,-0.17541054383,-0.52143490114975,2.7050510552844,1.9817615300705,0.31293838929469,0.62793118222019,5.637712941541,3.1649450067855,-1.1412006489497,1.9990875440102,-0.2436576281791,5.1370178141657,0.20027547728023,0.53989227025622,-7.0420878951911,-2.9108269118321,0.81055629381022,-1.2663429832401,-10.034952407309,-0.61224516171504,-1.2419604109255,-2.6786161978979,4.8536016710392,2.8444962319754,-0.215374830921,-0.35596452702624,13.552438957266,2.9693219229953,0.39719111781537,2.0456860070462,13.520890454605,1.553756932721,-0.97936258658077,3.1466923514062,-14.656087077731,3.4729187860215,0.21997234914552,-0.034653521706006,-21.713453677537,-2.7263574709638,0.70614757479359,-2.8859847850678,-14.181631791882,-0.14397233241478,-1.3909940099309,-3.3113283367656,30.611866656372,4.2002924651937,-1.6764933431082,-0.59792253085751,37.510628518635,1,2.9981265123195,2.4910946970002,34.547866669339,1,-1.8480157537887,-0.18146360172206,33.922310871792,1,-0.82565370015718,-2.4343203740809,37.999821314804,1
1.04,0.0041848665905884,-0.010328904324047,0.4233833554058,-0.0033521335088669,-0.0049731813385073,0.019104296551718,0.9997995081623,-0.076823494854155,0.030542484945022,0.025293752003346,-0.1984229402629,0.17566501714897,-0.12328211884413,-0.28529280041677,0.17586729999633,0.15200686128738,-2.4853104969478,-6.7807723441158,0.5044951534966,-0.17798373876249,-0.50781000338488,2.7447329553322,2.0211652148224,0.31614823736463,0.65595157825755,5.5699525399,3.0912191288287,-1.131209409975,1.99717749195,-0.52031912028356,5.0836453407638,0.20288652350462,0.50444971035716,-7.1338975229113,-2.9209077122646,0.80410030158199,-1.3158197398267,-9.7539556334555,-0.45890190421009,-1.2552898834392,-2.6525865283805,5.5571212553432,2.9417206769885,-0.21698480366619,-0.28794014602842,13.653746325721,3.0471048923817,0.40758538109009,2.1113786336335,12.752111096543,1.2355623308561,-0.96381792315629,3.0700603662725,-15.991221830292,3.2857978237591,0.21952779043207,-0.14313339353645,-21.669571321101,-2.7115750528552,0.69154718031048,-2.9528051187668,-12.540241389295,0.20052209446736,-1.4071593430893,-3.1530936903593,32.665241440426,4.4240105930454,-1.607480384937,-0.54535810349136,37.617474256802,1,2.9940801852848,2.4950668210707,34.416320783847,1,-1.9122719692461,-0.23527078329629,34.049881618033,1,-0.74606966149457,-2.4214579028216,37.904034465904,1
1.045,0.0039864966623132,-0.010219351174598,0.42350027776193,-0.0037904984602373,-0.0045050491652293,0.018830461122468,0.99980535625058,-0.077122995674665,0.031450302689416,0.026235431054251,-0.19800473154331,0.17647205959453,-0.12447505182049,-0.28351318754627,0.18867645113565,0.14626425846216,-2.7275620173259,-6.9015840565905,0.64203707804821,-0.18048831757561,-0.49398933519709,2.7833567085773,2.0600084649787,0.31949732812408,0.68362580847425,5.4992527030081,3.0162144228439,-1.121231178228,1.9938849531136,-0.79662043693736,5.0290427502848,0.20531923535526,0.46856374632442,-7.2194365559895,-2.9280145020604,0.7974004825736,-1.3638648513502,-9.4623463098685,-0.30678147420202,-1.2684804431969,-2.6230572054007,6.2533091283406,3.0377252612992,-0.21825347749883,-0.21946285931068,13.733577495408,3.1170273710303,0.4182983980218,2.1731678228847,11.959756115532,0.91168093748977,-0.94867296874676,2.9868373556993,-17.292025482707,3.095504137991,0.21854160383278,-0.25126012084163,-21.572224917681,-2.6878005856768,0.67663335321211,-3.0113284661311,-10.863614590382,0.53734443757952,-1.4225082612955,-2.9848487802637,34.614912461634,4.6385103911683,-1.5372528242232,-0.49253928026597,37.721588679215,1,2.9877715492107,2.4978750591298,34.285609931225,1,-1.9750832834669,-0.28896821695866,34.178695640555,1,-0.6659218970682,-2.4074658822627,37.805197049577,1
1.05,0.0037873736552274,-0.010106606804595,0.42362143476982,-0.0042277007845918,-0.0040345810323677,0.018554420623796,0.99981077318525,-0.077407927388821,0.03234829937466,0.027160017387911,-0.19753766811903,0.17719678225618,-0.12565070894092,-0.28147941945518,0.20162644725598,0.14170117884585,-2.9729429183901,-6.9915339902682,0.78063853247221,-0.18292331470656,-0.47997822471708,2.8209074248277,2.0983149383083,0.32298389415485,0.71093926832792,5.4256507413435,2.9399217946322,-1.111272860843,1.9892122066632,-1.0723703167639,4.9732062467651,0.20757147451295,0.4322659214109,-7.2986298068301,-2.9321010369435,0.79046412635712,-1.4104260435173,-9.1604417148465,-0.15615525146043,-1.2815146874156,-2.5900671880638,6.9412467841603,3.1323832372425,-0.21917885690131,-0.15064037590653,13.791806898587,3.1787795418922,0.42931036278809,2.2309393412726,11.145290387633,0.58303744834304,-0.93396023762483,2.8972019888053,-18.555705376544,2.9025863764003,0.21701622250729,-0.35876692896581,-21.421654644279,-2.6557054524672,0.66144799935229,-3.0613903844041,-9.1564624915663,0.86582808960719,-1.4369920356712,-2.8071277409131,36.454690014601,4.8432543468172,-1.4658637244909,-0.43949069983588,37.822855793835,1,2.9792053708648,2.4995181012052,34.155879734129,1,-2.0364022365988,-0.34253085420492,34.308609429929,1,-0.58527096604839,-2.3923508393305,37.703419178844,1
1.055,0.003587535185145,-0.0099907064209853,0.42374674749414,-0.0046636249916962,-0.0035619956613082,0.018276214261495,0.99981575441734,-0.077678236170907,0.03323619458124,0.028066908624562,-0.19702186523095,0.177838847069,-0.12680892703632,-0.27910807761923,0.21463339067592,0.13827304335126,-3.2187476543525,-7.0511061991286,0.91979247827288,-0.18528779141758,-0.46578207349463,2.8573706275674,2.1361051287714,0.32660609548883,0.73787754366581,5.3491854969248,2.862321838634,-1.1013413511694,1.9831624871687,-1.3473778801022,4.9161294725914,0.20964126129146,0.39558814088939,-7.37140766569,-2.9331335441436,0.78329877986305,-1.4554526565767,-8.8485703282033,-0.0072820429748908,-1.2943754195447,-2.5536600012942,7.6200266017413,3.2255756540038,-0.21975948632938,-0.081580947814951,13.828342945288,3.2321158753797,0.44060091688303,2.2845863829887,10.310219666424,0.25057793819864,-0.91971131613524,2.8013467012148,-19.779548553316,2.7076115692695,0.2149554099384,-0.46538857274307,-21.218231993994,-2.6157767163533,0.64603378753861,-3.10285020631,-7.4235819612723,1.1854265565863,-1.4505646839479,-2.6204947910215,38.178733277505,5.0378090755241,-1.3933670269157,-0.38623710803163,37.921162780753,1,2.9683881228001,2.4999951808588,34.027274722683,1,-2.0961824964084,-0.39593370940997,34.439478251494,1,-0.50417780779516,-2.3761198248129,37.598814242637,1
1.06,0.0033870190030366,-0.0098716862162503,0.42387613429206,-0.0050981561204031,-0.0030875128519146,0.017995881020725,0.99982029602066,-0.077933870957588,0.034113711044056,0.02895551391302,-0.19645745014574,0.17839795452588,-0.12794954535793,-0.27630644839881,0.22761804635813,0.13592958506149,-3.4623855445291,-7.0810304008325,1.0590215684415,-0.1875808361579,-0.45140635441628,2.8927322595376,2.1733948094662,0.33036202057897,0.76442641833158,5.269897322813,2.7833866297015,-1.0914435239996,1.9757399823686,-1.621452761138,4.8578044167059,0.2115267763776,0.35856264400825,-7.4377061618643,-2.9310917147081,0.77591223916908,-1.4988957004378,-8.5270714738733,0.13959350012056,-1.3070456719547,-2.5138836784118,8.2887530422903,3.3171916071572,-0.21999445250159,-0.012393199729056,13.843128167369,3.2937223265597,0.45214918675524,2.334009767402,9.4560877992168,-0.08473666815933,-0.90595679488301,2.6994772819235,-20.960927578852,2.5111612154803,0.21236425064662,-0.57086199092093,-20.962458859454,-2.5685406639592,0.63043402963882,-3.1355914353102,-5.669842161365,1.4957091189967,-1.4631831164489,-2.4255424423328,39.781568855208,5.2218434075018,-1.3198175095677,-0.33280334631638,38.01640011789,1,2.9553279784643,2.499306075545,33.899938173463,1,-2.1543788932896,-0.44915187148298,34.571156306602,1,-0.42270369581275,-2.3587804100705,37.491498779469,1
1.065,0.0031858629878971,-0.0097495833571064,0.42400951086642,-0.0055311797764156,-0.0026113533800212,0.017713459659749,0.99982439469673,-0.078174783457555,0.034980574739001,0.029825254315631,-0.19584456212435,0.17887384381722,-0.12907240559968,-0.27297414307888,0.24050622064129,0.13461654734012,-3.7014275618673,-7.0822584226721,1.1978918959925,-0.18980156491511,-0.43685660959539,2.926978688156,2.2101935806714,0.3342496873081,0.79057188166759,5.1878280618162,2.703081653387,-1.0815862308104,1.9669498302713,-1.8944052396784,4.798222362865,0.21322636243036,0.32122197565357,-7.4974670199162,-2.9259694229038,0.7683125410178,-1.5407079079732,-8.1962949507183,0.28424229229907,-1.3195087283227,-2.4707906977597,8.9465438307983,3.4071284712424,-0.21988338583585,0.056814041821446,13.836139308917,3.530881272701,0.4639338223981,2.3791181224197,8.584473872856,-0.4219370023363,-0.8927262030593,2.5918124314955,-22.097306184063,2.3138273516341,0.20924913764547,-0.67492695519576,-20.654966294531,-2.5145500094692,0.61469255888028,-3.1595220729425,-3.9001708654596,1.7963544071674,-1.4748072728874,-2.2228896185483,41.258108155883,5.3951246817147,-1.2452707460215,-0.27921434019804,38.108461703009,1,2.9400348060243,2.4974511067142,33.774011949872,1,-2.2109474543939,-0.50216051548788,34.703496895056,1,-0.34091019145177,-2.3403406835048,37.381592347606,1
1.07,0.0029841051395912,-0.0096244359728974,0.4241467903207,-0.0059625821696723,-0.0021337388943836,0.017428988704417,0.99982804777869,-0.078400928160649,0.035836514968534,0.030675563185453,-0.19518335238775,0.17926629295264,-0.13017735192013,-0.26900512234737,0.25322901942818,0.13427702312135,-3.9336463168574,-7.0559391682496,1.3360240398528,-0.19194912155602,-0.42213844823556,2.9600967107726,2.2465035792339,0.33826704403493,0.81630013590878,5.1030210244072,2.621367814794,-1.0717762950202,1.9567981155985,-2.1660463724806,4.7373748500537,0.21473852553775,0.28359895774272,-7.5506377108999,-2.9177751530865,0.76050795407246,-1.5808437864465,-7.8566006519383,0.42645202426103,-1.3317481456872,-2.4244379134679,9.5925311200583,3.4952921130014,-0.21942646103073,0.12593191964526,13.807387362819,3.5581477319114,0.47593303682087,2.4198280534132,7.6969892943566,-0.76005145070768,-0.88004794504609,2.4785832925414,-23.186244709983,2.1162086618929,0.20561775666833,-0.77732671225867,-20.296512957379,-2.4543714673435,0.59885360668447,-3.1745748773251,-2.1195406125379,2.0871421350487,-1.4854002495486,-2.0131796904026,42.603663545986,5.5575134187846,-1.1697830633646,-0.22549508760215,38.197244971921,1,2.9225201609095,2.4944311396626,33.649636344094,1,-2.2658454368555,-0.55493491422349,34.83635257854,1,-0.25885909739378,-2.3208092467852,37.269217391864,1
1.075,0.0027817835716739,-0.0094962831436879,0.42428788321559,-0.006392250151331,-0.0016548918131409,0.017142506443379,0.99983125323423,-0.078612262346457,0.036681264446209,0.031505886535434,-0.19447398407954,0.17957511886446,-0.13126423096408,-0.26429004874143,0.26572299146051,0.13485239999091,-4.1570483298139,-7.0033928023581,1.4731012212721,-0.19402267815664,-0.40725754446816,2.9920735597592,2.2823183985979,0.34241197067675,0.84159760346415,5.0155209658678,2.5382034676839,-1.0620205072655,1.9452918655729,-2.4361881240417,4.6752546184817,0.21606193652985,0.24572666037429,-7.5971714985329,-2.9065321258867,0.7525069699205,-1.6192596670097,-7.5083581734976,0.56602815486236,-1.3437477761417,-2.374886480443,10.225862635647,3.5815970814765,-0.21862439679064,0.19485171711274,13.756917553477,3.5766571612981,0.48812464632762,2.4560642973946,6.7952748117986,-1.0981120681154,-0.86794923943555,2.360032953485,-24.225405345407,1.9189066834708,0.20147906720593,-0.87780861726763,-19.887983238636,-2.3885740568284,0.58296167838265,-3.1807075520965,-0.33295473478123,2.367943269477,-1.4949284164485,-1.7970784331262,43.813963232294,5.7089565776689,-1.0934114996375,-0.17167064721093,38.282651012752,1,2.9027972770808,2.4902475831292,33.526949920799,1,-2.3190313600882,-0.60745044975816,34.96957534488,1,-0.17661241095357,-2.3001952108365,37.1544991072,1
1.08,0.0025789365041912,-0.00936516488806,0.42443269762726,-0.0068200712503281,-0.0011750352198375,0.016854050924043,0.99983400966752,-0.078808746092382,0.037514559380142,0.032315683399343,-0.19371663222573,0.17980017749315,-0.13233289188393,-0.25871888018073,0.27793016088566,0.13628289566772,-4.369898050618,-6.926084807526,1.6088745408612,-0.19602143532144,-0.39221963516486,3.0228969074318,2.3176222590631,0.34668227982832,0.86645093408209,4.9253740626697,2.4535464094559,-1.0523256207004,1.9324390450543,-2.704643496761,4.611856516997,0.2171954321472,0.20763837276,-7.6370274802765,-2.8922781270103,0.74431829383446,-1.6559137522159,-7.1519464119958,0.70279467161791,-1.3554917881391,-2.3222017736852,10.845702800362,3.6659667700521,-0.21747845469543,0.26346502915804,13.684809265672,3.5864804569913,0.50048611152965,2.4877598621602,5.8809974809726,-1.4351601398218,-0.85645606059528,2.2364159266836,-25.21255714587,1.7225221588285,0.19684328040109,-0.97612475718318,-19.430385079427,-2.3177184229147,0.56706142816181,-3.1779028652632,1.4545667011222,2.6387089325476,-1.5033615241014,-1.5752719127804,44.885164823746,5.8494796252126,-1.0162137607359,-0.11776612677411,38.364584676138,1,2.8808810570308,2.4849023886379,33.406089362766,1,-2.3704650371271,-0.65968262491343,35.103016772942,1,-0.094232277234386,-2.2785081915886,37.037565299232,1
1.085,0.0023756022564598,-0.0092311221506161,0.42458113920729,-0.0072459337094931,-0.00069439275906047,0.016563659949266,0.99983631632006,-0.078990342281186,0.038336139555387,0.033104426184219,-0.19291148369156,0.17994136385452,-0.13338318636053,-0.25218361192914,0.28979795162327,0.13850768862584,-4.5707334495844,-6.8256004943108,1.7431654026595,-0.19794462249149,-0.37703051772597,3.0525548708031,2.3523894560258,0.35107571791616,0.8908470118957,4.8326278881062,2.3673557934738,-1.0426983463222,1.9182485510258,-2.9712266603834,4.547178351022,0.21813801606324,0.16936757396392,-7.6701706232886,-2.8750650528121,0.73595083530047,-1.6907661614958,-6.7877531524186,0.83659461415303,-1.3669646873791,-2.2664533020358,11.451233836627,3.7483335447808,-0.21599043721597,0.33166393279121,13.591175919698,3.5877413847291,0.51299457901543,2.5148561501428,4.9558475833907,-1.7702513347871,-0.84559308290462,2.1079976020224,-26.145580823195,1.5276515806743,0.19172183385542,-1.0720325624295,-18.924847484527,-2.2423473743751,0.55119753359243,-3.1661686976191,3.2380009996912,2.8994583432735,-1.5106727995535,-1.3484643081733,45.813867530057,5.9791776624206,-0.93824817680858,-0.063806671396698,38.44295468123,1,2.8567880605242,2.4783980495878,33.287189318612,1,-2.4201076049941,-0.71160707469135,35.236528197985,1,-0.01178094217142,-2.2557583054915,36.918546241852,1
1.09,0.0021718192398285,-0.0090941967891936,0.42473311124409,-0.0076697265211968,-0.00021318853173981,0.016271371074791,0.99983817307057,-0.079157016608001,0.039145748415192,0.033871601014096,-0.19205873713539,0.17999861208866,-0.13441496862383,-0.24458107319154,0.30127900446834,0.14146466808711,-4.7583733475582,-6.7036204545207,1.8758653408093,-0.19979149824152,-0.36169604784539,3.0810360161636,2.386584100746,0.35558996638788,0.91477296234445,4.7373313871859,2.2795939175468,-1.0331453483255,1.9027302064352,-3.2357530806348,4.4812216540214,0.21888885976008,0.13094790347485,-7.6965717952171,-2.8549581966007,0.72741369832443,-1.7237789745492,-6.4161746462176,0.96729036205645,-1.3781513372504,-2.2077146164722,12.04165684542,3.8286388329983,-0.21416268487906,0.39934115685199,13.476164792962,3.5806151605656,0.52562692360114,2.5373030667454,4.0215355013567,-2.1024604035893,-0.83538362778197,1.9750536771568,-27.022473295341,1.3348839700529,0.18612736340995,-1.1652954053719,-18.372617736835,-2.162977756397,0.53541457009048,-3.1455380206013,5.0123369497521,3.1502661026271,-1.5168390313806,-1.1173756752727,46.59712295835,6.0982058572958,-0.8595736581834,-0.009817451809516,38.517673717389,1,2.8305364920846,2.4707376000897,33.170382252778,1,-2.4679215540626,-0.76319957764011,35.369960877285,1,0.070679294500822,-2.2319561647956,36.797574532093,1
1.095,0.0019676259504217,-0.0089544315617934,0.42488851472595,-0.0080913394625111,0.00026835300983237,0.015977221607411,0.99983958043382,-0.079308737586811,0.039943133141116,0.03461670806481,-0.19115860295967,0.17997189549073,-0.13542809547306,-0.23581568779782,0.3123308868492,0.14508984575532,-4.9319169621798,-6.5618973390866,2.0069335428898,-0.20156135056577,-0.34622213725317,3.1083293634897,2.420160154439,0.36022264293574,0.93821615896849,4.6395348508029,2.1902278557108,-1.0236732394893,1.8858947533955,-3.4980396469609,4.4139923697731,0.21944730325678,0.092413131637705,-7.7162077898065,-2.8320353097726,0.71871617152669,-1.7549162726029,-6.0376151801792,1.094763695343,-1.3890369788006,-2.1460632130695,12.616192860285,3.9068331662917,-0.21199807258597,0.46639025073838,13.339956788327,3.5653240461118,0.53835979108366,2.5550591129535,3.0797885558761,-2.4308853843656,-0.82584961361669,1.8378695656247,-27.841351986753,1.1447979213096,0.18007367196953,-1.2556831841342,-17.775058320025,-2.0800936987447,0.5197568856665,-3.1160688036451,6.772588905271,3.3912491151401,-1.5218406433784,-0.88273966121327,47.232444473546,6.2067694323305,-0.78024965085497,0.044176347372386,38.588658541452,1,2.8021461872398,2.4619246135508,33.055798297957,1,-2.5138707563993,-0.81443606715278,35.503166155848,1,0.15308612632185,-2.2071128726018,36.674784942404,1
1.1,0.0017630609618676,-0.0088118701132282,0.42504724840552,-0.0085106631298617,0.0007500071672135,0.015681248603878,0.99984053955847,-0.079445476556394,0.040728044731977,0.035339261889634,-0.19021130325903,0.17986122652333,-0.13642242629665,-0.22580211554199,0.32291569509622,0.14931648780968,-5.0907364087592,-6.4022342278136,2.1363924109905,-0.20325349715248,-0.33061475143639,3.1344243906765,2.4530617430402,0.36497130275385,0.96116423007199,4.5392898891972,2.0992309092671,-1.0142885765994,1.8677538457487,-3.7579047992794,4.3455014370669,0.21981285568944,0.053797129969852,-7.7290613472966,-2.8063895851654,0.70986771803577,-1.7841441774912,-5.6524866365501,1.2189156418855,-1.3996072502087,-2.0815804307564,13.174083875052,3.9828761722994,-0.20950000509043,0.5327057518445,13.182766149571,3.5421325718811,0.5511696414169,2.5680914620573,2.1323478132503,-2.7546512898106,-0.8170115087131,1.6967397841004,-28.600458870018,0.95795894076087,0.17357569544769,-1.3429728903154,-17.133643556975,-1.9941412147653,0.50426847631361,-3.0778438512976,8.5138107943486,3.6225534225362,-1.5256617567116,-0.64530117515472,47.717815092796,6.3051134464437,-0.70033609156772,0.098149539397674,38.655830070481,1,2.7716385975339,2.4519632010081,32.943565110111,1,-2.5579204930623,-0.86529264269374,35.635995632021,1,0.23537728718353,-2.181240017682,36.5503142705,1
1.105,0.0015581629180108,-0.008666556961493,0.42520920886579,-0.0089275889731533,0.0012315491012001,0.015383488870524,0.99984105222386,-0.079567207685746,0.041500238081606,0.036038791735553,-0.18921707176551,0.17966665681077,-0.13739782309172,-0.214467701019,0.33299955030115,0.15407403927439,-5.2344631005843,-6.2264647441485,2.2643215190334,-0.20486728564694,-0.3148799073394,3.1593110375941,2.4852237276439,0.36983343982838,0.9836050652521,4.4366494047178,2.0065838618499,-1.00499785591,1.8483200409993,-4.0151686536602,4.275765272664,0.21998519574265,0.01513384138852,-7.7351211695926,-2.7870766320429,0.70087796519223,-1.8114308885166,-5.261208044899,1.3396661314729,-1.4098482057328,-2.014351344003,13.714593843902,4.0567365105231,-0.20667241164327,0.59818335144443,13.004840124395,3.5113424628052,0.56403279223178,2.5763760203404,1.1809648662583,-3.0729132574188,-0.80888828734771,1.551967320105,-29.29816424012,0.77491709869928,0.16664946591616,-1.4269491592052,-16.449955972254,-1.9055240749123,0.48899286238468,-3.030970570548,10.23111001702,3.8443412025897,-1.5282902403256,-0.40581402338666,48.051693888884,6.3935125976308,-0.61989336252798,0.15207694712774,38.719113469859,1,2.7390367743188,2.4408580092103,32.833807726256,1,-2.6000374803347,-0.9157455809477,35.768301322828,1,0.31749059837803,-2.1543496690733,36.424301186961,1
1.11,0.0013529705256129,-0.0085185374838635,0.42537429058747,-0.0093420093293477,0.0017127539373418,0.015083978963626,0.99984112083584,-0.079673907978952,0.04225947205539,0.036714841849971,-0.18817615379085,0.17938827711492,-0.13835415048322,-0.20175466937638,0.34255199157026,0.15928692346763,-5.3629691407489,-6.0364349611951,2.3908503166398,-0.20640209390295,-0.29902367104411,3.1829797099665,2.5165724950758,0.37480648826008,1.00552682179,4.3316675639049,1.9122760316465,-0.99580750864636,1.827606791621,-4.269653126844,4.2048061521899,0.21996417193196,-0.023542749624535,-7.7343819301969,-2.9395762884002,0.69175669407391,-1.8367467170491,-4.8642051262022,1.4569534803884,-1.4197463341094,-1.9444646505777,14.237009652462,4.1283917482476,-0.20351973981203,0.66272005876114,12.806458575528,3.4732873356688,0.57692546261931,2.5798974716233,0.22739859587842,-3.3848591537883,-0.80149738903384,1.4038629815315,-29.932970213207,0.59620500706606,0.15931207204994,-1.5074048011401,-15.725682387655,-1.8146008423577,0.473972966306,-2.9755806690281,11.919661192806,4.0567781616242,-1.5297177494591,-0.16503851618683,48.233020882272,6.4722612551092,-0.53898224577958,0.20593341478121,38.778438236666,1,2.7043653513367,2.4286142184506,32.726648425157,1,-2.6401898948734,-0.96577134688604,35.899935828834,1,0.39936401557965,-2.126454370448,36.296886080742,1
1.115,0.0011475225470398,-0.0083678579027262,0.4255423860177,-0.0097538174554769,0.0021933968715285,0.014782755190471,0.99984074842156,-0.079765557279535,0.043005509565573,0.037366971777632,-0.18708880616597,0.17902621729293,-0.13929127574277,-0.18762202233338,0.3515452747557,0.16487330644788,-5.4763448850947,-5.8339870512393,2.5161499014633,-0.20785733022271,-0.28305215543146,3.20542128307,2.5470269248935,0.37988782361834,1.0269179309005,4.2243997689046,1.8163061214291,-0.98672389655329,1.8056284357454,-4.5211820595161,4.1326524919431,0.21974980273699,-0.062198646894912,-7.7268442788903,-2.9081067246112,0.68251382885381,-1.8600641188289,-4.4619098296479,1.5707337334221,-1.4292885763794,-1.872012554526,14.740642058636,4.1978281737102,-0.20004694848529,0.72621436296226,12.58793354052,3.4283272364214,0.58982381709581,2.5786493055794,-0.72658808046531,-3.6897116320148,-0.79485468108126,1.2527447293794,-30.503513942359,0.42233612791095,0.15158161696533,-1.5841413126909,-14.9626097604,-1.7216829378684,0.45925099197098,-2.911829784932,13.57471971938,4.2600215236678,-1.5299397521368,0.076260945969056,48.261220406268,6.7996638481864,-0.45766387727731,0.25969381966847,38.833738278228,1,2.6676505261071,2.4152375401498,32.622206591102,1,-2.6783473977547,-1.0153466047453,36.030752498355,1,0.48093567572516,-2.0975671342623,36.168210902765,1
1.12,0.0009418577929397,-0.0082145652711443,0.42571338564017,-0.010162907561072,0.002673253275596,0.014479853611142,0.99983993862329,-0.079842138274262,0.043738117645285,0.037994756647591,-0.18595529717765,0.17858064623661,-0.14020906880702,-0.17204710215942,0.35995359046918,0.17074391996537,-5.57487388579,-5.6209445543698,2.640424139747,-0.20923243358493,-0.26697151782475,3.2266271052508,2.5764994837488,0.38507476432624,1.0477671038375,4.114902628231,1.7186828734734,-0.97775330749137,1.7824001872361,-4.7695813382463,4.0593390372602,0.21934227658522,-0.10079987243771,-7.7125148411614,-2.87262082333,0.67315942600242,-1.8813577239347,-4.0547598626651,1.6809798919273,-1.438462343117,-1.7970906445218,15.224826601955,4.2650405447748,-0.1962595000728,0.7885663928282,12.349608740938,3.3768430859872,0.60270400966908,2.5726338297711,-1.6792314681178,-3.9867296491263,-0.78897442453106,1.098936995134,-31.008570543442,0.25380341072381,0.14347717355529,-1.6569693664178,-14.162620774286,-1.6270335954293,0.44486830615289,-2.8398970496934,15.191635104271,4.4542087947785,-1.5289555435571,0.31731829918263,48.136202934617,6.8600262077699,-0.37599970069291,0.31333308391076,38.884951985743,1,2.6289200401316,2.4007342141924,32.520598580895,1,-2.7144811573981,-1.0644482289127,36.160605590849,1,0.56214394375717,-2.0677014356864,36.038419007776,1
1.125,0.00073601511491128,-0.0080587074581642,0.42588717804645,-0.010569174839992,0.0031520988028994,0.014175310041001,0.99983869569125,-0.079903636496414,0.044457067521298,0.038597787450012,-0.18477590650226,0.17805177179366,-0.14110740229574,-0.15502680514201,0.3677522220445,0.17680103625071,-5.6590064017455,-5.3990990852568,2.7639003655195,-0.21052687386109,-0.25078795761588,3.2465890012609,2.6048973957191,0.39036457307563,1.0680633378513,4.0032339268928,1.619425541555,-0.96890195108433,1.7579381251582,-5.0146790160149,3.9849069650213,0.21874195168636,-0.1393124963237,-7.6914062123825,-2.8349754325081,0.66370366334597,-1.9006043643872,-3.6431982146867,1.7876810568734,-1.4472555310396,-1.719797767754,15.688924480217,4.3300317724853,-0.1921633519135,0.84967807384117,12.091859041722,3.319231105836,0.61554222792395,2.5618621653837,-2.6287703558458,-4.2752094583195,-0.78386924353911,0.94276998425329,-31.447055724777,0.091078249967305,0.13501873743194,-1.7257092779869,-13.327689194648,-1.5308675771687,0.4308653222698,-2.7599845846501,16.765864032117,4.6394474585503,-1.5267682483297,0.55736824818936,47.858365365722,6.9116467163763,-0.29405142098868,0.3668261861384,38.932022302922,1,2.5882031579334,2.3851110060157,32.421937594229,1,-2.7485638713514,-1.1130533147137,36.289350439275,1,0.64292745919515,-2.0368712063187,35.907654994636,1
1.13,0.00053003339816432,-0.0079003331338677,0.42606365000859,-0.010972515501634,0.0036297094937994,0.013869160053869,0.99983702447547,-0.079950040328521,0.045162134685462,0.039175671302654,-0.1835509251368,0.17743984067074,-0.14198615152949,-0.13657843861015,0.37491667165461,0.18293768400755,-5.7293325913704,-5.170198262091,2.8868198385842,-0.2117401520198,-0.23450771387539,3.2652992754093,2.6321238379941,0.39575445827177,1.0877959219951,3.8894525958979,1.5185641959241,-0.96017595442064,1.7322591826471,-5.256305431237,3.9094039090889,0.21794935571748,-0.17770266650325,-7.6635369467386,-2.7952997458947,0.6541568289927,-1.9177830993561,-3.2276726751656,1.890841514843,-1.4556565389758,-1.640235899514,16.132323392284,4.3928125399753,-0.1877649469052,0.90945328244817,11.815089861547,3.2558972984425,0.6283147370458,2.5463542266647,-3.5734492718985,-4.5544850986132,-0.77955009827352,0.78457896725917,-31.818028114978,-0.065390252271754,0.12622717759263,-1.7901914494951,-12.45987499861,-1.4333515334232,0.41728138682824,-2.6723169331106,18.292983130777,4.8158057389552,-1.5233848105561,0.79564869597466,47.4285897626,6.9548095340145,-0.2118809577935,0.42014817316263,38.974896789555,1,2.5455306449445,2.368375203454,32.326333547568,1,-2.7805697869204,-1.1611391890964,36.416843611268,1,0.72322518249911,-2.005090827687,35.776064545226,1
1.135,0.00032395155417412,-0.0077394917541733,0.42624268655284,-0.011372826801513,0.0041058618810105,0.013561438985888,0.99983493041671,-0.079981341004554,0.045853098964815,0.039728031706832,-0.18228065532709,0.17674513831834,-0.14284519454692,-0.11674022617148,0.38142179040625,0.18903718731363,-5.7865563919623,-4.9359346279737,3.0094280957184,-0.21287180031926,-0.21813706294713,3.2827507145293,2.6580791150599,0.40124157550648,1.1069544427772,3.7736186811538,1.4161398794591,-0.95158135781222,1.7053811351878,-5.4942933252061,3.8328839179856,0.21696518535916,-0.21593663856181,-7.6289315409185,-2.7537240696936,0.64452931013918,-1.9328752379444,-2.8086353463688,1.9904797926697,-1.4636542831717,-1.5585100086555,16.554438345917,4.453400858268,-0.18307120337038,0.96779799725531,11.51973653514,3.1872520618964,0.64099792370058,2.5261386841076,-4.5115217294577,-4.8239284125459,-0.77602626138465,0.62470355995493,-32.120691283952,-0.21517573960518,0.11712418493107,-1.8502567879082,-11.561319292625,-1.3346049183761,0.40415466886484,-2.5771404294173,19.76870140041,4.9833045496721,-1.5188159717832,1.0314031632364,46.848240552552,6.9897778514676,-0.12955039861678,0.47327417161561,39.013527679934,1,2.50093474426,2.350534613339,32.233892951696,1,-2.810474720627,-1.2086834212081,36.542943068934,1,0.80297644119069,-1.9723751245396,35.643794262145,1
1.14,0.00011780851333068,-0.0075762335453925,0.42642417103463,-0.011770007071183,0.004580333094758,0.013252181940046,0.99983241953645,-0.079997532611583,0.046529744590334,0.040254508792711,-0.1809654104932,0.17596798879766,-0.1436844121217,-0.095571474014067,0.38724095523852,0.19497309798549,-5.8314709457393,-4.6979353413182,3.1319652925378,-0.21392138248749,-0.20168231602869,3.2989365907588,2.6826617709765,0.40682302905925,1.1255287896572,3.6557933117795,1.3122046341548,-0.9431241106132,1.6773225883101,-5.7284779578741,3.7554073539821,0.21579030568319,-0.25398080538075,-7.5876204125827,-2.7103794901213,0.63483158176874,-1.9458643595248,-2.3865421514785,2.086627703048,-1.4712382119138,-1.4747279191059,16.954712429571,4.5118215615212,-0.17808950417428,1.0246204469156,11.206263628534,3.1137050213657,0.65356833969025,2.5012529114462,-5.4412534554771,-5.0829486307601,-0.77330529809787,0.46348699431353,-32.354395452734,-0.35787479728817,0.10773221872068,-1.9057570975824,-10.634239029845,-1.234701400645,0.39152205269643,-2.4747225067797,21.188872270612,5.1419107346889,-1.5130762369023,1.2638831900128,46.119160195458,7.016788534919,-0.047121951935465,0.52617939955326,39.047871936064,1,2.4544491522751,2.3315975578577,32.144718793049,1,-2.8382560764826,-1.2556638328584,36.667508327091,1,0.8821209756969,-1.9387393579306,35.510991505381,1
1.145,-8.8356782415394e-05,-0.0074106094885459,0.4266079852145,-0.01216395574751,0.0050529009676899,0.012941423791379,0.99982949842592,-0.079998612090894,0.047191860264317,0.04075475955377,-0.17960551515212,0.17510875462945,-0.14450368777907,-0.073152416676673,0.39234534111177,0.20060957765207,-5.8649362628665,-4.4577524357037,3.254656608116,-0.21488849389059,-0.18514981673821,3.3138506641345,2.7057696080536,0.41249587342538,1.1435091603809,3.5360386678462,1.2068214168611,-0.93481006710165,1.6481029647093,-5.9586972218873,3.6770407421086,0.21442574939213,-0.29180172667755,-7.5396398736264,-2.6653969156048,0.62507419525442,-1.9567363316055,-1.9618523385365,2.1793293991686,-1.4783983194502,-1.3890001676098,17.332617547152,4.5681057452666,-0.17282768511225,1.0798312544774,10.87516420834,3.035660161931,0.66600274530294,2.4717429165605,-6.3609255969409,-5.3309915706759,-0.771393049972,0.30127538160272,-32.518638888481,-0.49310692247407,0.09807445120219,-1.9565554458981,-9.6809215403701,-1.1336707386292,0.37941903428009,-2.3653509458235,22.54950525172,5.2915316926894,-1.5061838280993,1.4923507118505,45.24366333444,7.0360477873273,0.035342099810243,0.57883917801541,39.077891295615,1,2.4061089932244,2.3115728706711,32.058910418984,1,-2.8638928630614,-1.3020585088653,36.790400609782,1,0.96059898488193,-1.9041992181003,35.377804228145,1
1.15,-0.00029450538690942,-0.0072426713034429,0.42679400933517,-0.01255457340125,0.0055233441394945,0.012629199192799,0.99982617423429,-0.079984579238565,0.047839239226362,0.041228458070271,-0.17820130483767,0.17416783662485,-0.14530290781201,-0.049583763577657,0.39670334058117,0.20580226874982,-5.8878596245937,-4.2168534880283,3.3777027719966,-0.21577276168871,-0.16854593866889,3.327487184997,2.7273005906359,0.41825711487044,1.1608860661537,3.4144179475621,1.1000639219153,-0.92664498242716,1.6177424908017,-6.1847917548009,3.5978565765048,0.21287271591157,-0.32936615839934,-7.4850320982623,-2.6189062660105,0.61526776687885,-1.9654793252065,-1.5350279807702,2.2686404514783,-1.4851251591918,-1.301439857894,17.687655114756,4.6222901521747,-0.16729402258474,1.1333435779673,10.5269590662,2.9535113467557,0.67827815227765,2.4376632564179,-7.2688378986145,-5.5675385048198,-0.77029362235828,0.13841696932854,-32.613068981622,-0.62051430492251,0.088174710412082,-2.0025265011061,-8.703718887852,-1.0315011197978,0.36787962147423,-2.2493330659654,23.846777147553,5.4320114667277,-1.4981606270043,1.7160804029704,44.224529447466,7.0477279221992,0.11777944727721,0.6312289425379,39.103552314549,1,2.3559507926422,2.2904698927928,31.976563427099,1,-2.8873657093609,-1.3478458072775,36.911483004883,1,1.0383511712325,-1.8687708171565,35.244380812032,1
1.155,-0.00050059835714979,-0.0070724714325308,0.42698212219957,-0.012941761764949,0.0059914421611684,0.012315542581569,0.99982245465591,-0.079955436705506,0.048471679317937,0.041675295721601,-0.17675312601774,0.17314567369849,-0.146081961297,-0.024985967997884,0.40028018377693,0.21039967443792,-5.9011790325983,-3.9766125831906,3.5012707735424,-0.21657384497978,-0.1518770829318,3.3398408962082,2.7471536241445,0.42410371301016,1.177650336648,3.2909953339218,0.99201632625228,-0.91863450862699,1.5862621827232,-6.4066050493924,3.5179330901463,0.2111325703359,-0.36664108194395,-7.4238450859496,-2.5710358077351,0.60542296628343,-1.9720838277303,-1.106533473846,2.3546269543059,-1.4914098561754,-1.2121625114461,18.019356718461,4.6744165108554,-0.16149722057917,1.1850732469849,10.162195899622,2.8676383011228,0.69037186630404,2.3990769362113,-8.1633118464123,-5.7921047624881,-0.77000937558661,-0.024738606407345,-32.637483002871,-0.97211187043555,0.078057421393151,-2.0435568415507,-7.7050420663871,-0.92814198918398,0.35693623848109,-2.1269948618869,25.077042798083,5.5631283699557,-1.4890321052227,1.9343619789904,43.064994023216,7.0519652646106,0.20012780129985,0.68332425461127,39.124826404377,1,2.3040124497644,2.2682984682321,31.897769558723,1,-2.9086568794394,-1.3930043694702,37.030620616633,1,1.1153187856626,-1.8324706815585,35.110869901717,1
1.16,-0.00070659676064463,-0.0069000630245193,0.42717220124977,-0.013325423760134,0.0064569755988852,0.01200048818639,0.99981834791677,-0.079911189996958,0.049088983045501,0.042094981387344,-0.17526133600877,0.1720427426637,-0.14684074010944,0.00050176149301434,0.40303780956591,0.21424504667447,-5.9058498115968,-3.7383015201567,3.6254848251304,-0.21729143493093,-0.13514967568813,3.3509070351771,2.7652292112635,0.43003258241487,1.1937931248429,3.1658359608341,0.88277296993844,-0.9107841907136,1.5536838317817,-6.6239835619993,3.4373539924314,0.20920684222838,-0.40359373318276,-7.3561326192034,-2.5219116251004,0.5955505048595,-1.9765426533116,-0.67683503059425,2.4373646646284,-1.4972441187726,-1.1212859151019,18.32728473233,4.7245308341879,-0.15544639697932,1.2349388950956,9.7814484505007,2.7784031362971,0.7022615289789,2.356055292877,-9.0426937705717,-6.0042381359596,-0.77054091989833,-0.18784107153148,-32.591828538459,-1.0845347435356,0.067747545932016,-2.0795452355087,-6.687355052014,-0.82350741334281,0.34661963473909,-1.9986800875325,26.236845321842,5.6845942066362,-1.4788272434697,2.1465024518966,41.768738289236,7.0488591757506,0.28232493995554,0.73510081308076,39.14168986401,1,2.2503332088914,2.2450689394015,31.822616596717,1,-2.9277502858162,-1.4375131301082,37.147680715919,1,1.1914436719043,-1.795315744408,34.977420239351,1
1.165,-0.00091246168276645,-0.0067254999177828,0.42736412264684,-0.013705463523786,0.0069197261374123,0.011684070035082,0.99981386276006,-0.079851847471452,0.049690957642187,0.042487241636946,-0.17372630288764,0.17085955801011,-0.14757913893863,0.026722690467677,0.40493503293727,0.21717876011164,-5.9028342789813,-3.5030812644362,3.7504176709586,-0.21792525489759,-0.11837016567178,3.3606813356965,2.7814299984593,0.43604059423787,1.2093059116924,3.0390058787493,0.77243798211383,-0.90309946283631,1.5200299893725,-6.8367768188055,3.3562081775299,0.20709722427667,-0.44019163125997,-7.2819542163207,-2.4716572111353,0.58566112409409,-1.9788509506357,-0.24640017375881,2.5169381699605,-1.5026202496294,-1.028929965646,18.611032895785,4.7726826846369,-0.14915106922364,1.282862087814,9.3853156026653,2.6861474774945,0.71392515914144,2.3086778632095,-9.9053579028951,-6.2035171690369,-0.77188711413604,-0.35054026599207,-32.476203602661,-1.1865418337753,0.057270520972394,-2.1104028909518,-5.6531687234921,-0.71748004050241,0.33695879852102,-1.8647492902078,27.3229258293,5.7960551342876,-1.4675784395639,2.351828330102,40.339877524991,7.0384721795818,0.36430875557905,0.78653446548216,39.154123906166,1,2.1949536297358,2.2207921422931,31.751188267668,1,-2.9446315016281,-1.4813513269725,37.262532888151,1,1.2666683104499,-1.7573233375499,34.844180498848,1
1.17,-0.0011181542341033,-0.0065488366235485,0.42755776135155,-0.014081786434095,0.0073794766830253,0.011366321962867,0.99980900843098,-0.079777420339231,0.050277415127985,0.042851820907863,-0.17214840540079,0.16959667166366,-0.14829705530242,0.053504016464438,0.40592804434492,0.21904112784277,-5.8930942153677,-3.2719937121845,3.876082358807,-0.21847506053008,-0.10154502170329,3.3691600295875,2.7956612363025,0.44212457786655,1.2241805106219,2.9105720198022,0.66112485925355,-0.89558564451966,1.4853239513683,-7.0448375200016,3.2745894048888,0.204805570805,-0.47640260714275,-7.2013750790645,-2.4203931545105,0.57576558388288,-1.979006208217,0.18430277268015,2.5934400775322,-1.5075311558219,-0.93521651162685,18.870226849599,4.8189244149331,-0.14262113933513,1.3287674459738,8.9744204398891,2.5911902477222,0.72534119351131,2.2570322368173,-10.749709382409,-6.3895494108766,-0.77404506819356,-0.51248689550765,-32.290856427367,-1.2795111597498,0.046652195856036,-2.1360536746185,-4.6050346673587,-0.60991572452314,0.32798087548088,-1.7255787974896,28.332232579901,5.8970941966382,-1.4553214055723,2.5496877566101,38.782947996898,7.0208311533877,0.44601730169077,0.83760121930831,39.162114678298,1,2.1379155567756,2.1954794014229,31.68356414862,1,-2.9592877715295,-1.5244985106452,37.375049178548,1,1.3409358620134,-1.7185111834881,34.711299120254,1
1.175,-0.0013236355578055,-0.0063701283088741,0.42775299120583,-0.014454299135472,0.0078360114658686,0.011047277621193,0.99980379466072,-0.079687922660135,0.050848172368454,0.043188481672059,-0.17052803287082,0.16825467272909,-0.14899438956141,0.080658547211758,0.40597126400428,0.2196755941945,-5.8775857110553,-3.0459538881886,4.0024246192112,-0.21894063986788,-0.084680730195937,3.3763398481522,2.8078311909313,0.44828132259564,1.2384090718481,2.7806021624898,0.54895599968405,-0.88824793698112,1.4495897419925,-7.2480216417494,3.1925959519659,0.20233389614424,-0.51219483189739,-7.1144660353525,-2.3682368944133,0.5658746508232,-1.9770082571312,0.6148051930541,2.6669702128221,-1.5119703582136,-0.84026919259782,19.104524629801,4.8633103933173,-0.1358668783463,1.3725827642937,8.5494092658298,2.4938261443735,0.73648852655389,2.2012138941904,-11.574187203884,-6.561969721432,-0.77701014922058,-0.67333328145709,-32.036184929166,-1.3631913892985,0.035918768546183,-2.1564342998531,-3.545538882552,-0.50064887883387,0.31971109237823,-1.581559659796,29.261929557052,5.9872355373607,-1.4420950544338,2.7394525784932,37.102892556852,6.9959295280424,0.52738883980306,0.88827725320104,39.165653278027,1,2.0792620876369,2.1691425245489,31.619819578411,1,-2.9717080213307,-1.5669345540487,37.485104234696,1,1.414190210478,-1.6788973871175,34.578924144368,1
1.18,-0.0015288668369257,-0.0061894307794206,0.42794968501494,-0.014822909562819,0.0082891161417123,0.010726970487133,0.99979823164969,-0.079583371340938,0.051403051131903,0.043497004590761,-0.1688655851004,0.16683418721522,-0.14967104493278,0.10798659525541,0.40501855838255,0.21893222054706,-5.8572558327987,-2.8257427510973,4.1293160212812,-0.21932181342129,-0.067783792655122,3.3822180234338,2.8178517165847,0.45450757932161,1.2519840865217,2.6491648959031,0.4360621955834,-0.88109141953071,1.4128520971898,-7.4461885358779,3.1103302382033,0.19968437286132,-0.54753684466647,-7.0213034770002,-2.3153025117755,0.55599908649968,-1.9728592711995,1.044638689872,2.7376348123615,-1.515932000004,-0.74421327599519,19.313617118846,4.9058962232012,-0.12889891014366,1.4142391249496,8.1109505874475,2.3943248288317,0.7473465494995,2.1413260301794,-12.377267103759,-6.7204387160017,-0.78077599156883,-0.8327341073009,-31.712735855068,-1.4373509817776,0.025096720990886,-2.1714944827486,-2.4772954001286,-0.38949861628089,0.3121726861944,-1.4330965515873,30.109404436943,6.0659502808407,-1.4279413764206,2.9205203411171,35.305044949938,6.9637304288235,0.60836188606953,0.93853892806321,39.164735763062,1,2.0190375405293,2.1417937971626,31.560025573741,1,-2.9818828663655,-1.6086396618344,37.592575446198,1,1.4863760052972,-1.6385004272795,34.447203047817,1
1.185,-0.0017338093017519,-0.0060068004620256,0.42814771463035,-0.015187526965045,0.0087385778930545,0.010405433873289,0.9997923300501,-0.079463786132161,0.05194187814505,0.043777188657361,-0.16716147227365,0.16533587774286,-0.15032692750373,0.13527808782326,0.40302480798976,0.21667136341884,-5.8330404597181,-2.6120008220525,4.2565480932651,-0.21961843424064,-0.050860723171914,3.386792289284,2.825644133651,0.46080006225731,1.2648983906898,2.5163295835296,0.32258208140063,-0.87412104605498,1.3751364475032,-7.6392010272427,3.0278984185216,0.1968593298496,-0.58239758032252,-6.9219692925738,-2.2617005237139,0.54614963577538,-1.9665637646232,1.4733355934485,2.8055456936879,-1.5194108544557,-0.64717549186809,19.497228453441,4.9467379675139,-0.12172819475727,1.4536710059771,7.6597340634999,2.2929308316552,0.75789518844406,2.0774793632127,-13.157464378148,-6.8646414350234,-0.78533451045828,-0.99034715993159,-31.321203608706,-1.5017778616455,0.014212753785664,-2.1811970662099,-1.4029398338202,-0.27627571162861,0.30538683883966,-1.2806066342846,30.872275928831,6.132664038335,-1.4129053058301,3.0923162007798,33.395112881153,6.9241706735795,0.68887525774184,0.98836279808575,39.159363155589,1,1.9572874207596,2.1134459767587,31.504248750056,1,-2.989804618582,-1.6495943796171,37.697343081272,1,1.5574387033172,-1.5973391481411,34.31628257875,1
1.19,-0.0019384242371313,-0.005822294387083,0.42834695103326,-0.015548061927819,0.0091841855295203,0.010082700938219,0.99978610094772,-0.079329189624338,0.052464485147131,0.044028851328374,-0.16541611485491,0.16376044323576,-0.15096194624451,0.16231489184572,0.39994779594261,0.21276743055531,-5.8058625824958,-2.4052228854464,4.3838276059146,-0.21983038797296,-0.033918045911745,3.3900608822361,2.8313015947135,0.46715545066597,1.2771451690772,2.3821663266489,0.20866153585327,-0.86734164158786,1.3364689004706,-7.8269255086818,2.9454099442547,0.19386125028177,-0.61674639677383,-6.8165507954111,-2.2075376484372,0.53633701510109,-1.9581285870724,1.9004294707404,2.8708193845074,-1.52240233179,-0.54928386567906,19.655116388505,4.9858913881009,-0.11436601112152,1.4908163843319,7.1964694197667,2.1898641578802,0.76811494146099,2.0097919306049,-13.913336627701,-6.9942863211272,-0.79067591933416,-1.1458340643612,-30.862428759546,-1.5562792501369,0.0032937202967154,-2.1855181116286,-0.3251228773403,-0.16079039540703,0.29937261763492,-1.1245183841026,31.548400466145,6.1867659659922,-1.3970345783296,3.2542947496931,31.379159894914,6.8771655321819,0.76886811939899,1.0377256216846,39.149541441137,1,1.8940583863481,2.0841122868833,31.452551247333,1,-2.9954672923516,-1.6897796030493,37.799290420146,1,1.6273246099894,-1.5554327504055,34.186308593354,1
1.195,-0.0021426729897836,-0.0056359701707339,0.42854726441861,-0.015904426395559,0.0096257295875079,0.0097588046973458,0.99977955584309,-0.079179607243747,0.052970708942442,0.044251828642367,-0.163629943485,0.16210861859453,-0.15157601302106,0.18887335293255,0.39575036668673,0.2071125912209,-5.7766303507701,-2.2057540313048,4.5107732156261,-0.21995759290605,-0.016962292599217,3.3920225421853,2.8397216308693,0.47357039061368,1.2887179586821,2.2467459273376,0.094453033479808,-0.86075789897066,1.2968762225525,-8.0092320335008,2.8629770894752,0.19069276942722,-0.65055310189839,-6.7051406468745,-2.1529165102838,0.5265719008556,-1.9475629162328,2.3254556328373,2.9335761935684,-1.5249024852425,-0.45066754939538,19.787072616767,5.0234112102492,-0.1068239393343,1.5256168334466,6.7218853327102,2.0853215592531,0.77798691465563,1.9383888703332,-14.643486424255,-7.1091045784312,-0.79678875087738,-1.2988610101689,-30.337396238284,-1.6006816891452,-0.0076334395928008,-2.184446957946,0.7534962355151,-0.042860951361317,0.2941469217351,-0.96527038808893,32.13587822962,6.227619265903,-1.3803795794079,3.405941747512,29.263586124852,6.822614139582,0.84828002891425,1.0866043723422,39.135281561904,1,1.8293982127742,2.0538064109662,31.404990660847,1,-2.998866608992,-1.7291765867336,37.898303885085,1,1.6959809199415,-1.5128007823547,34.057425893353,1
1.2,-0.0023465169756035,-0.0054478859968746,0.42874852427968,-0.016256533692642,0.010063002429033,0.0094337780343291,0.99977270663207,-0.079015067247611,0.053460391451302,0.044445975326781,-0.16180339887499,0.16038117435391,-0.15216904260722,0.21472704351214,0.39040278490547,0.19962031188904,-5.7462341925783,-2.0137873166004,4.6369136510826,-0.22,-1.5870283223205e-16,3.3926765128745,2.9198133063202,0.48004149673935,1.2996106521876,2.1101398511052,-0.019885058825037,-0.85437437560358,1.2563858206037,-8.1859944054248,2.7807144410791,0.18735667233562,-0.68378798008235,-6.5878367749029,-2.0979352589308,0.51686491772948,-1.9348782478209,2.7479516405554,2.9939392074304,-1.5269080162703,-0.35145665109421,19.892923043596,5.0593504216855,-0.099113842442505,1.5580176151311,6.2367282833286,1.9794784233656,0.78749285709555,1.8634021896876,-15.346563894354,-7.2088499790854,-0.80365988162346,-1.4490994681494,-29.747233222336,-1.6348312851485,-0.018541765949941,-2.1779862479559,1.8302562918371,0.077676954221007,0.28972443464477,-0.80331011175287,32.633058485538,6.2545729835509,-1.3629931844147,3.5467757539165,27.055107975039,6.7604054446398,0.92705098312484,1.1349762493489,39.11659940457,1,1.7633557568774,2.0225424859374,31.361619977009,1,-3,-1.7677669529664,37.994273166936,1,1.7633557568774,-1.4694631307312,33.92977806469,1
1.205,-0.0025499176869488,-0.0052581005989873,0.42895059949311,-0.01660429854384,0.010495798339726,0.0091076537128845,0.99976556558572,-0.078835600718757,0.053933379759415,0.044611164892581,-0.15993693169742,0.15857891632323,-0.15274095269661,0.23964970920245,0.38388520725075,0.19022858848207,-5.7155424172568,-1.8293633167638,4.7616876017001,-0.21995759290605,0.016962292599217,3.3920225421853,2.9973817264493,0.48656535404127,1.3098175011843,1.9724201891791,-0.13418924476389,-0.848195490291,1.2150257229018,-8.357090265954,2.6987383517917,0.18385589138896,-0.71642181833963,-6.4647422879344,-2.0426870830174,0.50722662716521,-1.9200883830758,3.1674578075825,3.0520332001326,-1.5284162789037,-0.25178206330631,19.972528016691,5.0937596142087,-0.09124784778242,1.5879677656709,5.7417613830036,1.8724912141842,0.79661519455223,1.7849705212204,-16.021269214838,-7.2932991692163,-0.81127456013688,-1.5962268956225,-29.093206715926,-1.6585941935046,-0.029404345308619,-2.1661519217846,2.902500665457,0.20096033321773,0.28611758295949,-0.63909264174783,33.038544224065,6.2669749160196,-1.3449305906943,3.6763496570605,24.760736797118,6.6904245683846,1.00512146317,1.1828186884389,39.093515782597,1,1.6959809199415,1.9903350956326,31.322487514332,1,-2.998866608992,-1.805532700311,38.087091348014,1,1.8293982127742,-1.425440011461,33.803507317559,1
1.21,-0.0027528366999155,-0.0050666732417996,0.42915335840433,-0.016947637093972,0.010923913625926,0.008780464389019,0.99975814532973,-0.078641241559743,0.054389526165621,0.044747289716662,-0.15803100247514,0.15670268521062,-0.15329166391397,0.26341839395581,0.37619016532032,0.17890275145637,-5.6853948470622,-1.6523718182255,4.884445429641,-0.21983038797296,0.033918045911744,3.3900608822361,2.9982393423463,0.4931385196793,1.3193331192042,1.8336596204603,-0.24829172481381,-0.84222552018267,1.1728245597457,-8.5224011790628,2.6171663563815,0.18019350372399,-0.7484259319897,-6.3359653842754,-1.9872596062047,0.497667515866,-1.9032094137434,3.5835177006285,3.1079834465818,-1.529425283237,-0.15177529032476,20.025782510329,5.1266863744916,-0.083238327904469,1.6154201759893,5.2377631731907,1.7645003846866,0.80533706199157,1.7032388664478,-16.666355015908,-7.3622525108938,-0.81961643868052,-1.7399274288913,-28.37672082999,-1.6718573548303,-0.040194377071601,-2.1489731775625,3.9675838714816,0.32708850283363,0.28333650144872,-0.47307940713865,33.351196084662,6.2641854066575,-1.3262491423487,3.7942520930376,22.387756631066,6.612559438716,1.0824324794629,1.2301093723158,39.066056413041,1,1.6273246099894,1.9571992639908,31.287636869604,1,-2.9954672923516,-1.8424562119949,38.17665502122,1,1.8940583863481,-1.3807519602238,33.678754327973,1
1.215,-0.0029552356815958,-0.0048736637027774,0.42935666891332,-0.017286466926765,0.01134714671084,0.0084522426236637,0.99975045882327,-0.078432026486459,0.054828688228023,0.044854261111968,-0.15608608146767,0.15475335623076,-0.15382109982627,0.28581671398617,0.36732494838099,0.16563773036114,-5.6565941975517,-1.4825558677653,5.0044527815242,-0.21961843424064,0.050860723171913,3.386792289284,2.9913173914472,0.4997575247918,1.3281524845629,1.6939313731683,-0.36202128801906,-0.83646859781302,1.1298115436364,-8.6818127131835,2.5361165527856,0.17637272852747,-0.77977218987103,-6.2016192569959,-1.9317341626863,0.48819798438603,-1.884259704568,3.9956786360363,3.1619144350851,-1.5299336980545,-0.051568274706601,20.052616263928,5.1581816955048,-0.075097881112209,1.6403316657452,4.7255264008381,1.6556336705017,0.81364233475338,1.6183583277763,-17.280628687221,-7.4155354787883,-0.82866760831216,-1.8798925613606,-27.599313767738,-1.6745294856191,-0.050885239634029,-2.1264923993856,5.0228780933415,0.45611251197396,0.28138900457849,-0.30573688284783,33.570135557535,6.2455917653787,-1.3070081481846,3.9001087518559,19.943701080235,6.5267075639531,1.1589256162632,1.2768262410634,39.034251887902,1,1.5574387033172,1.923150448045,31.257106869312,1,-2.989804618582,-1.878520264127,38.262864405247,1,1.9572874207596,-1.3354198228731,33.555658081037,1
1.22,-0.0031570763973196,-0.0046791322534583,0.4295603985607,-0.017620707082937,0.011765298229705,0.0081230208956768,0.99974251933735,-0.078207995021183,0.055250728808462,0.044932009385274,-0.15410264855516,0.15273183869667,-0.15432918695325,0.30663823853723,0.357313769616,0.15045967978121,-5.6298951338787,-1.3195183449315,5.1208961240013,-0.21932181342129,0.067783792655122,3.3822180234338,2.9815507987266,0.50641887632619,1.3362709430102,1.5533091861963,-0.47520426989563,-0.8309287082405,1.0860164490564,-8.8352145204182,2.4557069514757,0.17239692420656,-0.81043303906797,-6.0618219944346,-1.8761849589213,0.47882833581439,-1.8632598733111,4.4034921723131,3.2139484796175,-1.529940852586,0.048706776803772,20.052993874744,5.398252294851,-0.066839311646266,1.662663051253,4.2058567714625,1.546009663752,0.82151565836204,1.5304858291506,-17.862954582736,-7.4530006102195,-0.83840863733269,-2.0158218058612,-26.762654522318,-1.6665423149521,-0.061450556065328,-2.0987650527432,6.0657796662467,0.5880246546651,0.28028056455378,-0.13753527892357,33.694747452131,6.2106230213326,-1.287268693423,3.9935835657762,17.436329394091,6.4327828052973,1.2345430758153,1.3229475024355,38.998137640039,1,1.4863760052972,1.888204530713,31.230931526391,1,-2.9818828663655,-1.9137080337327,38.34562345574,1,2.0190375405293,-1.2894647457126,33.434355716108,1
1.225,-0.0033583207178775,-0.0044831396406302,0.42976441461402,-0.017950278077475,0.012178171123916,0.0077928316151929,0.99973434043271,-0.077969189485124,0.055655516115343,0.044980483882591,-0.15208119312001,0.15063907559551,-0.15481585477764,0.32568992295574,0.34619960079483,0.1334268883148,-5.6059911579857,-1.1627311604352,5.2328901723131,-0.21894063986788,0.084680730195937,3.3763398481522,2.9690859367992,0.51311905888244,1.3436842101858,1.4118672701971,-0.58766557456457,-0.82560968628906,1.0414695918587,-8.982500412924,2.3760547981764,0.16826958543681,-0.84038152912936,-5.9166964764004,-1.8206781383489,0.46956876456504,-1.8402327683187,4.806514598046,3.2642042378747,-1.5294467373922,0.14891756769973,20.026914844583,5.4269915774208,-0.058475609544329,1.6823792071146,3.679571681842,1.4357415588432,0.82894247691323,1.4397838259383,-18.412256120259,-7.474529985766,-0.84881861300346,-2.1474233397573,-25.868539293714,-1.6478520483725,-0.071864259187439,-2.0658595476719,7.0937155010548,0.72274840855057,0.28001429594241,0.031052780687344,33.72468162574,6.4082636642659,-1.2670934457696,4.0743797762408,14.873601834589,6.3307220083481,1.30922772202,1.368451642022,38.9577539037,1,1.414190210478,1.8523778133874,31.20914000233,1,-2.9717080213307,-1.9480031066013,38.4248399723,1,2.0792620876369,-1.2429081656316,33.314982374012,1
1.23,-0.0035589306267235,-0.0042857470673621,0.42996858415421,-0.018275101916136,0.012585570734075,0.0074617071372928,0.99972593593737,-0.077715654990418,0.056042923744795,0.044999653022166,-0.15002221392609,0.14847604314872,-0.15528103575497,0.34279552720164,0.33404556753049,0.11462991570412,-5.5854997159374,-1.0115471074382,5.339487126163,-0.21847506053008,0.10154502170329,3.3691600295875,2.9539139192883,0.51985453656813,1.3503883738807,1.2696802684194,-0.69922975645464,-0.82051521389361,0.99620180828134,-9.123568436418,2.2972758768784,0.16399434009039,-0.86959133575764,-5.7663702661635,-1.7652707754795,0.46042934528502,-1.8152034436619,5.204307414671,3.3127951466726,-1.5284520043773,0.24893188625603,19.974413580453,5.4543861010236,-0.050019930208915,1.6994491214691,3.1474989343192,1.3249409568331,0.8359090599844,1.3464200045884,-18.927517771786,-7.4800381950826,-0.85987518644325,-2.2744146314518,-24.918887632523,-1.6184410290236,-0.082100655888822,-2.0278570699709,8.1041494327001,0.86012917778162,0.28059094692345,0.19955358614955,33.65985396735,6.3395732041429,-1.2465464564607,4.142240876006,12.263654404385,6.2204913564613,1.3829231236064,1.4133174332846,38.913145669692,1,1.3409358620134,1.8156870083322,31.191756574682,1,-2.9592877715295,-1.9813894849425,38.500425701203,1,2.1379155567756,-1.1957718001056,33.197671046484,1
1.235,-0.0037588682271568,-0.0040870161738919,0.43017277416223,-0.018595102111149,0.012987304891914,0.0071296797759666,0.99971731992369,-0.077447439431615,0.056412830720135,0.044989504315061,-0.14792621899572,0.1462437503566,-0.15572466532289,0.35779894183246,0.32093581062228,0.094190929484394,-5.5689461392024,-0.8652143059333,5.4396875759316,-0.21792525489759,0.11837016567178,3.3606813356965,2.9360337633534,0.52662175486456,1.3563798961015,1.126823217317,-0.8097221538494,-0.81564881755128,0.95024443360263,-9.2583209407527,2.2194838018936,0.15957494604729,-0.89803678394747,-5.6109754983284,-1.7100098344351,0.45142002189302,-1.7881991318772,5.5964378135711,3.3598277915503,-1.5269579659285,0.34861777996047,19.895559349174,5.4804735431584,-0.041485573715021,1.7138459447716,2.6104754347373,1.213721612347,0.84240252801903,1.2505669726192,-19.407786940972,-7.4694757197275,-0.87155462060845,-2.3965230469462,-23.915738318936,-1.5783195553589,-0.092134490515542,-1.9848513808977,9.094588477524,0.9999262478463,0.28200889718499,0.36749367280005,33.500446633984,6.2526896982508,-1.225692956917,4.1969514234866,9.6147730171087,6.1020923140623,1.4555735967707,1.4575239474584,38.864362635263,1,1.2666683104499,1.7781492308865,31.178800610015,1,-2.9446315016281,-2.0138515948492,38.572296433722,1,2.1949536297358,-1.1480776370652,33.082552428005,1
1.24,-0.0039580957494806,-0.0038870090183778,0.43037685160568,-0.018910203696128,0.013383184011047,0.0067967818183457,0.99970850668523,-0.077164593476624,0.056765121529653,0.044950044373289,-0.14579372548428,0.14394323852768,-0.1561466819102,0.37056733462504,0.30697573790231,0.07226224042374,-5.5567472315926,-0.72289308564266,5.5324528971022,-0.21729143493093,0.13514967568813,3.3509070351771,2.9154590068284,0.53341714250251,1.3616556149377,0.9833715069491,-0.91897006332345,-0.81101386588034,0.90362928044959,-9.3866646475108,2.1427893093698,0.15501528789211,-0.92569287055372,-5.4506487626898,-1.6549311341543,0.44255059676013,-1.7592492143368,5.9824791469823,3.4054002323044,-1.5249665931848,0.44784372960366,19.790456185987,5.5052736965527,-0.032885963890222,1.7255470320257,2.0693458760581,1.1022030069337,0.84841087613784,1.1524019395079,-19.852175724257,-7.4428326423739,-0.88383184125342,-2.5134864351498,-22.861244985735,-1.5275278045059,-0.10194100718305,-1.936948585836,10.062588984065,1.1418063710282,0.28426416247698,0.53440115152057,33.246907538869,6.1478527393575,-1.2045991516505,4.2383377267278,6.9353671917204,5.9755670360777,1.5271242472511,1.5010505633147,38.811459148731,1,1.1914436719043,1.7397819914808,31.170286542342,1,-2.9277502858162,-2.0453742935626,38.640372099942,1,2.2503332088914,-1.0998479246398,32.969754770197,1
1.245,-0.004156575558137,-0.0036857880575192,0.43058068352551,-0.0192203332402,0.013773021176518,0.0064630455391728,0.99969951071318,-0.076867170557145,0.057099686162677,0.044881298905502,-0.14362525955264,0.14157558079295,-0.15654702694533,0.38099402524919,0.29229161464667,0.049024064353591,-5.5491954683009,-0.58367505358701,5.6167189137499,-0.21657384497978,0.1518770829318,3.3398408962082,2.8922188485649,0.54023711334696,1.3662127462301,0.8394008411948,-1.0268039408635,-0.80661356728837,0.85638861677691,-9.5085107145748,2.0672995601252,0.15031937349964,-0.95253528626892,-5.2855309841722,-1.6000583675592,0.43383072004456,-1.7283851892812,6.3620113921974,3.4496003104277,-1.5224805134365,0.54647882279708,19.659242757302,5.5288005505568,-0.024234627200112,1.7345339784017,1.5249614097298,0.9905136354426,0.85392299633303,1.0521063890723,-20.259862552386,-7.4001425706473,-0.89668049076173,-2.6250536906852,-21.757671494718,-1.4661378011536,-0.11149601085489,-1.8842668725085,11.005762662135,1.2853393917807,0.28735040580645,0.6998070346826,32.899949092857,6.0249097337116,-1.1833320080824,4.2662683948325,4.2339433544399,5.8410031304258,1.5975210118049,1.5438769767804,38.754494148937,1,1.1153187856626,1.7006031874686,31.166223857035,1,-2.9086568794394,-2.0759428765351,38.704576857964,1,2.3040124497644,-1.0511051607789,32.859403738941,1
1.25,-0.0043542701588169,-0.0034834161270536,0.43078413712264,-0.019525418861344,0.014156632233083,0.0061285032154863,0.99969034667263,-0.076555226858577,0.057416420143933,0.044783312700249,-0.14142135623731,0.13914188160529,-0.15692564486452,0.38900099354565,0.27702946777316,0.02468156544888,-5.5464448704029,-0.44660399304208,5.6914105841605,-0.21577276168871,0.16854593866889,3.327487184997,2.8663588437123,0.54707806828954,1.3700488850406,0.69498719780208,-1.1330586123665,-0.80245096775132,0.80855514353034,-9.6237747976253,1.9931174667826,0.14549133051197,-0.97854043699072,-5.1157672989588,-1.545402224583,0.42526987919213,-1.695640637548,6.7346216085615,3.4925039678905,-1.5195030066585,0.64439292669049,19.502092177747,5.5510620513368,-0.015545171472312,1.7407926481859,0.97817830689793,0.87879389763435,0.85892869800427,0.94986574395057,-20.630093709299,-7.3414866449127,-0.91007298473253,-2.7309852929789,-20.607387076484,-1.3942553640844,-0.12077592703772,-1.8269362193792,11.921782475307,1.4299962887894,0.29125895524358,0.86324655393972,32.460546202644,5.8838266656462,-1.1619590439384,4.2806547550937,1.5190778330281,5.6985376739178,1.6667106990588,1.5859832104091,38.693531099583,1,1.0383511712325,1.6606310947782,31.166617080261,1,-2.8873657093609,-2.1055430842907,38.764839178398,1,2.3559507926422,-1.0018720827579,32.751622274375,1
1.255,-0.0045511422055429,-0.0032799564221341,0.43098707984445,-0.019825390238948,0.01453383587221,0.005793187141488,0.9996810293786,-0.076228821309398,0.057715224566162,0.044656149596789,-0.13918255931846,0.13664327622425,-0.15728248311949,0.39454092952841,0.26135330825707,-0.00053873865777908,-5.5484996459422,-0.31069814609176,5.7554574432919,-0.21488849389059,0.18514981673821,3.3138506641345,2.8379412606433,0.55393639714795,1.3731620069205,0.55020678829177,-1.2375744734269,-0.79852894870505,0.76016197201045,-9.7323771085256,1.9203410588797,0.14053540271033,-1.0036854645609,-4.9415069269187,-1.4909596688133,0.41687738861358,-1.6610511860355,7.0999043867616,3.5341736092835,-1.5160380011835,0.74145685966098,19.319211781772,5.5720598806405,-0.006831264492491,1.7443131970153,0.42985661156192,0.76719849600615,0.86341872679875,0.84586902279858,-20.962184725571,-7.2669974836475,-0.92398057120073,-2.8310538204815,-19.412861243991,-1.3120219566585,-0.12975785994519,-1.7650980749654,12.808388382271,1.5751499536315,0.29597882828869,1.0242604661644,31.929933531415,5.7246959113687,-1.1405481128974,4.2814511345077,-1.2006103708561,5.5483603978088,1.7346410296999,1.6273496227003,38.628637918526,1,0.96059898488194,1.6198843593869,31.171465773937,1,-2.8638928630614,-2.1341611090758,38.821091924058,1,2.4061089932243,-0.95217165657103,32.646530453928,1
1.26,-0.0047471545077238,-0.003075472477596,0.43118937947118,-0.020120178625587,0.014904453717738,0.0054571296435677,0.99967157377186,-0.07588801557004,0.057996006121014,0.044499892443503,-0.13690942118574,0.13408093018649,-0.15761749218476,0.39759874050519,0.24544270582431,-0.026393107519084,-5.5552066404343,-0.17497334795709,5.8078095272378,-0.21392138248749,0.20168231602869,3.2989365907588,2.807045050917,0.56080848057113,1.3755504689799,0.40513601773849,-1.3401986560552,-0.79485022505069,0.71124260095231,-9.8342424705529,1.849062899845,0.1354559462849,-1.0279482668571,-4.7629030404449,-1.4367134144877,0.40866237955033,-1.6246544689392,7.4574622899223,3.5746565409446,-1.5120900685184,0.83754256174689,19.110842850107,5.5917892466815,0.0018933874939065,1.7450900873617,-0.11914121220149,0.65589825282756,0.86738478172025,0.74030849083948,-21.255521643831,-7.1768629085905,-0.93837339236379,-2.9250444389123,-18.176658490837,-1.2196163641173,-0.13841964898743,-1.6989050088499,13.663392912904,1.7200789450748,0.30149676273158,1.1823963438595,31.309602029609,5.5477419042027,-1.1191671891735,4.2686550047742,-3.9164869447728,5.3907159773395,1.8012606759777,1.6679569172615,38.559886902116,1,0.88212097569691,1.5783819886234,31.180764536218,1,-2.8382560764826,-2.1617836013004,38.87327242475,1,2.4544491522751,-0.9020270662191,32.544245358542,1
1.265,-0.0049422700371809,-0.002870028148116,0.43139090420204,-0.020409716858034,0.015268310410158,0.0051203630954541,0.99966199489466,-0.075532874021238,0.05825867712818,0.044314643043914,-0.13460250270195,0.13145603876209,-0.15793062556454,0.39819244266201,0.2294897783485,-0.052625124139176,-5.5662525138802,-0.038466413453724,5.8474535028041,-0.21287180031926,0.21813706294713,3.2827507145293,2.773765393841,0.56769069194932,1.3772130107538,0.25985144444929,-1.4407861383917,-0.79141734327539,0.66183089333698,-9.9293003704371,1.7793695693761,0.13025742600577,-1.0513075172206,-4.5801126298179,-1.3826316447771,0.40063379013945,-1.5864900868052,7.8069062860268,3.6139835212914,-1.507664417314,0.93252326360201,18.877260291428,5.6102386826697,0.010615061340445,1.7431220972416,-0.66795163682229,0.54508127468718,0.87081953047575,0.63337930441102,-21.509562153828,-7.0713292856367,-0.95322054868258,-3.012755362481,-16.901432785615,-1.1172561198802,-0.14673992344652,-1.6285203352555,14.484686565281,1.8639743553718,0.30779725391658,1.3372098464188,30.601294745543,5.3533244867381,-1.0978841517153,4.2423069903229,-6.6199296772299,5.2259053795674,1.8665193004866,1.7077861518096,38.487354644646,1,0.8029764411907,1.5361433423015,31.194503007517,1,-2.810474720627,-2.1883976757657,38.9213225471,1,2.50093474426,-0.85146170289415,32.44488094224,1
1.27,-0.0051364519351423,-0.0026636875882728,0.43159152274112,-0.020693939367492,0.015625233689486,0.0047829199334656,0.99965230786635,-0.075163463751865,0.058503155562773,0.044100522090365,-0.13226237306473,0.12876982639696,-0.15822183979912,0.39637338074451,0.21369568388449,-0.078970524072869,-5.581166362665,0.099741870222101,5.8734287290664,-0.2117401520198,0.23450771387539,3.2652992754093,2.7382127961972,0.57457939932792,1.3781487548677,0.11442973956152,-1.5392007727654,-0.78823267968956,0.61196105295087,-10.017485007172,1.7113412238232,0.12494441129846,-1.073742683202,-4.3932963652137,-1.3286680039663,0.39280035568868,-1.546599563444,8.1478561711942,3.6521674561439,-1.5027668864921,1.0262736537469,18.618772279664,5.6273898511188,0.01932003858505,1.7384123221386,-1.2157114294936,0.43495341130716,0.87371662303104,0.52527915016776,-21.723836595031,-6.9507043173126,-0.9684901652187,-3.0939982870959,-15.589921874187,-1.0051986053512,-0.15469815520317,-1.5541177101092,15.270243010327,2.0059498043879,0.31486259830851,1.4882659686647,29.807001927681,5.1419398497308,-1.0767665687075,4.2024907393413,-9.3023558309929,5.0542862451539,1.9303675942013,1.746818747007,38.411121953026,1,0.72322518249912,1.4931881236889,31.212665882046,1,-2.7805697869204,-2.2139909176744,38.965188759313,1,2.5455306449445,-0.80049915406828,32.348547905164,1
1.275,-0.0053296635192062,-0.0024565152325126,0.43179110438287,-0.020972782189077,0.01597505447668,0.0044448326718291,0.99964252785895,-0.074779854546263,0.058729365080944,0.043857669085382,-0.12988960966604,0.12602354614173,-0.15849109447097,0.39222573944504,0.19826672450555,-0.10516216747767,-5.5993282433684,0.24050480992282,5.8848429855038,-0.21052687386109,0.25078795761588,3.2465890012609,2.7005117490624,0.5814709673242,1.3783572075008,-0.031052353418942,-1.6353162077285,-0.78529843878193,0.56166760070919,-10.098735337562,1.6450512456335,0.11952157222747,-1.0952340446089,-4.2026184554765,-1.2747618857168,0.38517059917229,-1.5050263007509,8.4799409833502,3.6892022713667,-1.4974039375425,1.1186700438971,18.335719847408,5.6432173551077,0.027994627028008,1.7309681701341,-1.7615590099647,0.32573797667807,0.87607070335047,0.41620787960551,-21.897948824917,-6.815359129271,-0.98414946006595,-3.1685987946288,-14.244941402096,-0.88374175328384,-0.16227470938459,-1.4758807025914,16.018124091257,2.145054444785,0.32267294323728,1.6351402631544,28.928955432307,4.9142190267011,-1.0558814830595,4.1493326582132,-11.955249391073,4.8762723020161,1.9927573137338,1.7850364951282,38.331273756752,1,0.64292745919515,1.4495363703163,31.235232924867,1,-2.7485638713514,-2.2385513884217,39.004822190817,1,2.5882031579334,-0.74916319249064,32.255353570251,1
1.28,-0.0055218682902702,-0.0022485757750287,0.43198951909732,-0.021246182970536,0.016317606953568,0.004106133918039,0.99963267007273,-0.07438211887106,0.058937235043721,0.043586242250788,-0.12748479794974,0.12321847906716,-0.15873835221032,0.3858653328595,0.18341018696256,-0.13093501291244,-5.6199837471728,0.38458958753474,5.8808876113174,-0.20923243358493,0.26697151782475,3.2266271052508,2.6607989658594,0.58836175904579,1.3778382586461,-0.17651805911754,-1.7290166810749,-0.7826166516936,0.51098535075989,-10.17299511848,1.5805659907994,0.11399367539135,-1.1157627108398,-4.008246503782,-1.2208390276734,0.37775282195779,-1.4618155314843,8.8027994058438,3.7250619926999,-1.4915826459979,1.209590532149,18.028476435985,5.6576885608969,0.036625182268639,1.7208013502556,-2.3046358057341,0.21767472416261,0.87787741929895,0.30636713958334,-22.031576951352,-6.6657295069574,-1.0001648147288,-3.2363967273679,-12.86937886973,-0.75322429344643,-0.16945089280841,-1.3940023422265,16.726484605475,2.2802887238625,0.33120634268122,1.7774200328201,27.969622452304,4.6709239841981,-1.0352951995611,4.0830015102111,-14.570188100893,4.6923318312521,2.0536413177861,1.8224215685535,38.247899013293,1,0.56214394375718,1.4052084446303,31.262178994435,1,-2.7144811573981,-2.262067631165,39.040178686704,1,2.6289200401316,-0.69747776509807,32.165401763668,1
1.285,-0.0057130299394262,-0.0020399341495591,0.43218663761476,-0.021514080980225,0.016652728641252,0.0037668563882269,0.99962274971177,-0.073970331861476,0.059126700539068,0.043286418424622,-0.12504853126714,0.1203559336666,-0.15896357870032,0.37743768279499,0.16933005490172,-0.15603095600718,-5.6422644379618,0.53265936882843,5.8608518115264,-0.20785733022271,0.28305215543146,3.20542128307,2.6192212473654,0.59524813800998,1.376592182169,-0.32189061080779,-1.8201976633462,-0.78018917481198,0.45994938638455,-10.240212945801,1.5179446406125,0.10836557973294,-1.1353106374884,-3.8103513603162,-1.1668124099307,0.37055509477387,-1.4170142700511,9.1160801605684,3.7597000592355,-1.485310692099,1.2989151638102,17.697447402752,5.6707634394489,0.045198129166801,1.7079278540586,-2.8440876025127,0.11101809235054,0.87913343068806,0.19595999952653,-22.124473927686,-6.5023161594001,-1.016501846297,-3.2972465318564,-11.466187433239,-0.61402549099332,-0.17620900010325,-1.3086846426325,17.393576857135,2.4106225130599,0.34043881893244,1.9147054905923,26.931698584673,4.4129414176589,-1.015073074382,4.0037078797158,-17.138870200788,4.5029852278501,2.1129736027695,1.8589565280852,38.161090608978,1,0.48093567572518,1.3602250244951,31.293474070609,1,-2.6783473977547,-2.2845286761676,39.071218856926,1,2.6676505261071,-0.64546698184443,32.078792699134,1
1.29,-0.0059031123548198,-0.0018306555091092,0.43238233150996,-0.021776417114349,0.016980260476951,0.0034270329225114,0.99961278195967,-0.073544571307135,0.059297702402152,0.042958392945921,-0.1225814107306,0.11743724524558,-0.15916674268188,0.36711542154274,0.15622273062948,-0.18020340571854,-5.6652136267459,0.68525827971279,5.8241358966156,-0.20640209390295,0.29902367104411,3.1829797099665,2.5759330389846,0.6021264700628,1.3746196356623,-0.46709329092345,-1.908766334925,-0.77801768848582,0.40859503571307,-10.30034228998,1.4572391609615,0.10264223226842,-1.1538606422048,-3.6091069721005,-1.112583442053,0.36358524892925,-1.3706712613535,9.4194423901616,3.7930488926908,-1.4785963506617,1.3865260896595,17.343069486302,5.6823944371809,0.05369998319545,1.6923679304739,-3.379065887831,0.0060347641563907,0.87983641545121,0.085190575999392,-22.176468009485,-6.3256839235424,-1.0331254812612,-3.3510175713764,-10.03837956448,-0.46656434217498,-0.18253235739214,-1.2201381031052,18.017754969122,2.5350150928941,0.35034442997099,2.0466108827485,25.818100256269,4.1412744287536,-0.99527930758254,3.9117035036649,-19.653140783965,4.3088017197103,2.1707093375653,1.894624331082,38.070945255521,1,0.39936401557966,1.3146070935465,31.329083288097,1,-2.6401898948734,-2.3059240459161,39.097908120177,1,2.7043653513367,-0.59315510445392,31.995622866282,1
1.295,-0.0060920796284717,-0.0016208052056068,0.43257647328586,-0.022033133903471,0.017300046889244,0.0030866965002985,0.99960278195528,-0.073104917637364,0.059450187233826,0.04260237952746,-0.12008404506518,0.11446377529895,-0.1593478159579,0.35509507869183,0.14427290128091,-0.20322148507823,-5.6878166329081,0.84279968618671,5.7702632337092,-0.20486728564694,0.3148799073394,3.1593110375941,2.5310937618957,0.6089931252969,1.3719216600995,-0.61204947154471,-1.9946418843825,-0.77610369586201,0.3569578472688,-10.353341528265,1.3984943690499,0.096828663738962,-1.1713964197981,-3.4046902300953,-1.0580434112049,0.356850867792,-1.3228369277538,9.7125560288666,3.8250197395172,-1.4714484801599,1.4723077214298,16.965810230251,5.692526388456,0.062117371650663,1.6741460539573,-3.9087291856781,-0.096999393185,0.87998507393665,-0.025736344657699,-22.187463072048,-6.3611531323444,-1.0500000308116,-3.3975944064099,-8.5890205836295,-0.31129820822114,-0.18840536343103,-1.1285811892652,18.597478943833,2.6524363772355,0.36089534235846,2.1727655728286,24.631956529033,3.8570323193022,-0.97597673929525,3.8072804723531,-22.10501768624,4.1103953277453,2.2268048973984,1.9294083394097,37.97756338227,1,0.31749059837804,1.2683759314035,31.368966975298,1,-2.6000374803347,-2.3262437600077,39.120216742419,1,2.7390367743188,-0.54056653510358,31.915984923154,1
1.3,-0.0062798960630614,-0.0014104487694941,0.43276893645662,-0.022284175518303,0.01761193587169,0.0027458802555042,0.9995927647687,-0.072651453906007,0.059584107417296,0.042218610116512,-0.11755705045849,0.11143691087577,-0.1595067733973,0.34159333340502,0.13364967520756,-0.22487376127015,-5.7090344010245,1.0055580859941,5.6988906988451,-0.20325349715248,0.33061475143639,3.1344243906765,2.4848650116978,0.61584447996715,1.3684996792852,-0.75668265483718,-2.0777556211251,-0.77444852184508,0.30507356536113,-10.399173973508,1.3417481038948,0.090929984188762,-1.1879025565689,-3.1972808137146,-1.0030751531795,0.35035927853863,-1.2735633142135,9.9951021616518,3.855502797089,-1.463876511038,1.5561468843081,16.566167366398,5.7010964836734,0.070437054685792,1.6532908859935,-4.4322443800731,-0.1978029161574,0.87957913131017,-0.13661568492962,-22.157438788119,-6.161329870537,-1.0670892674568,-3.4368770424721,-7.1212220783355,-0.14872088566452,-0.19381352810073,-1.0342397940511,19.131318462719,2.7618886833391,0.37206190944619,2.2928150830741,23.376600307744,3.5614187868491,-0.95722665022322,3.69077030212,-24.486716827362,3.9084201666555,2.2812178968001,1.9632923272019,37.881049024321,1,0.23537728718354,1.2215531037424,31.4130806985,1,-2.5579204930623,-2.3454783398062,39.138119870009,1,2.7716385975339,-0.48772580504032,31.839967592979,1
1.305,-0.0064665261786702,-0.0011996518892644,0.43295959563004,-0.022529487774788,0.017915779054778,0.0024046174916673,0.99958274537738,-0.072184265775727,0.059699421132994,0.041807334743733,-0.11500105040866,0.10835806393228,-0.15964359293841,0.32684283220015,0.12450310026379,-0.24497143051721,-5.7278391199559,1.1736647730699,5.6098174327533,-0.20156135056577,0.34622213725316,3.1083293634897,2.4374077251886,0.62267691840297,1.364355499104,-0.90091651342203,-2.1580509013092,-0.77305331218004,0.25297810534256,-10.437807899561,1.2870314934743,0.084951378473404,-1.2033645438573,-2.9870610328907,-0.94755489932419,0.34411754418198,-1.2229040316668,10.266773371199,3.8843676288896,-1.4558904332689,1.6379329662507,16.144668158044,5.7080343072279,0.078645946136622,1.6298352300142,-4.9487880254863,-0.29609274951317,0.8786193380632,-0.24724245526606,-22.086450665462,-5.9490351400125,-1.0843565027998,-3.4687811447869,-5.6381352235374,0.020639870823342,-0.19874350815759,-0.93734668038703,19.617956415224,2.8624283083604,0.3838127546784,2.4064220904632,22.055558975009,3.2557188458468,-0.93908856708981,3.5625428828709,-26.79067692347,3.703565199793,2.3339072216341,1.9962604884292,37.781509706621,1,0.15308612632186,1.1741604522362,31.461375311381,1,-2.5138707563993,-2.3636188128632,39.15159755739,1,2.8021461872398,-0.43465756313768,31.767655565324,1
1.31,-0.0066519347194839,-0.00098848039094982,0.43314832658924,-0.022769018138486,0.018211431776188,0.0020629416969244,0.99957273864248,-0.07170344150183,0.05979609237164,0.041368821360263,-0.11241667557043,0.10522867067325,-0.15975825559209,0.31108768677156,0.11696115750823,-0.26335090551487,-5.7432503433991,1.3471072783232,5.5029917176895,-0.19979149824152,0.36169604784539,3.0810360161636,2.3888794175636,0.62948683491648,1.3594913065672,-1.0446749306564,-2.2354828721862,-0.77191903265935,0.20070752874736,-10.469216563237,1.234369308098,0.078898101702429,-1.2177687907959,-2.7742156678265,-0.89135424601388,0.33813245588644,-1.1709141986908,10.527274072379,3.9114638669479,-1.4475007831744,1.7175580639182,15.701868704359,5.7132619590023,0.086731134104817,1.6038159798004,-5.4575476420507,-0.39158853942341,0.87710746862537,-0.35741213305851,-21.974629944246,-5.7263661042041,-1.1017646663033,-3.4932382193427,-4.1429440162979,0.19622533974887,-0.20318314015447,-0.83814090690072,20.056192148415,2.9531861626244,0.39611485975609,2.5132673745426,20.672544479786,2.9412848247196,-0.92162007365651,3.4230053037712,-29.009583492233,3.4965485718671,2.3848330601625,2.0282974442725,37.679056324166,1,0.07067929450083,1.1262200843668,31.513797009765,1,-2.4679215540626,-2.3806567171035,39.160634789307,1,2.8305364920846,-0.38138656439775,31.699129401743,1
1.315,-0.0068360866604529,-0.0007770002175651,0.43333500637359,-0.023002715728275,0.018498753149325,0.0017208865588171,0.99956275928553,-0.071209071915592,0.05987409094548,0.040903355663153,-0.10980456359963,0.10205019088204,-0.15985074544434,0.29457877610384,0.11112730288252,-0.27987577588836,-5.7543700476416,1.5257324311951,5.3785158114798,-0.19794462249149,0.37703051772597,3.0525548708031,2.3394315886537,0.63627063570532,1.3539096686588,-1.1878820408024,-2.3100180461633,-0.77104646845428,0.14829801832907,-10.493378222821,1.1837803866487,0.072775474620184,-1.2311026362562,-2.5589318065761,-0.83434218970905,0.33241052557905,-1.1176503815349,10.776320833861,3.9366221929998,-1.4387186295234,1.7949171250357,15.238353206696,5.7166942714666,0.094679901267253,1.5752740614524,-5.9577229935241,-0.48401707592322,0.87504631808399,-0.46692104075393,-21.822183354412,-5.4941565214208,-1.1192763848753,-3.5101957599406,-2.6388584401707,0.37744928909984,-0.20712147045089,-0.73686723810806,20.444944429283,3.0333867357601,0.40893365741402,2.613050714395,19.231442907308,2.6195218021103,-0.90487662790923,3.2726005608427,-31.136392074449,3.288111649735,2.433956933127,2.0593882502964,37.573803018462,1,-0.011780942171412,1.0777543631117,31.570287391562,1,-2.4201076049941,-2.3965841047727,39.165221497539,1,2.8567880605242,-0.32793765840362,31.634465446027,1
1.32,-0.0070189472139086,-0.00056527740851571,0.43351951335885,-0.023230531319372,0.018777606130094,0.0013784859789014,0.99955282186538,-0.070701250407095,0.059933392497718,0.040411240909228,-0.1071653589958,0.098824107239664,-0.15992104965852,0.27756898172258,0.10707860698497,-0.29443813429276,-5.7604150863485,1.7092527352118,5.2366485979918,-0.19602143532144,0.39221963516486,3.0228969074318,2.2892073881785,0.64302474074917,1.3476135309807,-1.330462269064,-2.381633721591,-0.7704362235715,0.09578585301399,-10.510276153123,1.1352781190616,0.066588878928949,-1.2433543599772,-2.3413986805972,-0.77638716988176,0.32695797886428,-1.0631705325757,11.013642686486,3.9596555832267,-1.4295555589295,1.8699080869927,14.754733197837,5.7182391319809,0.1024797448793,1.5442543690159,-6.448527345994,-0.57311673960738,0.87243969701658,-0.57556672240618,-21.629392733475,-5.2532762413349,-1.1368540631043,-3.5196173609181,-1.129107573777,0.56370183487966,-0.21054878223829,-0.6337755405203,20.783254112401,3.1023647327062,0.42223312855011,2.7054917322188,17.736303559703,2.2918728452177,-0.8889113859935,3.111806150565,-33.164350598403,3.0790129039361,2.4812417228237,2.0895184034207,37.465867050363,1,-0.094232277234383,1.0287858965128,31.630783521835,1,-2.3704650371271,-2.4113935461445,39.165352572116,1,2.8808810570308,-0.27433577772761,31.573735739147,1
1.325,-0.0072004818361352,-0.00035337807897556,0.43370172733635,-0.023452417345699,0.019047857581897,0.0010357740871309,0.99954294075554,-0.070180072907594,0.059973978510121,0.039892797717514,-0.10449971294319,0.095551924633112,-0.15996915847713,0.26030848435075,0.10486452039311,-0.30695928133766,-5.7607456113039,1.8972556165645,5.0778059414086,-0.19402267815664,0.40725754446816,2.9920735597592,2.2383396170659,0.6497455856991,1.3406062161985,-1.4723403714698,-2.4503172723099,-0.77008872043488,0.043207382788273,-10.519898657051,1.0888381271764,0.060343752558503,-1.254513192868,-2.121807498419,-0.71735906413703,0.32178074825048,-1.0075339272629,11.238981418093,3.9803607952213,-1.4200236605635,1.9424320114974,14.251646735172,5.7177979167155,0.1101183964406,1.5108056938675,-6.9291887053441,-0.6586418077825,0.86929242444606,-0.68314831796892,-21.396614505479,-5.0046233597185,-1.154459963972,-3.5214827953075,0.38306734161079,0.75435362842131,-0.21345661951375,-0.52912016616322,21.070286506371,3.1595788089981,0.43597590343428,2.7903306811529,16.191327578001,1.9598043998096,-0.87377503345725,2.9411325539465,-35.087020815958,2.8700217619166,2.5266517011489,2.1186738486856,37.355368669425,1,-0.17661241095356,0.97933752712989,31.695218002911,1,-2.3190313600882,-2.4250781329864,39.16102786701,1,2.9027972770808,-0.22060592630092,31.517007939,1
1.33,-0.0073806562338949,-0.00014136839924099,0.43388152959139,-0.023668327901602,0.019309378338807,0.00069278525598388,0.99953313012181,-0.069645637871385,0.059995836308801,0.039348363860348,-0.10180828315007,0.092235169453394,-0.15999506522317,0.24304024474077,0.10450627026825,-0.3173898406695,-5.7548882140151,2.0892149957473,4.9025586651851,-0.19194912155602,0.42213844823556,2.9600967107726,2.1869491255847,0.65642962375853,1.3328914222876,-1.6134414745819,-2.516065332016,-0.77000419959314,-0.0094009964643478,-10.522239073715,0.88318310616168,0.054045584886265,-1.2645693264726,-1.9003512775733,-0.65713108447642,0.31688446669513,-0.95080109962612,11.452091854458,3.9985200703471,-1.4101355102039,2.01239321511,13.729757558888,5.7152660389325,0.11758384099237,1.4749806479703,-7.3989510315362,-0.740366481509,0.86561031893147,-0.78946693463813,-21.124279022049,-4.7491158701845,-1.1720562898697,-3.5157880582608,1.8944198605984,0.9487602916824,-0.21583780794297,-0.42315932502949,21.305333433206,3.2046219531988,0.45012336671238,2.8673291751298,14.600856137488,1.6247921563051,-0.85951562433727,2.7611216158783,-36.898298742345,2.6619125581349,2.5701525565951,2.1468409858081,37.242430979946,1,-0.25885909739377,0.92943232138553,31.763519049473,1,-2.2658454368556,-2.4376314817822,39.152252200299,1,2.9225201609095,-0.16677316774987,31.464345245026,1
1.335,-0.0075594363709068,7.0685425932325e-05,0.43405880298049,-0.023878218742928,0.019562043266907,0.00034955411430659,0.99952340390048,-0.069098046257215,0.059998959068171,0.038778294043319,-0.099091733686481,0.088875388883506,-0.15999876630104,0.2259957815383,0.10599687417455,-0.32570933063656,-5.7425527931843,2.2845045549937,4.7116281151234,-0.18980156491511,0.43685660959539,2.926978688156,2.1351436504198,0.66307332755503,1.3244732205821,-1.7536911150088,-2.5788829023404,-0.77018271955334,-0.062002868156502,-10.51729578303,0.81635531449028,0.047699911912204,-1.2735139215925,-1.6772246749341,-0.59558153048269,0.31227446147605,-0.89303377641283,11.652742126053,4.0139030201495,-1.3999041536457,2.0796993954811,13.189754216275,5.7105336104751,0.12486433601594,1.4368355811192,-7.857075427798,-0.81808850679942,0.86140018781087,-0.89432601455762,-20.812889766774,-4.4876830159936,-1.1896052637449,-3.5025453756471,3.401705303371,1.1462670159376,-0.21768647256109,-0.31615444801246,21.487814975577,3.2372282018962,0.46463576591013,2.9362708587089,12.969358249589,1.2883076808015,-0.84617842859995,2.5723448249152,-38.592434034745,2.4554586967056,2.611711420177,2.1740066755262,37.127179803814,1,-0.34091019145176,0.87909355880486,31.835610568528,1,-2.2109474543939,-2.4490477367101,39.139035348798,1,2.9400348060243,-0.11286261370439,31.415806327805,1
1.34,-0.0077367884742757,0.00028271717800331,0.43423343200779,-0.024082047287487,0.019805731323762,6.1155608429738e-06,0.99951377577689,-0.068537401509204,0.05998334581308,0.038182959674168,-0.096350734820343,0.085474150176707,-0.15998026119707,0.20939134541934,0.10930173992148,-0.33192525055489,-5.7236424509787,2.4824120331389,4.505879308901,-0.1875808361579,0.45140635441628,2.8927322595376,2.0830171130275,0.66967319100178,1.3153560536259,-1.8930152787022,-2.6387824150359,-0.77062415674032,-0.11456182020548,-10.505072206842,0.77624246928901,0.041312311392772,-1.2813391160555,-1.4526238156174,-0.53259536377354,0.30795574839519,-0.8342948099276,11.840713920321,4.0262686621845,-1.3893430894881,2.1442617531298,12.632349153298,5.7034862114565,0.13194842990276,1.3964304923078,-8.3028413028455,-0.89163227999121,0.85666981461619,-0.99753169820777,-20.463022424388,-4.2212565518249,-1.2070692102037,-3.4817831778059,4.9016877216042,1.3462132390358,-0.21899805226764,-0.20836954189322,21.617280907605,3.2572755214766,0.47947232313229,2.9969620150064,11.301418204541,0.9518060559933,-0.83380578842071,2.3754014989469,-40.164048248155,2.2514271293413,2.6512968902661,2.2001582457278,37.009743540331,1,-0.42270369581274,0.82834472115643,31.911412244186,1,-2.1543788932896,-2.4593215723738,39.121392037168,1,2.9553279784643,-0.058899412084025,31.371445263688,1
1.345,-0.007912679040873,0.00049466064532375,0.43440530290026,-0.024279772614909,0.020040325615993,-0.00033749522257618,0.99950425916449,-0.067963809537306,0.059949001419116,0.037562748620812,-0.093585962852115,0.082033039925435,-0.15993955247958,0.19342457228881,0.11435980629006,-0.33607174746468,-5.6982560483664,2.6821538766568,4.2863117204878,-0.18528779141758,0.46578207349463,2.8573706275674,2.0306493817646,0.67622573114786,1.3055447328283,-2.0313404400162,-2.6957827787629,-0.77132820558232,-0.16704147023842,-10.485576806558,0.73822093933643,0.03488839793814,-1.2880380316267,-1.2267461205898,-0.46806557783457,0.30393302632131,-0.77464810964742,12.015802719208,4.0353675687246,-1.3784662513255,2.2059951085995,12.05827777464,5.6940057595725,0.13882497996681,1.3538289353548,-8.7355475043132,-0.96085134802758,0.85142794468334,-1.0988931828058,-20.075323816462,-3.9507621233422,-1.2244106363954,-3.4535460385102,6.3911468456299,1.5479373194102,-0.21976931107987,-0.10007053797238,21.693411805682,3.2647848431894,0.49459134964305,3.0492321100133,9.6017226901568,0.61671472678039,-0.82243698375851,2.1709168825168,-41.608151910571,2.0505732356234,2.6888790563186,2.2252834973622,36.890253023168,1,-0.50417780779515,0.77720948149849,31.990839627139,1,-2.0961824964084,-2.4684481962871,39.099341921511,1,2.9683881228001,-0.0049087353671166,31.331311474553,1
1.35,-0.008087074843665,0.00070644964381427,0.43457430368182,-0.024471355465902,0.02026571345494,-0.00068124275821269,0.99949486718448,-0.067377378697303,0.059895936611083,0.036918064958648,-0.090798099947909,0.078553663321202,-0.15987664579852,0.17827167997902,0.12108516897672,-0.33820793340621,-5.6666833874049,2.882889610541,4.0540477958193,-0.18292331470656,0.47997822471708,2.8209074248277,1.9781064814241,0.68272749001635,1.2950444359252,-2.1685936005091,-2.7499084397072,-0.77229437872243,-0.21940549077693,-10.458823077291,0.70228175399159,0.028433818077035,-1.2936047800547,-0.9997901331384,-0.40189434771457,0.30021067207747,-0.71415857268654,12.177818021687,4.0409440913882,-1.3672879893642,2.264818014839,11.46829747346,5.6819714674131,0.14548316997109,1.3090979189392,-9.1545134216074,-1.0256302379201,0.84568426898409,-1.1982230750546,-19.650510705588,-3.6771109618759,-1.2415923125044,-3.4178945792727,7.8668849979413,1.7507811308629,-0.21999834611669,0.0084753640464649,21.716019836563,3.4643787898449,0.50995036300575,3.0929342717734,7.8750476228568,0.28442369132414,-0.81210810765202,1.9595401618311,-42.920160363282,1.853636174756,2.7244295214752,2.2493707101306,36.768841374602,1,-0.58527096604838,0.72571169313616,32.073804228739,1,-2.0364022365988,-2.4764233511089,39.072909567473,1,2.9792053708648,0.049084231151572,31.295449672749,1
1.355,-0.00825994293799,0.00091801803763184,0.43474032424631,-0.024656758240943,0.020481786410373,-0.0010250912599965,0.99948561264602,-0.066778219770333,0.059824167959651,0.036249328707286,-0.087987833971183,0.075037643405814,-0.15979154988469,0.16408525359374,0.12936912898429,-0.33841592384013,-5.6293933177301,3.0837353625708,3.8103193443413,-0.18048831757561,0.49398933519709,2.7833567085773,1.9254412168242,0.68917503642912,1.283860704246,-2.3047023274671,-2.8011884827399,-0.77352200735602,-0.2716176343837,-10.424829538513,0.66841475311093,0.021954245293519,-1.2980344682463,-0.77195534435412,-0.33399395447297,0.29679273567898,-0.65289201318678,12.326583551022,4.0427386258376,-1.3558230514901,2.320652864658,10.863186632133,5.6672608737757,0.1519125271407,1.2623078012013,-9.5590800564502,-1.0858855747955,0.83944940620989,-1.2953377375887,-19.189368470254,-3.4011920735091,-1.258577351678,-3.3749053391991,9.3257339581964,1.9540945101705,-0.21968459229354,0.1170003553027,21.685049220795,3.4849565099773,0.52550620645291,3.1279457030739,6.126244727988,-0.04372287726021,-0.80285195163349,1.7419424037593,-44.095908315984,1.6613347586398,2.7579214240175,2.2724086479529,36.645643857209,1,-0.66592189706818,0.67387537849438,32.160213619586,1,-1.9750832834669,-2.48324331663,39.042124422873,1,2.9877715492107,0.10305430110912,31.263899811274,1
1.36,-0.008431250667782,0.0011292997598222,0.43490325642922,-0.0248359449984,0.020688440362247,-0.0013690046215238,0.99947650802696,-0.066166445941965,0.059733717876185,0.035556975556906,-0.085155858313015,0.07148662031426,-0.15968427654852,0.15099264531365,0.13908259679767,-0.33679866525171,-5.5870153687866,3.283776074303,3.5564519981038,-0.17798373876249,0.50781000338488,2.7447329553322,1.8726941626882,0.69556496781765,1.27199943979,-2.4395947921292,-2.8496557962246,-0.77501024169364,-0.3236417587537,-10.383619721243,0.63660815006472,0.015455375040076,-1.3013232025687,-0.54344201778168,-0.26428748916793,0.29368293592684,-0.59091509071009,12.461937446564,4.04048988322,-1.344086563811,2.3734259931172,10.243743595305,5.6497509334058,0.15810293863559,1.2135321790753,-9.9486110594283,-1.141566473402,0.8327348831403,-1.3900576284758,-18.692749652865,-3.1238650776438,-1.2753292892179,-3.3246706106684,10.76456176498,2.1572394990797,-0.21882882371662,0.22523667852762,21.60057637034,3.4563165731143,0.54121517015087,3.1541680264886,4.3602279071244,-0.36643354819358,-0.79469790162405,1.5188144253688,-45.131663070511,1.4743638761599,2.7893294576648,2.29438656421,36.520797723171,1,-0.74606966149456,0.62172471791214,32.249971532504,1,-1.9122719692461,-2.4889049115077,39.007020784897,1,2.9940801852848,0.15697629882329,31.236697039275,1
1.365,-0.008600965671739,0.0013402288329506,0.43506299407817,-0.025008881452112,0.020885575550468,-0.0017129464045042,0.99946756545526,-0.065542172780816,0.059624614605741,0.034841456584397,-0.082302871721022,0.067902250509634,-0.15955484067846,0.1390949959141,0.15007878461946,-0.33347761471224,-5.5403157744104,3.4820760550832,3.2938479745971,-0.17541054383,0.52143490114975,2.7050510552844,1.8198949607108,0.70189391201863,1.2594669021111,-2.5731998075934,-2.8953463191119,-0.77675805154929,-0.37544185173266,-10.335222151752,0.60684878860181,0.0089429197313942,-1.3034680922711,-0.31445101339091,-0.19270935008487,0.29088465636162,-0.52829523771124,12.583732439862,4.0339371388248,-1.3320940107,2.4230677747172,9.6107856166052,5.6293191488503,0.16404466745725,1.1628477725272,-10.322493730917,-1.1926542126093,0.82555311333283,-1.4822076331473,-18.161572383595,-2.8459538213132,-1.2918121608649,-3.2672982411931,12.180279439723,2.3595943325402,-0.21743315177294,0.33291728866598,21.462809700047,3.4165091105762,0.55703311401865,3.171527560806,2.581959430663,-0.68247511086282,-0.78767184464094,1.290864600758,-46.02413637119,1.2933914787834,2.8186298906949,2.3152942067556,36.394442061363,1,-0.82565370015717,0.56928403836288,32.342977969784,1,-1.8480157537887,-2.4934054947501,38.96763776189,1,2.9981265123195,0.21082507103633,31.213871662879,1
1.37,-0.0087690558894371,0.001550739389705,0.43521943312203,-0.02517553496844,0.021073096622648,-0.002056879827682,0.99945879669107,-0.064905518216721,0.059496892218253,0.034103237959476,-0.079429578126956,0.064286206010432,-0.15940326023887,0.12846686810986,0.16219612020467,-0.32859032683059,-5.4901689712761,3.6776876734449,3.0239674203082,-0.17276972479376,0.53485877583426,2.6643263065618,1.7670638567082,0.70815852905358,1.246269705015,-2.7054468663842,-2.9382983839108,-0.77876422705353,-0.42698205624533,-10.279670331819,0.57912232654777,0.0024226037232322,-1.3044672520259,-0.085183611023667,-0.11920555443935,0.28840094158205,-0.46510058616962,12.69183601489,4.0228224332444,-1.3198612143666,2.4695127152579,8.9651477804158,5.6058447281797,0.16972836776417,1.1103343038812,-10.680139984806,-1.2391612252533,0.81791737417313,-1.5716173881435,-17.596818682985,-2.5682408638386,-1.3079905800099,-3.2029114018844,13.569847618342,2.5605571353752,-0.21550101992102,0.43977651174045,21.272089113445,3.3661370494986,0.57291559175557,3.1799755280628,0.79643599451048,-0.99067668195312,-0.78179608661289,1.0588166121504,-46.770494844214,1.1190561186708,2.8458005838765,2.3351218226998,36.266717642399,1,-0.90461387983348,0.51657780210664,32.439129314594,1,-1.7823631887061,-2.4967429669482,38.924019229783,1,2.9999074729344,0.26457549864836,31.195449111435,1
1.375,-0.0089354895673865,0.0017607656934643,0.43537247163878,-0.025335874562802,0.021250912679836,-0.0024007677562578,0.99945021310948,-0.064256602518452,0.059350590597887,0.033342800640973,-0.076536686473018,0.060640173610599,-0.15922955626755,0.11915646662958,0.17526131884722,-0.32228799477922,-5.4375258100742,3.8696581247277,2.7483086481266,-0.1700622997398,0.54807645227918,2.6225744093302,1.7142134061652,0.71435551289141,1.2324148130683,-2.8362661776616,-2.9785521637519,-0.78102737949098,-0.4782266951166,-10.217002715541,0.55341334825225,-0.0040998417192086,-1.3043198035857,0.14415866652831,-0.043733891652738,0.28623449393246,-0.40139989345995,12.786130552234,4.0068927068364,-1.3074043139821,2.5126995382474,8.3076819001139,5.5792097531404,0.17514509957207,1.0560743724227,-11.02098727351,-1.2811294558553,0.80984178232833,-1.6581215960752,-16.999532646416,-2.2914628936503,-1.3238298136642,-3.1316483230196,14.930283076365,2.7595492993987,-0.2130371951951,0.54555070033326,21.028885164114,3.3058754448743,0.58881797572946,3.1794881906044,-0.99132531996361,-1.289932551575,-0.77708928156447,0.82340715238861,-47.368368992875,0.95196501321392,2.8708210071966,2.3538601629576,36.137766761803,1,-0.98289053868508,0.46363059527898,32.538318446417,1,-1.7153638806828,-2.4989157712551,38.876213783213,1,2.9994217214462,0.31820250843479,31.181449909183,1
1.38,-0.00910023526503,0.0019702421588264,0.43552200992188,-0.025489870895713,0.021418937320196,-0.002744572691834,0.99944182568398,-0.063595548271001,0.05918575543059,0.03256064006348,-0.073624910536936,0.056965854092685,-0.15903375287283,0.11118640695792,0.18909255424014,-0.31473298261338,-5.3833798143039,4.057034355746,2.468387612535,-0.16728931243201,0.56108283481864,2.5798114597409,1.6613502752025,0.72048159319319,1.2179095379237,-2.9655887040518,-3.0161492263612,-0.7835459422616,-0.52914029576783,-10.147262682714,0.52970541098424,-0.010618683458984,-1.3030258765558,0.37337423065904,0.033736050687389,0.28438767056253,-0.33726246754248,12.866513457058,3.9859018541253,-1.2947397443863,2.5525712657463,7.6392553942435,5.5493003436989,0.18028634281573,1.0001533244768,-11.344499472806,-1.3186281556784,0.80134126764861,-1.741560331219,-16.370818513827,-2.0163071068475,-1.3392958570266,-3.0536619972795,16.258665133532,2.9560185217862,-0.21004775644367,0.6499788840678,20.733797894722,3.2364533751753,0.60469558237426,3.1700669177835,-2.7763011432514,-1.57920391154,-0.77356637239441,0.58538358612433,-47.815860720106,0.79269259479702,2.8936722553734,2.3715004865638,36.007733081475,1,-1.0604245313378,0.41046711642215,32.640434860392,1,-1.6470684539944,-2.499922894112,38.824274681384,1,2.9966696248859,0.37168108474231,31.171889652387,1
1.385,-0.0092632618606824,0.0021791033720881,0.43566795054523,-0.02563749626834,0.021577088680625,-0.0030882567629076,0.99943364497065,-0.062922480352423,0.059002438189823,0.031757265814568,-0.070694968755851,0.053264961434469,-0.1588158772302,0.10455498411503,0.20350267368658,-0.30609637659126,-5.3287328558475,4.238866358445,2.185716991501,-0.16445183190977,0.57387290924458,2.5360539437248,1.608477065728,0.72653353703794,1.202761534461,-3.0933461980807,-3.0511321925883,-0.78631817196516,-0.57968761477178,-10.070498508802,0.5079810333762,-0.017128191526754,-1.3005866082796,0.60226160414185,0.11322295497945,0.28286248086267,-0.27275809155424,12.932897270735,3.9596126905571,-1.2818842144044,2.5890752935405,6.9607501420989,5.5160078067764,0.1851440107504,0.94265911916582,-11.650167725116,-1.3517511979396,0.79243154556554,-1.8217793351825,-15.711838628241,-1.7434085468066,-1.3543555064878,-2.9691198512928,17.552141924118,3.1494414929631,-0.2065400793315,0.75280341348535,20.387555356572,3.1586355865595,0.62050379774492,3.1517381821131,-4.5534759327018,-1.8575196341294,-0.77123854343569,0.3455015771267,-48.111549354457,0.64177949209322,2.9143370621407,2.3880345647505,35.876761469645,1,-1.1371572735715,0.35711216496393,32.745364790422,1,-1.5775285122558,-2.4997638657215,38.768259788735,1,2.9916532627212,0.42498628115814,31.166778991962,1
1.39,-0.0094245385574097,0.0023872841116729,0.43581019842666,-0.025778724617602,0.021725289476283,-0.0034317817159349,0.99942568109315,-0.062237525910243,0.058800696120487,0.030933201302785,-0.067747584049058,0.049539222009431,-0.15857595957856,0.099237884668521,0.21830240797806,-0.29655557427072,-5.2745615916736,4.4142091571551,1.9017852627577,-0.16155095207585,0.58644174473983,2.4913187306375,1.5555940979252,0.73250815062877,1.1869787967473,-3.2194712381895,-3.0835444924356,-0.78934214960801,-0.6298336622488,-9.9867633315253,0.48822163644461,-0.023622644157342,-1.2970041428392,0.83061959822499,0.1947339024682,0.28166058427774,-0.20795694788315,12.985209766,3.9277988293456,-1.2688546848026,2.6221634605445,6.2730613202292,5.4792297590359,0.18971046267147,0.88368219005649,-11.937511239894,-1.3806140056292,0.78312908803789,-1.898630302091,-15.023811286861,-1.4733483770426,-1.3689764309139,-2.8782033861925,18.807936519522,3.3393262282303,-0.2025228181421,0.85377059572829,19.991011813325,3.0732044481626,0.63619820287655,3.1245534848822,-6.3178560655224,-2.1239762861946,-0.77011318494815,0.10452268924383,-48.254496160358,0.49973187945829,2.9327998132944,2.4034546847855,35.744997839477,1,-1.2130307865862,0.30359062964921,32.852991335923,1,-1.5067965994301,-2.4984387602663,38.708231510469,1,2.9843764252852,0.47809323214685,31.166123621603,1
1.395,-0.0095840348888468,0.0025947193684972,0.43594866088987,-0.025913531510809,0.021863467038029,-0.0037751089069888,0.99941794372848,-0.06154081433744,0.058580592221047,0.03008898341665,-0.06478348363963,0.045790373781445,-0.158314033216,0.095190279260351,0.23330353077409,-0.28629192234611,-5.221785927232,4.5821239020644,1.6180361744042,-0.15858779127464,0.59878449577906,2.4456230667551,1.5027010897981,0.73840228097836,1.1705696538189,-3.3438972643159,-3.1134302074887,-0.79261578193148,-0.67954372608753,-9.8961151140709,0.47040744957674,-0.030096332819089,-1.292281629171,1.0582474894737,0.27826453096664,0.28078328850153,-0.14292954180789,13.02339402554,3.8902464706657,-1.2556683459112,2.6517921123412,5.5770962213997,5.4388712156952,0.19397851593276,0.82331530291597,-12.206078049872,-1.405350190377,0.77345109309895,-1.9719711527698,-14.308008488738,-1.2066530364616,-1.3831272410573,-2.7811077879563,20.023352889982,3.5252140417968,-0.19800588442555,0.95263132046142,19.545145633326,2.9809427311077,0.65173469859575,3.0885892114436,-8.0644838701899,-2.3777375711797,-0.77019386965634,-0.13678803136703,-48.244247318368,0.10902112626682,2.9490465584904,2.41775365357,35.612588986506,1,-1.2879877408104,0.24992747693009,32.963194592059,1,-1.4349261601267,-2.4959481958748,38.644256723032,1,2.9748446109127,0.53097716464952,31.169924271447,1
1.4,-0.0097417207249527,0.0028013443662709,0.4360832477248,-0.026041894139883,0.021991553347727,-0.0041181992940307,0.99941044209351,-0.060832477248003,0.058342195223861,0.029225162174858,-0.06180339887499,0.042020165494063,-0.15803013449522,0.092349229053012,0.24832192622565,-0.27548840793402,-5.1712406464618,4.7416785402113,1.3358490151175,-0.15556349186104,0.61089640399678,2.3989845686259,1.4497986817449,0.74421281757284,1.153542765285,-3.4665586130194,-3.1408339854309,-0.79613680286087,-0.72878339597332,-9.7986166049744,0.4545173951132,-0.036543567231568,-1.2864232182975,1.2849451962032,0.36379919269732,0.28023154805397,-0.077746624786305,13.047408503917,3.8467561445262,-1.2423425949446,2.6779221587774,4.8737730575676,5.3948456392994,0.19794145724415,0.76165340979892,-12.455445721964,-1.4261080033552,0.76341545306144,-2.0416662974151,-13.565753583137,-0.94379420767343,-1.3967775569455,-2.6780415083675,21.195781692597,3.7066811649581,-0.19300042254426,1.0491416744871,19.051056875733,2.8826176597838,0.66706962943341,3.0439464165821,-9.788451556842,-2.6180333909601,-0.77148034140701,-0.37766448506481,-48.08083536593,-0.01391633131676,2.9630650217854,2.4309248009942,35.479682425101,1,-1.3619714992186,0.19614773931961,33.075851783326,1,-1.3619714992186,-2.4922933343328,38.576406699606,1,2.9630650217854,0.58361340963977,31.178176707257,1
1.405,-0.0098975662777026,0.0030070945817255,0.43621387124641,-0.026163791315155,0.022109485071441,-0.0044610134298181,0.99940318493242,-0.060112648452063,0.058085579573711,0.028342300367945,-0.058808065046461,0.038230355854766,-0.15772430281843,0.090636337370978,0.2631805267261,-0.26432740363979,-5.1236511842783,4.8919485617705,1.056520087304,-0.15247921976004,0.62277280002181,2.3514212162787,1.3968897635517,0.74993669401337,1.1359071167583,-3.5873905521338,-3.1658010100176,-0.79990277507406,-0.77751858720775,-9.6943352946817,0.4405289657436,-0.042958680367264,-1.2794340596785,1.5105134543477,0.45131108788635,0.28000596324259,-0.012479117476109,13.057227072773,3.8125267658342,-1.2288950130486,2.7005191255367,4.1640197484516,5.3470759440332,0.20159305323107,0.69879349969586,-12.685222021718,-1.4430466986434,0.75304072143888,-2.1075868862671,-12.798418822986,-0.6851895154063,-1.4098980731029,-2.5692258174957,22.322705873257,3.8833400120821,-0.1875187821772,1.1430635435379,18.509964576409,2.7789666099205,0.68215990629069,2.9907505405635,-11.484915007509,-2.8441587108577,-0.77396851598233,-0.61734195089454,-47.764779094079,-0.12667896191457,2.9748446109127,2.4429619830486,35.346426224117,1,-1.4349261601267,0.14227650371477,33.190837400334,1,-1.2879877408104,-2.4874758805414,38.504757030706,1,2.9490465584904,0.63597741363118,31.19087173514,1
1.41,-0.010051542106715,0.0032119057647628,0.43634044635182,-0.026279203458769,0.022217203590468,-0.0048035114554676,0.99939618050495,-0.059381463930625,0.057810825404565,0.027440973191613,-0.055798221207846,0.034422712714573,-0.15739658063193,0.089960577125506,0.27771208501581,-0.25298846442112,-5.0796143241888,5.0320183126216,0.78124577669683,-0.14933616401725,0.63440910527741,2.3029513462913,1.3439805712919,0.75557088963432,1.117672015113,-3.706329314929,-3.1883770085633,-0.80391109168868,-0.82571556430278,-9.5833433688314,0.42841810886843,-0.049336033432806,-1.2713202966853,1.7347539926108,0.54076235506502,0.28010677950935,0.052801967428634,13.052839049258,3.943239319335,-1.2153433421049,2.7195531996225,3.4487726972941,5.2954954523661,0.20492756023902,0.63483444597763,-12.895045530271,-1.4563329061913,0.74234607864455,-2.1696110478227,-12.007422827905,-0.43120386326993,-1.4224606214658,-2.4548943286582,23.401706070434,4.0548400991481,-0.18157448785027,1.2341651997616,17.923203740263,2.6706847482242,0.69696312751364,2.9291510566643,-13.149107387434,-3.0554723956741,-0.77765049406624,-0.85505951438016,-47.297081900407,-0.22890003231556,2.9843764252852,2.4538595846901,35.212968841937,1,-1.5067965994301,0.088338899694054,33.308023339635,1,-1.2130307865862,-2.4814980817218,38.429387539965,1,2.9327998132944,0.68804475013098,31.20799521179,1
1.415,-0.010203619124812,0.0034157139585185,0.43646289057572,-0.026388112597709,0.022314655030226,-0.0051456530946913,0.99938943657547,-0.058639061809873,0.057518018514545,0.026521767871991,-0.052774609993074,0.030599012243386,-0.15704701342017,0.090221225066887,0.29176174650284,-0.24164617406688,-5.0395843908261,5.1609833249437,0.51110759356314,-0.14613553634048,0.6458008337464,2.2535936447212,1.2910815319344,0.76111243109738,1.098847083573,-3.8233121337621,-3.2086082786572,-0.80815897806666,-0.87334096433311,-9.4657176582861,0.41815913138853,-0.05567002082539,-1.2620890612004,1.9574697067429,0.63210410495577,0.28053388716362,0.1180256024611,13.034249207651,3.8809101976131,-1.2017054613238,2.7349992686915,2.72897555543,5.2400488015098,0.20793973336793,0.56987685087587,-13.084586212828,-1.4661371058929,0.73135129653144,-2.2276241141468,-11.194227961512,-0.18215131287383,-1.4344382318559,-2.3352924968824,24.430465809237,4.220868620162,-0.17518220556798,1.3222218734497,17.292222047475,2.558414826728,0.7114376980361,2.8593210511722,-14.776352539242,-3.2513961631514,-0.78251458632277,-1.0900624832329,-46.679228603539,-0.32024748420751,2.9916532627212,2.4636125224611,35.079458961077,1,-1.5775285122558,0.034360087795157,33.427279046442,1,-1.1371572735715,-2.4743627263671,38.350382195202,1,2.9143370621407,0.73979113103429,31.229528060242,1
1.42,-0.010353768603517,0.003618455519334,0.43658112414417,-0.026490502356451,0.022401790286958,-0.0054873976487261,0.99938296040301,-0.057885582335076,0.05720725033914,0.025585283283042,-0.049737977432971,0.026761038101446,-0.15667564969948,0.091310835250146,0.30518938878475,-0.23046804094861,-5.003865284041,5.2779540483802,0.24705953314364,-0.14287857063264,0.6569435937006,2.203367139902,1.238207843613,0.76655839396071,1.0794422566335,-3.9382772732019,-3.2265417164449,-0.81264349373487,-0.92036182003066,-9.3415395859489,0.40972463711458,-0.061955075060021,-1.2517484673487,2.1784648327931,0.72527639098729,0.28128682150148,0.18312082266136,13.00147777417,3.8120144670698,-1.1879993636551,2.7468369541857,2.0055779772941,5.1806927973123,0.21062483472189,0.50402288724416,-13.253545937778,-1.472630286724,0.72007670183884,-2.2815188328663,-10.360337627864,0.061702590802522,-1.4458051898813,-2.2106770919454,25.40677647459,4.3811506871808,-0.16835770662895,1.4070163075984,16.618576281721,2.4427392649426,0.72554294625635,2.7814567370366,-16.362078122314,-3.4314137751321,-0.78854535050666,-1.3216047833055,-45.913180729211,-0.40042385498513,2.9966696248859,2.4722162468613,34.94604532254,1,-1.6470684539944,-0.019634752221781,33.548471660075,1,-1.0604245313378,-2.4660731429412,38.267829014879,1,2.8936722553734,0.79119241795397,31.25544629113,1
1.425,-0.010501962178478,0.0038200671366306,0.43669507002647,-0.026586357949282,0.022478565052268,-0.0058287039919718,0.99937675873214,-0.057121167844101,0.056878617922651,0.024632129556396,-0.046689072771181,0.022910580607304,-0.15628254101134,0.09311818613154,0.31787169623926,-0.2196124463761,-4.9726084765944,5.3820612692281,-0.010081934474923,-0.139566522516,0.66783308939393,2.1522911951073,1.1853797891506,0.77190590422222,1.0594677748186,-4.0511640626087,-3.2422248303207,-0.81736153442059,-0.96674558260522,-9.2108951104007,0.40308550720946,-0.068185671663257,-1.2403076043654,2.3975451191832,0.82020811556422,0.2823647633114,0.24801680278808,12.95456040496,3.7364526002701,-1.17424313205,2.7550506382178,1.2795343675068,5.1173972128163,0.21297864086147,0.43737613784861,-13.401658945633,-1.475980865751,0.70854313861299,-2.3311955654541,-9.5072934920191,0.30013814045677,-1.4565370921426,-2.0813156471223,26.328542052843,4.5354492402241,-0.16111782871431,1.4883392939339,15.903928489209,2.3241745771554,0.73923923831876,2.6957769025366,-17.901828460447,-3.5950705571343,-0.79572364048854,-1.5489513271865,-45.001370282931,-0.46916629313513,2.9994217214462,2.4796667444691,34.812876560108,1,-1.7153638806828,-0.073620433119911,33.67146616198,1,-0.98289053868508,-2.4566331983268,38.181819970037,1,2.8708210071966,0.84222463348055,31.285721029411,1
1.43,-0.010648171854829,0.0040204858526799,0.43680465398543,-0.026675666172274,0.022544939835457,-0.0061695305683545,0.99937083778478,-0.056345962740521,0.056532223887886,0.023662927683837,-0.043628648279308,0.019049435902682,-0.15586774191518,0.09553113831193,0.32970393852011,-0.20922665408559,-4.9458168794703,5.4724633895078,-0.2596449826552,-0.13620066884816,0.67846512271852,2.1003855010862,1.1326227893102,0.77715213983629,1.0389341792766,-4.1619129281521,-3.2557057261733,-0.82230983420035,-1.0124601442754,-9.0738746663978,0.39821093187169,-0.074356334029139,-1.2277765286067,2.6145179974517,0.91681687690778,0.28376653976549,0.31264293437813,12.893548147303,3.6541430427257,-1.1604549156029,2.759629484177,0.55180262169397,5.050145527863,0.21499744944689,0.37004143244095,-13.528692267044,-1.476351931383,0.6967719296714,-2.3765624714369,-8.6366726298624,0.53297852026689,-1.4666108986236,-1.9474858848261,27.193783631647,4.6835646342675,-0.15348043434507,1.5659901890794,15.150041878016,2.2031681329406,0.75248808947966,2.6025222965151,-19.391277061713,-3.7419733054184,-0.80402666703895,-1.7713803479142,-43.946692028984,-0.52624670921197,2.9999074729344,2.4859605398145,34.680101034751,1,-1.7823631887061,-0.12757177193488,33.796125526152,1,-0.90461387983349,-2.4460472960208,38.092450881837,1,2.8458005838765,0.89286397236711,31.320318546533,1
1.435,-0.010792370012478,0.0042196490822633,0.43690980462572,-0.026758415394957,0.02260087998366,-0.0065098353884308,0.99936520325291,-0.055560113466331,0.056168176404116,0.02267830911272,-0.040557459071302,0.015179405114616,-0.15543130998084,0.098439343066305,0.34060142319451,-0.1994448956995,-4.9233542744447,5.5483556080602,-0.50110645069002,-0.13278230722979,0.68883559482313,2.0476700684717,1.0799672101585,0.78229433220305,1.0178523062172,-4.2704654242499,-3.2670330532703,-0.82748496776064,-1.0574738604941,-8.9305731022713,0.39506849893521,-0.080461638233055,-1.2141662547101,2.829192751519,1.0150087663405,0.28549062569562,0.37692890257041,12.818507384073,3.5650287345676,-1.146652905607,2.760567451026,-0.17665713729954,4.9789356049277,0.21667808506141,0.30212468287003,-13.634446089242,-1.4738988637833,0.68478483718204,-2.417535678187,-7.7500846124702,0.76008667026245,-1.4760049821552,-1.8094751203742,28.00064364842,4.8253339119815,-0.14546436681099,1.6397774095908,14.358776467824,2.0800971775197,0.76525227224434,2.5019549519073,-20.826238775318,-3.8717906081988,-0.81342807017836,-1.9881856904015,-42.752494300298,-0.57147209288754,2.9981265123195,2.4910946970002,34.547866669339,1,-1.8480157537887,-0.18146360172206,33.922310871792,1,-0.82565370015718,-2.4343203740809,37.999821314804,1,2.8186298906949,0.94308681263381,31.359200298011,1
1.44,-0.010934529411321,0.0044174946322161,0.43701045344035,-0.026834595551679,0.022646355699767,-0.0068495760272456,0.99935986029225,-0.054763768474295,0.055786589153295,0.021678915334577,-0.037476262917145,0.011302293515276,-0.15497330578058,0.1017367454783,0.35050059492463,-0.19038655393993,-4.9049598287351,5.608980909133,-0.73409263531433,-0.12931275550434,0.69894050769335,1.9941652200667,1.0274479457531,0.78732976762944,0.99623328119336,-4.3767642644115,-3.2762559033166,-0.83288335276904,-1.1017555718539,-8.7810896142709,0.39362434230503,-0.086496217799285,-1.1994887459133,3.0413806853241,1.1146781301239,0.28753514525281,0.44080476261017,12.729519761514,3.4690783197546,-1.132855311554,2.7578633012713,-0.90488382613475,4.9037802949756,0.21801790420604,0.23373271649143,-13.718754070327,-1.4687673730801,0.67260402243027,-2.4540394359819,-6.8491685303939,0.98136202904211,-1.484699174846,-1.6675796451584,28.7473898783,4.9606297729672,-0.13708940367964,1.709518904639,13.532084500811,1.9552699858467,0.77749592097121,2.3943574494627,-22.202681551311,-3.9842535756843,-0.82389800286329,-2.198679053297,-41.422568368347,-0.60468501554642,2.9940801852848,2.4950668210707,34.416320783847,1,-1.9122719692461,-0.23527078329629,34.049881618033,1,-0.74606966149457,-2.4214579028216,37.904034465904,1,2.7893294576648,0.99286972658695,31.402322966373,1
1.445,-0.011074623196393,0.0046139607208484,0.43710653485534,-0.026904198132702,0.022681342058138,-0.0071887096229576,0.99935481351682,-0.053957078199892,0.055387581294562,0.020665397467174,-0.034385820055882,0.0074199096798563,-0.15449379288068,0.10532383032908,0.35935975682086,-0.18215447241912,-4.8902670461045,5.653642627743,-0.95837679457683,-0.12579335125007,0.70877596569291,1.9398915830086,0.97510380301077,0.79225578876134,0.97408851322934,-4.4807533514699,-3.2834236589979,-0.83850125235392,-1.1452746256557,-8.6255276778997,0.39384335028213,-0.092454768418066,-1.1837569035382,3.2508952886856,1.2157073132674,0.28989787394823,0.50420101595068,12.626682100403,3.3662872604556,-1.1190803371092,2.7515206025955,-1.6319166689705,4.8247079657131,0.21901479945756,0.1649731081369,-13.78148360091,-1.4610919831208,0.66025200484786,-2.4860062580485,-5.9355899633716,1.1967372117439,-1.4926748113806,-1.522104090546,29.432419153006,5.0893592529671,-0.12837620800042,1.7750426051732,12.672005624994,1.8289289803598,0.78918463264956,2.2800321237316,-23.516737770109,-4.0791569432567,-0.83540322574302,-2.4021921741659,-39.961136406834,-0.62576432669576,2.9877715492107,2.4978750591298,34.285609931225,1,-1.9750832834669,-0.28896821695866,34.178695640555,1,-0.6659218970682,-2.4074658822627,37.805197049577,1,2.7579214240175,1.0421894917474,31.449638509413,1
1.45,-0.011212624902939,0.0048089859972377,0.43719798627242,-0.026967216175011,0.022705819018074,-0.0075271928762448,0.99935006699449,-0.053140195032903,0.054971277427028,0.0196384158303,-0.031286893008046,0.003534064642913,-0.15399283783258,0.10910956400974,0.36715939410228,-0.17483342740902,-4.8788263763226,5.6817182329689,-1.1738733941083,-0.12222545126431,0.71833817706553,1.8848700808178,0.92297672006958,0.79706979598589,0.95142968880023,-4.5823778071857,-3.2885857922332,-0.84433477769122,-1.1880008971278,-8.4639949762857,0.39568943096761,-0.098332052607998,-1.1669845556507,3.4575524012416,1.3179664050723,0.29257624107345,0.56704868586937,12.510106290709,3.256678833615,-1.1053461560954,2.7415477231507,-2.3567964650498,4.7417629433318,0.21966720278328,0.095954010908252,-13.822536012695,-1.4509949761884,0.64775162037992,-2.5133770453295,-5.011037901067,1.4061746690752,-1.4999147690915,-1.3733607738751,30.054260802637,5.2114621297963,-0.11934627732379,1.8361868484568,11.780661861925,1.701255606971,0.80028556356734,2.1593002135451,-24.764715109988,-4.1563604843225,-0.84790721268604,-2.598078951051,-38.372838087376,-0.63462604129877,2.9792053708648,2.4995181012052,34.155879734129,1,-2.0364022365988,-0.34253085420492,34.308609429929,1,-0.58527096604839,-2.3923508393305,37.703419178844,1,2.7244295214752,1.0910231016834,31.501094213721,1
1.455,-0.011348508461411,0.0050025095603876,0.43728474810983,-0.027023644252893,0.022719771435075,-0.0078649820504984,0.99934562424347,-0.052313273288621,0.05453780755087,0.018598639515564,-0.028180246387517,-0.00035342894643212,-0.1534705101637,0.11301299179196,0.3739020861206,-0.16848880254663,-4.8701306028873,5.692673857409,-1.3806292185991,-0.11861043104042,0.7276234553967,1.8291219253307,0.87111085271706,0.80176924880344,0.92826876566454,-4.6815840012085,-3.2917916162301,-0.85037989069637,-1.2299048102782,-8.2966033256421,0.39912582918985,-0.10412290431972,-1.1491864449066,3.6611703743242,1.4213130075969,0.2955673324975,0.62927939251631,12.379919169853,3.1403049832412,-1.0916708885149,2.7279578205178,-3.0785668542086,4.6550058578989,0.21997408800742,0.026783986061523,-13.84184673368,-1.4396090517676,0.6351259792667,-2.5361011957437,-4.0772216205285,1.6096633624269,-1.5064035047189,-1.2216690279494,30.61157981301,5.326909076405,-0.11002189066169,1.8928007769278,10.860252371162,1.5723767363849,0.81076752159759,2.0325009593777,-25.943106922008,-4.215790645048,-0.86137026674111,-2.7857174936812,-36.662715849734,-0.63122440420494,2.9683881228001,2.4999951808588,34.027274722683,1,-2.0961824964083,-0.39593370940996,34.439478251494,1,-0.50417780779516,-2.3761198248129,37.598814242637,1,2.6888790563186,1.1393477767421,31.556632753403,1
1.46,-0.011482248202396,0.005194470978245,0.43736676384113,-0.027073478468266,0.022723189069846,-0.0082020329728182,0.99934148822974,-0.051476469178702,0.054087307026735,0.017546745950468,-0.025066646712861,-0.0042407576700498,-0.15292688236773,0.11696445695185,0.3796120001593,-0.16316551142839,-4.8636420588188,5.6860790098312,-1.578811567233,-0.11494968423751,0.73662822103486,1.7726686085224,0.81955156556525,0.80635166716821,0.90461796655367,-4.7783195793787,-3.293089999065,-0.85663240681949,-1.2709573583681,-8.1234685978652,0.40411548687658,-0.10982223347678,-1.1303782155926,3.8615702306258,1.5255920488305,0.29886789383747,0.69082542731313,12.236262384707,3.0172469998354,-1.0780725766433,2.7107688243476,-3.7962755786356,4.5645138820673,0.21993497242527,-0.04242816775075,-13.839385389719,-1.6419159038667,0.62239842331819,-2.5541366977373,-3.1358675261427,1.8072154801039,-1.5121270877805,-1.0673545154714,31.103179691764,5.4356995853623,-0.10042605351981,1.9447447104012,9.9130480244031,1.4423723373773,0.82060105384416,1.8999906501263,-27.048602083232,-4.2574422930049,-0.87574964616492,-2.9645120978136,-34.836198893362,-0.61555310727755,2.9553279784643,2.499306075545,33.899938173463,1,-2.1543788932896,-0.44915187148298,34.571156306602,1,-0.42270369581275,-2.3587804100705,37.491498779469,1,2.6512968902661,1.1871409746765,31.616192253952,1
1.465,-0.011613818861466,0.0053848103065715,0.43744398003202,-0.027116716440793,0.022716066595069,-0.0085383010358148,0.99933766136544,-0.050629940781655,0.053619916533468,0.016483420457059,-0.021946862218209,-0.0081261081867162,-0.15236202989462,0.12090641660543,0.38433396911183,-0.15888721500465,-4.8588206826253,5.6616208440283,-1.7686938473109,-0.11124462214316,0.74534900247146,1.7155318942213,0.76834436566797,0.81081463279711,0.88048977272167,-4.8725334913567,-3.2925290497042,-0.8630879979421,-1.311130123991,-7.9447106403259,0.41062143659941,-0.11542503044978,-1.1105763998752,4.0585758215177,1.6306356622865,0.30247433399938,0.75161982662173,12.079292237476,2.887615997832,-1.064569161226,2.6900034127051,-4.508975739221,4.4703808528872,0.21954991756234,-0.11157358561069,-13.8151558523,-1.6252040218822,0.60959248276072,-2.5674502079531,-2.1887159579224,1.9988632108673,-1.5170732304784,-0.91074852988708,31.528005037075,5.5378596928863,-0.090582441137515,1.9918904906935,8.9413858027064,1.3112841542395,0.82975852940037,1.7621416219868,-28.078094300532,-4.2813804562334,-0.89099970011615,-3.1338951364413,-32.899085941088,-0.58764662472588,2.9400348060243,2.4974511067142,33.774011949872,1,-2.2109474543939,-0.50216051548788,34.703496895056,1,-0.34091019145177,-2.3403406835048,37.381592347606,1,2.611711420177,1.2343804011598,31.67970636118,1
1.47,-0.011743195583945,0.0055734681076627,0.43751634637519,-0.027153357297794,0.022698403599925,-0.0088737412002279,0.99933414550819,-0.049773848012976,0.053135782024185,0.015409355805427,-0.018821662663703,-0.012007668077991,-0.15177603114008,0.12479383872629,0.38813216495338,-0.15565588020636,-4.8551519208223,5.6191173242266,-1.9506389711651,-0.10749667312933,0.75378243767924,1.6577338097183,0.71753381626655,0.81515579044592,0.85589691735845,-4.9641760175638,-3.2901557899913,-0.86974219537305,-1.3503952987434,-7.760453192909,0.41860721624035,-0.12092637045971,-1.0897984032692,4.2520139818825,1.7362631541459,0.30638272908537,0.81159644460236,11.909179515638,2.751553163073,-1.0511784578079,2.6656889821498,-5.2157270448348,4.3727172672683,0.21881952907767,-0.18054350757048,-13.769196232453,-1.6063868736674,0.59673183273511,-2.5760171128747,-1.237517974032,2.1846555836145,-1.5212313140792,-0.75218728414062,31.885143803473,5.6334395341243,-0.080515340075304,2.0341217978196,7.9476630305919,1.1791251112492,0.83821421698816,1.6193412122393,-29.02869083886,-4.2877419187107,-0.90707201358519,-3.2933288618639,-30.857526829662,-0.54758162264457,2.9225201609095,2.4944311396626,33.649636344094,1,-2.2658454368556,-0.55493491422349,34.83635257854,1,-0.25885909739377,-2.3208092467852,37.269217391864,1,2.5701525565952,1.281044020186,31.747104315138,1
1.475,-0.01187035392961,0.0057603854689081,0.43758381572302,-0.027183401663961,0.022670204592372,-0.0092083079983665,0.99933094196143,-0.048908352594945,0.052635054680695,0.014325251762365,-0.015691819145569,-0.015883626693666,-0.1511689674347,0.12859417562926,0.39108839051546,-0.15345172302984,-4.8521735085193,5.5585286286939,-2.1250810431419,-0.10370728210172,0.76192527540839,1.5992966372752,0.66716246739545,0.81937284915224,0.8308523788701,-5.0531987954205,-3.2860158279774,-0.87659039294188,-1.3887257024749,-7.5708238023574,0.42803729144532,-0.12632141790681,-1.0680624893387,4.4417146823236,1.8422810781754,0.31058882666302,0.87069002518199,11.726109306126,2.6092297451892,-1.037918133229,2.6378576115904,-5.9155970528863,4.271650143081,0.21774495581113,-0.24922944972266,-13.701578820811,-1.5855700775592,0.583840249527,-2.5798215743307,-0.28403211349706,2.3646553763073,-1.5245924117113,-0.5920111888689,32.173829259877,5.7225107644553,-0.07024958829403,2.0713344369822,6.9343314612667,1.0458891619844,0.84594435725955,1.4719906708816,-29.897720649443,-4.276736532901,-0.92391556109936,-3.4423071128985,-28.718002985596,-0.49547838997134,2.9027972770808,2.4902475831292,33.526949920799,1,-2.3190313600882,-0.60745044975816,34.96957534488,1,-0.17661241095357,-2.3001952108365,37.1544991072,1,2.5266517011489,1.3271100643488,31.818311028956,1
1.48,-0.011995269877306,0.0059455040211889,0.43764634411839,-0.027206851650903,0.022631478999168,-0.0095419555383757,0.99932805147562,-0.048033618026071,0.052117890866291,0.013231814635454,-0.012558103905863,-0.019752175996388,-0.15054092303268,0.13228692106429,0.39330002302072,-0.15223357321102,-4.8495002137922,5.4799661693117,-2.2925058912301,-0.0998779099427,0.76977437643996,1.5402429055345,0.617269838257,0.82346358344451,0.80536937402978,-5.1395548448692,-3.2801530489685,-0.88362785018732,-1.4260948021024,-7.3759537339823,0.43887747179537,-0.13160543062098,-1.0453877636436,4.6275111786183,1.9484834375465,0.31508805039208,0.92883627305455,11.530280793944,2.4608467742169,-1.0248056823156,2.6065460199621,-6.6076623995305,4.1673227399675,0.21632788797643,-0.31752337483619,-13.612409973894,-1.5628044623323,0.57094156661013,-2.5788565587759,0.66997885491718,2.5389360933088,-1.5271493075295,-0.43056412158336,32.393441635678,5.8051638839487,-0.059810513873675,2.1034365956459,5.9038912275589,0.91156129997724,0.85292722955718,1.3205040331715,-30.682741875074,-4.2486481099776,-0.94147686871574,-3.5803569218113,-26.487306848302,-0.43150223015508,2.8808810570308,2.4849023886379,33.406089362766,1,-2.3704650371271,-0.65968262491343,35.103016772942,1,-0.094232277234386,-2.2785081915886,37.037565299232,1,2.4812417228237,1.3725570449953,31.89324717249,1
1.485,-0.012117919829484,0.0061287659571042,0.43770389082324,-0.027223710846526,0.022582241163644,-0.0098746375093331,0.99932547425042,-0.047149809550206,0.05158445207692,0.012129756812899,-0.0094212901419285,-0.023611511405061,-0.14989198510011,0.13586277069856,0.39487765362654,-0.15193968862782,-4.8468457125188,5.3836986748419,-2.4534310473336,-0.096010032948135,0.77732671479608,1.4805953808338,0.56789148366417,0.82742583451643,0.77946135100285,-5.2231985931669,-3.2726093407145,-0.89084969563868,-1.462476729977,-7.1759778807983,0.45109530648102,-0.13677376403004,-1.0217941569456,4.8092401582843,2.0546520315035,0.31987550500365,0.98597192363584,11.321907045454,2.3066344865941,-1.0118584047991,2.5717955177813,-7.2910100178944,4.0598941365635,0.21457055450252,-0.38531786229,-13.501829946828,-1.5381325203577,0.55805963058391,-2.5731238502949,1.6227511916455,2.707579008143,-1.528896512207,-0.26819268840917,32.543509451301,5.8815055036027,-0.049223872522875,2.13034907006,4.8588846734886,0.7761274493848,0.85914321294649,1.1653069562426,-31.381548711399,-4.2038347533676,-0.95970018378716,-3.7070400158692,-24.172520305834,-0.35586474598498,2.8567880605242,2.4783980495878,33.287189318612,1,-2.4201076049941,-0.71160707469135,35.236528197985,1,-0.01178094217142,-2.2557583054915,36.918546241852,1,2.433956933127,1.4173637622506,31.971829260703,1
1.49,-0.012238280616657,0.0063101140490232,0.43775641834517,-0.027233984304262,0.022522510341225,-0.01020630718718,0.99932320993783,-0.046257094125331,0.051034904890751,0.011019796299398,-0.0062821518156257,-0.027459832636638,-0.1492222437029,0.13932241877877,0.39594247730349,-0.15248903583185,-4.844040865267,5.2701548865943,-2.6083858072284,-0.092105142258234,0.78457937890656,1.4203770584294,0.51905817352597,0.83125751136627,0.75314198224981,-5.3040858989353,-3.2634243682479,-0.89825093018805,-1.4978463017902,-6.9710346701479,0.4646604457212,-0.14182187524231,-0.9973024076902,4.9867418841285,2.1605569635914,0.32494598162638,1.042034811897,11.101214776548,2.1468514525632,-0.99909338249146,2.5336519526442,-7.9647383427198,3.9495386638802,0.21247571952768,-0.45250627703659,-13.370012672726,-1.5115899996231,0.54521825708674,-2.5626340473032,2.5725234470581,2.870670268272,-1.5298302747195,-0.10524547996639,32.623710530413,5.9516555926632,-0.038515784033398,2.1520054606742,3.8018900816938,0.63958396010937,0.86457484134788,1.006835523065,-31.992177604938,-4.1427285112402,-0.9785276519626,-3.8219542087432,-21.780992211717,-0.26882494453109,2.8305364920846,2.4707376000897,33.170382252778,1,-2.4679215540626,-0.76319957764011,35.369960877285,1,0.070679294500822,-2.2319561647956,36.797574532093,1,2.3848330601625,1.4615093149062,32.053969746677,1
1.495,-0.012356329501778,0.0064894916669554,0.43780389246183,-0.027237678532168,0.022452310692698,-0.010536917441484,0.99932125764619,-0.045355640392018,0.050469420916164,0.0099026562483532,-0.0031414634623642,-0.031295344545913,-0.14853179179426,0.14267503665761,0.39662349616959,-0.15378303895012,-4.841047793525,5.1399225426132,-2.7578920028129,-0.088164743282691,0.79152957273132,1.3596111536309,0.47079521038823,0.8349565919003,0.72642515731098,-5.3821740754555,-3.2526354120052,-0.90582643055071,-1.5321790340069,-6.761265967879,0.47954495521578,-0.1467453270397,-0.97193404377724,5.1598603346538,2.2659573268045,0.33029396345382,1.0969639400017,10.868444105982,1.9817834045544,-0.98652745674896,2.4921656487373,-8.6279584998305,3.8364451978844,0.21004667805178,-0.51898293733006,-13.217165489116,-1.4832075442369,0.53244118676652,-2.5474065429538,3.5175397179631,3.0282980596657,-1.5299485903988,0.057927677009355,32.633872691594,6.2497425683583,-0.027712667836327,2.1683523359613,2.7355153121859,0.50194644153944,0.86920685261407,0.84553501711078,-32.512912770402,-4.0658342381307,-0.99789950085992,-3.9247346773467,-19.320315054214,-0.17069008529914,2.8021461872398,2.4619246135508,33.055798297957,1,-2.5138707563993,-0.81443606715278,35.503166155848,1,0.15308612632185,-2.2071128726018,36.674784942404,1,2.3339072216341,1.5049731101705,32.139577119147,1
1.5,-0.012472044184538,0.0066668427962352,0.43784628224323,-0.027234801481896,0.022371671275236,-0.010866420743042,0.99931961594518,-0.044445618641568,0.049888176738153,0.0087790644907258,-3.6739403974421e-17,-0.035116257962903,-0.14782072520181,0.14593649104713,0.39705460636841,-0.15570778310705,-4.8379692954812,4.9937434741983,-2.9024460934397,-0.08419035512032,0.79817461683834,1.2983210928512,0.42312190551686,0.83852112399998,0.69932497547651,-5.4574219131953,-3.2402772801149,-0.91357095281164,-1.5654511608132,-6.5468169801429,0.49572357252149,-0.15153979177798,-0.94571136363846,5.3284433412,2.3706020794353,0.33591363174686,1.1506995436731,10.623848294115,1.811741773931,-0.97417720625244,2.4473913404438,-9.279795478857,3.7208163176663,0.20728725075351,-0.58464328095458,-13.043528811808,-1.4530123044281,0.51975204138989,-2.5274694892834,4.4560528938531,3.1805498315203,-1.5292512052364,0.22097647069992,32.57397411799,6.3079115013381,-0.016841177818968,2.1793493642464,1.6623913681325,0.36325768347581,0.87302623141467,0.681858671167,-32.942291011818,-3.9737275746303,-1.0177542298278,-4.0150551200553,-16.798300852131,-0.061816192866275,2.7716385975339,2.4519632010081,32.943565110111,1,-2.5579204930623,-0.86529264269373,35.635995632021,1,0.23537728718353,-2.181240017682,36.5503142705,1,2.2812178968001,1.5477348732746,32.228556004447,1
1.505,-0.012585402805574,0.006842112055013,0.43788356007188,-0.027225362537557,0.02228062603116,-0.011194769172305,0.99931828287165,-0.043527200783844,0.049291353863189,0.0076497530608465,0.0031414634623641,-0.038920790527458,-0.14708914261427,0.14912737067882,0.39737164323582,-0.1581366411429,-4.8350532978278,4.8325047991639,-3.0425031294931,-0.080183509973413,0.80451194943662,1.2365305045756,0.37605122900277,0.84194922655209,0.67185573834577,-5.5297897015566,-3.2263823022283,-0.92147913605542,-1.5976396505681,-6.3278361528794,0.5131738963329,-0.15620105519071,-0.9186574166374,5.4923427216977,2.4742311233783,0.34179887216466,1.2031831572193,10.36769346736,1.6370619511105,-0.9620589251346,2.39938810013,-9.9193892876683,3.6028673387854,0.20420177798076,-0.64938402969207,-12.849375756745,-1.4210294399852,0.50717428017113,-2.5028597451663,5.3863278868986,3.3275095851888,-1.5277396164286,0.38355085627919,32.444143404147,6.3602997675474,-0.0059281365632919,2.1849694132144,0.58516590453831,0.22359443267041,0.87602224580754,0.51626639381245,-33.279105833921,-3.8670519764872,-1.0380288051945,-4.092628792631,-14.222956353655,0.057391844189343,2.7390367743188,2.4408580092103,32.833807726256,1,-2.6000374803347,-0.9157455809477,35.768301322828,1,0.31749059837803,-2.1543496690733,36.424301186961,1,2.2268048973985,1.5897746569299,32.320807272771,1
1.51,-0.0126963839506,0.0070152447115497,0.4379157016608,-0.027209372504487,0.022179213774473,-0.011521914428651,0.99931725593635,-0.042600560314797,0.048679138662541,0.0065154577194854,0.0062821518156256,-0.042707167520682,-0.14633714556778,0.15227089884154,0.39770946146645,-0.16093327453039,-4.8326922054429,4.6572263614865,-3.1784630612073,-0.076145752557049,0.81053912736381,1.174263210252,0.32958964396642,0.84523909044148,0.64403194227998,-5.5992392498319,-3.2109804081956,-0.92954550607716,-1.628722221746,-6.1044750690596,0.53187650214621,-0.16072502009354,-0.89079598280938,5.6514144109184,2.5765765939411,0.34794328141721,1.2543576771448,10.100258328629,1.4581012911565,-0.95018860148255,2.348219260209,-10.545896086992,3.4828252342771,0.20079511292363,-0.71310335177012,-12.635011710412,-1.3872834474228,0.49473115640171,-2.4736228081711,6.3066448397121,3.4692552359278,-1.5254170691626,0.54530180741438,32.244659279938,6.4070563471153,0.0049995308318237,2.185198616852,-0.49350330415579,0.08307281958621,0.87818647739407,0.34922347713621,-33.522410832236,-3.7465147499774,-1.0586588603838,-4.1572094185611,-11.602457616986,0.18648066296066,2.7043653513367,2.4286142184506,32.726648425157,1,-2.6401898948734,-0.96577134688604,35.899935828834,1,0.39936401557965,-2.126454370448,36.296886080742,1,2.1707093375654,1.631072850633,32.416228148609,1
1.515,-0.012804966654455,0.0071861867013081,0.43794268606934,-0.027186843597923,0.02206747817514,-0.011847807840465,0.99931653213161,-0.04166587228369,0.048051722314071,0.0053769174744941,0.0094212901419284,-0.046473622692799,-0.14556483843178,0.1553908153987,0.39819912601628,-0.16395494189922,-4.8314171807353,4.4690447282305,-3.3106597620305,-0.072078639503573,0.81625382702808,1.1115432151078,0.28373712924894,0.84838897950582,0.615868270752,-5.6657339073587,-3.19409929045,-0.93776447917191,-1.6586773583604,-5.8768883437569,0.55181498057685,-0.16510770998553,-0.8621515519592,5.8055185871057,2.6773643665801,0.35434017423229,1.3041674242815,9.8218338540982,1.2752368931327,-0.93858189624413,2.2939523295844,-11.15848930372,3.3609274582112,0.19707261398078,-0.77570102203488,-12.400773849489,-1.3517992507672,0.48244567446044,-2.4398127304463,7.2153023049559,3.6058560610992,-1.5222885496491,0.70588206558067,31.975950012167,6.4483286309062,0.015914863181298,2.1800364096588,-1.5709549214427,-0.058147736814195,0.87951284497379,0.18119928932929,-33.67152235235,-3.6128820783574,-1.0795789002622,-4.2085919709235,-8.9451240534463,0.32494937304095,2.6676505261071,2.4152375401498,32.622206591102,1,-2.6783473977547,-1.0153466047453,36.030752498355,1,0.48093567572516,-2.0975671342623,36.168210902765,1,2.1129736027695,1.6716101898139,32.514712325245,1
1.52,-0.012911130405059,0.0073548846438357,0.43796449571682,-0.027157789431608,0.021945467741136,-0.01217240037606,0.99931610793977,-0.04072331326003,0.047409300742541,0.0042348740993331,0.012558103905863,-0.050218399087061,-0.14477232839456,0.15850931480252,0.3989652854699,-0.16705603241088,-4.831887554033,4.2691942033846,-3.4393530133567,-0.067983738762488,0.82165384530393,1.0483946988949,0.2384873891173,0.85139723145176,0.58737958659743,-5.7292385828614,-3.1757646444245,-0.94613036599975,-1.6874843248582,-5.6452335171196,0.57297589756817,-0.1693452725445,-0.8327493021349,5.9545197948764,2.7763157811964,0.36098259062916,1.3525582043682,9.5327229766175,1.0888631865984,-0.92725412256587,2.2366589045827,-11.756360721438,3.23742068853,0.19304013633109,-0.83707857959679,-12.147030610503,-1.3146030084375,0.47034054728385,-2.4014920187907,8.1106203909142,3.7373702536482,-1.5183607744178,0.8649468855808,31.638592485132,6.4842624571198,0.026790929733574,2.1694955280421,-2.644530614906,-0.19986227783538,0.87999762163169,0.012665955822956,-33.726021410893,-3.4853640202719,-1.100722509069,-4.2466133232942,-6.2593920154869,0.47225111946358,2.6289200401316,2.4007342141924,32.520598580895,1,-2.7144811573981,-1.0644482289127,36.160605590849,1,0.56214394375717,-2.0677014356864,36.038419007776,1,2.0536413177861,1.7113677648217,32.616150083195,1
1.525,-0.013014855147293,0.0075212858594336,0.43798111639398,-0.027122225006329,0.021813235798269,-0.012495642655401,0.99931597934254,-0.039773061300212,0.046752074558431,0.0030900716497968,0.015691819145569,-0.053939749859326,-0.14395972544836,0.16164512590339,0.40012379264273,-0.17009172733259,-4.8348757304586,4.0589854465969,-3.5647235624282,-0.063862628995982,0.82673710038152,0.98484200656856,0.19382824262719,0.85426225873225,0.55858092417103,-5.7897197629697,-3.1560004769398,-0.95463737552409,-1.7151231804727,-5.4096709453183,0.59534867873392,-0.17343398301311,-0.80261507749665,6.0982870642844,2.8731495785551,0.36786330349127,1.3994773670157,9.2332402561134,0.8993893624603,-0.91622022558977,2.1764145744944,-12.338721546735,3.1125595070836,0.18870402272398,-0.89713948270133,-11.874181110305,-1.2757226037805,0.45843815437538,-2.3587315190936,8.9909438672134,3.8638426046696,-1.513642175898,1.0221547756686,31.23331096213,6.5150001638698,0.037600896615266,2.1536019788933,-3.7115816149663,-0.34181979102151,0.8796394452104,-0.15590296732041,-33.685754872819,-3.559652760696,-1.1220225612696,-4.271152767632,-3.5537880134306,0.62779530777623,2.5882031579334,2.3851110060157,32.421937594229,1,-2.7485638713514,-1.1130533147137,36.289350439275,1,0.64292745919515,-2.0368712063187,35.907654994636,1,1.9927573137338,1.7503270297463,32.720428412442,1
1.53,-0.013116121286783,0.0076853383856074,0.43799253727222,-0.027080166698399,0.021670840467763,-0.012817484962644,0.99931614183112,-0.038815295913887,0.046080248995288,0.0019432559792516,0.018821662663703,-0.057635939092916,-0.14312714237408,0.16481181475008,0.40177962753647,-0.17292168243851,-4.8412481118499,3.8397823860366,-3.6868712250671,-0.059716898970316,0.83150163256925,0.92090963890132,0.14974217954206,0.85698254938428,0.52948748141261,-5.8471455299048,-3.1348294685388,-0.96327961902038,-1.7415747930274,-5.1703636895438,0.61892542298358,-0.17737024747291,-0.7717753656001,6.2366940259408,2.9675840360248,0.37497482642948,1.4448738629916,8.9237115373391,0.70723668796354,-0.90549476273569,2.1132988218457,-12.904803449887,2.9866050353347,0.18407109350278,-0.9557892605811,-11.582654518293,-1.2351878037445,0.44676050043097,-2.3116102853571,9.8546452249499,3.9853023433454,-1.5081428843147,1.1771682306882,30.760975530555,6.5406788481724,0.048318093036782,2.132394975423,-4.7694752500327,-0.48372446241155,0.87843932213761,-0.3240338240363,-33.5508358817,-3.391824483971,-1.143411434662,-4.2821323974955,-0.83690164598848,0.79095052112321,2.5455306449445,2.368375203454,32.326333547568,1,-2.7805697869204,-1.1611391890964,36.416843611268,1,0.72322518249911,-2.005090827687,35.776064545226,1,1.9303675942013,1.788469811069,32.82743113834,1
1.535,-0.013214909693603,0.0078469909932931,0.4379987509107,-0.027031632248101,0.021518344641645,-0.013137877259477,0.99931659041717,-0.037850198030044,0.045394033845643,0.00079517425270289,0.021946862218209,-0.061305242608379,-0.14227469472571,0.16801638305906,0.40402516585078,-0.17541361710781,-4.8519426889277,3.6129781835686,-3.8058158677635,-0.055548146943335,0.83594560504926,0.85662224303796,0.10620706428745,0.8595566678268,0.50011461182665,-5.9014855783235,-3.1122733724497,-0.97205111415233,-1.7668208521794,-4.9274774031335,0.64370065325042,-0.18115060600333,-0.74025727411415,6.3696190220914,3.0593392813063,0.38230942192748,1.4886982997634,8.6044735953473,0.51283574697068,-0.89509188449515,2.0473949175345,-13.453859578538,2.8598235441591,0.17914863587692,-1.0129356620504,-11.272909381365,-1.1930300881519,0.43532917465764,-2.2602154335443,10.700127685567,4.1017611662095,-1.501874705941,1.3296544566538,30.222600233938,6.561428841485,0.058916077095578,2.1059268404117,-5.8156014419375,-0.62523866431824,0.87640062459819,-0.49125418916812,-33.321643541805,-3.2144211519261,-1.1648212250593,-4.2795173553763,1.8826416695121,0.96104814015401,2.50093474426,2.350534613339,32.233892951696,1,-2.810474720627,-1.2086834212081,36.542943068934,1,0.80297644119069,-1.9723751245396,35.643794262145,1,1.8665193004866,1.8257783161401,32.937039051037,1
1.54,-0.013311201705889,0.0080061932028552,0.43799975326116,-0.026976640748091,0.021355815955906,-0.013456769199242,0.99931731964453,-0.036877949962837,0.044693643395497,-0.00035342553999205,0.025066646712861,-0.064945948767776,-0.14140250081419,0.17125822279928,0.40693882265192,-0.177446693815,-4.8679440736431,3.3799710438183,-3.9215009777973,-0.051357980048299,0.84006730458558,0.79200460299336,0.063196964524488,0.86198325561837,0.47047781637974,-5.9527112313111,-3.0883534304353,-0.98094578911308,-1.7908438820945,-4.6811802169022,0.66967101445399,-0.18477173572289,-0.70808850699376,6.4969452135518,3.1481397534597,0.38985910976037,1.5309029952386,8.2758737690702,0.31662364698392,-0.88502531576212,1.9787898109684,-13.985165543056,2.7324850556223,0.17394439245972,-1.0684888006087,-10.945432902667,-1.1492821701311,0.42416531086015,-2.2046419805225,11.525828152919,4.2132114903151,-1.4948510977511,1.4792860852162,29.619340894916,6.5773724081354,0.069368701014698,2.0742628771179,-6.847379145627,-0.76598758484922,0.87352908105878,-0.6570941959185,-32.998821852867,-3.0283961438511,-1.1861839618687,-4.2633159433623,4.5962080806148,1.1373866551476,2.4544491522751,2.3315975578577,32.144718793049,1,-2.8382560764826,-1.2556638328584,36.667508327091,1,0.88212097569691,-1.9387393579306,35.510991505381,1,1.8012606759777,1.8622351414791,33.049130038293,1
1.545,-0.013404979133367,0.0081628952998494,0.43799554367055,-0.026915212631781,0.021183326761468,-0.013774110141851,0.9993183236017,-0.035898735377144,0.043979296357404,-0.0015017950714494,0.028180246387517,-0.068556359273114,-0.14051068169107,0.17452847183843,0.41058408620539,-0.17891457452159,-4.8902568293382,3.1421406553427,-4.0337994232855,-0.047148013674311,0.84386514218457,0.72708163009782,0.020683076764219,0.86426103217397,0.44059273532029,-6.0007954555151,-3.0630907844012,-0.98995748682816,-1.813627253544,-4.4316426227587,0.69683493067114,-0.18823045370996,-0.67529734012854,6.6185606824072,3.2337167708405,0.39761567567738,1.5714420296441,7.9382695834067,0.11904123381659,-0.87530833772527,1.9075740153488,-14.498020372243,2.6048619536866,0.16846654908996,-1.1223612958245,-10.600740175254,-1.103977245561,0.41328954836963,-2.1449926683995,12.330220103065,4.3196249662697,-1.4870871385299,1.62574187648,28.952492633838,6.5886226696893,0.079650175655629,2.0374812081586,-7.8622627172206,-0.9055653418978,0.86983276017158,-0.82108785611199,-32.583277900535,-2.8347136240181,-1.2074318238805,-4.233579596781,7.2951827100022,1.3192366366844,2.4061089932244,2.3115728706711,32.058910418984,1,-2.8638928630614,-1.3020585088653,36.790400609782,1,0.96059898488193,-1.9041992181003,35.377804228145,1,1.7346410296999,1.8978232808924,33.163579221514,1
1.55,-0.013496224260783,0.0083170483505476,0.43798612488148,-0.026847369661697,0.021000954092968,-0.014089849169454,0.99931959593506,-0.034912739253867,0.043251215802175,-0.0026491861643035,0.031286893008046,-0.072134789958565,-0.13959936113165,0.17780979750069,0.41500894216292,-0.17972804842436,-4.9198780125463,2.9008260129551,-4.1425209240494,-0.042919870843548,0.84733765370754,0.66187835339324,-0.02136528178533,0.86638879544086,0.41047513992462,-6.0457128754116,-3.0365068623766,-0.9990799692176,-1.8351551954159,-4.1790373556881,0.7251922347796,-0.19152371980056,-0.6419125964886,6.7343585303872,3.3158111561541,0.40557068033918,1.610271295488,7.5920283602253,-0.079469646386202,-0.86595377034559,1.8338414882537,-14.99174743815,2.4772276196223,0.1627237219562,-1.1744684107774,-10.239373371903,-1.0571480249028,0.40272199388637,-2.0813777745783,13.111816406449,4.4209512871276,-1.4785994965011,1.768707408665,28.223487088303,6.5952827555751,0.089735134146314,1.9956725827622,-8.8577481947271,-1.0435423635927,0.86532204810251,-0.98277436955933,-32.076179307578,-2.6343385824084,-1.2284973545829,-4.1904027209052,9.9709970055207,1.5058463074377,2.3559507926422,2.2904698927928,31.976563427099,1,-2.8873657093609,-1.3478458072775,36.911483004883,1,1.0383511712325,-1.8687708171565,35.244380812032,1,1.6667106990588,1.9325261334068,33.280259094886,1
1.555,-0.013584919851257,0.0084686042172182,0.4379715030304,-0.026773134917837,0.020808779635353,-0.014403935102873,0.99932112986282,-0.033920147854995,0.042509629089218,-0.0037948512786539,0.034385820055882,-0.075679571576083,-0.13866866561785,0.18107661506967,0.42024567404929,-0.17981713845322,-4.9577698614241,2.657305298249,-4.2474207039998,-0.038675181585558,0.8504835004352,0.59641990998399,-0.062979648060422,0.86836542253294,0.38014092417407,-6.0874397866969,-3.0086237183791,-1.008306921514,-1.8554128056322,-3.9235392741807,0.75474378451597,-0.19464863926053,-0.60796362078966,6.8442369728274,3.3941758605004,0.41371546850005,1.6473485455498,7.2375268187094,-0.27846879974397,-0.85697395544257,1.757689507676,-15.465695348781,2.3498551066082,0.15672494404429,-1.2247281853422,-9.8619008923108,-1.008825613691,0.39248218430729,-2.0139149078796,13.869172077247,4.5171173277251,-1.4694063935425,1.9078757531291,27.433889339621,6.5974451781357,0.099598694467324,1.9489401528683,-9.8313794759213,-1.1794737627097,0.86000961934748,-1.1416994188442,-31.478950953028,-2.4282267804652,-1.2493136763193,-4.1339223912409,12.615155943136,1.6964476342635,2.3040124497644,2.2682984682321,31.897769558723,1,-2.9086568794394,-1.3930043694702,37.030620616633,1,1.1153187856626,-1.8324706815585,35.110869901717,1,1.5975210118049,1.9663275110132,33.399039667417,1
1.56,-0.013671049149532,0.0086175155731583,0.43795168764364,-0.026692532786026,0.020606889688312,-0.014716316518769,0.99932291818959,-0.032921148688409,0.041754767795539,-0.004938043999097,0.037476262917145,-0.079189050574065,-0.13771872432063,0.18429572775839,0.42631101308597,-0.17913261141191,-5.0048335497526,2.4127783952954,-4.348208779321,-0.034415582308851,0.85330146958374,0.53073153534607,-0.1041913884427,0.87018987032329,0.34960609636716,-6.1259541687965,-2.9794643076787,-1.0176319566339,-1.8743860614641,-3.6653252391918,0.78549107893114,-0.19760246533004,-0.57348025369936,6.9480994281367,3.4685785217771,0.42204117842505,1.6826334388462,6.8751506654771,-0.47752021580643,-0.84838074041119,1.6792185436815,-15.919238807495,2.2230158667031,0.15047965092915,-1.2730615651053,-9.4689164690561,-0.95903831750428,0.38258905060685,-1.942728791112,14.600886944806,4.6080266462024,-1.4595275660656,2.0429481333045,26.585394552781,6.5951914286445,0.10921652084179,1.897399218627,-10.780754378139,-1.3129083878285,0.85391040111875,-1.297416445894,-30.793270968456,-2.2173148116931,-1.2698147026076,-4.0643179183474,15.219264996456,1.8902628378781,2.2503332088914,2.2450689394015,31.822616596717,1,-2.9277502858162,-1.4375131301082,37.147680715919,1,1.1914436719043,-1.795315744408,34.977420239351,1,1.5271242472511,1.9992116462177,33.519788607769,1
1.565,-0.013754595885144,0.0087637359174724,0.43792669163118,-0.026605588946267,0.020395375128555,-0.015026941767531,0.99932495332164,-0.031915930472467,0.04098686764343,-0.0060780195210255,0.040557459071303,-0.082661589868695,-0.13674966908206,0.18742735457439,0.43320659950095,-0.17764683800628,-5.0618848715915,2.1683524965171,-4.4445593546283,-0.030142715170033,0.85579047477243,0.46483855359834,-0.14503070778234,0.87186117599472,0.31888677067157,-6.1612356964867,-2.9490526819796,-1.0270486195987,-1.8920618292391,-3.4045739917147,0.81743588863445,-0.2003826016379,-0.53849280560781,7.0458546026917,3.5388038888921,0.4305387515318,1.7160875845235,6.5052941749226,-0.6761944434676,-0.84018546259122,1.5985321258545,-16.351779437983,2.0969785421401,0.14399766593351,-1.3193925257108,-9.0610382337037,-0.90781045288857,0.37306088283824,-1.8679510304882,15.305608242224,4.6935593752281,-1.4489842226449,2.1736345661331,25.67982433715,6.5885917896245,0.11856488377764,1.841176943926,-11.703530565041,-1.4433982022787,0.84704153140147,-1.4494879067486,-30.021066022652,-2.0025104924328,-1.289935347948,-3.9818102785725,17.775056787198,2.0865111981659,2.1949536297358,2.2207921422931,31.751188267668,1,-2.9446315016281,-1.4813513269725,37.262532888151,1,1.2666683104499,-1.7573233375499,34.844180498848,1,1.4555735967708,2.0311631993972,33.642371391676,1
1.57,-0.013835544275496,0.0089072195895938,0.43789653127823,-0.026512330361125,0.020174331369953,-0.015335758991878,0.99932722728281,-0.030904683100353,0.040206168426858,-0.0072140351358776,0.043628648279308,-0.086095569607602,-0.13576163439704,0.19042649396058,0.44091970915993,-0.17535397325682,-5.1296326313298,1.925031116999,-4.5361198495908,-0.025858227440724,0.85794955644237,0.3987663677396,-0.18552572350544,0.87337845754781,0.28799915862022,-6.1932657506201,-2.9174140928658,-1.0365503920033,-1.908427873432,-3.1414660290528,0.85057991203266,-0.20298660448378,-0.50303202998518,7.1374165710815,3.6046560425225,0.43919894224645,1.7476745836273,6.1283597602357,-0.87407078027662,-0.83239893430945,1.5157367067078,-16.762746573729,1.9720078317742,0.13728918467655,-1.3636481924403,-8.6389077445371,-0.85516124717538,0.36391529631933,-1.7897198723173,15.982033107293,4.7735725249361,-1.4377989984849,2.2996544846224,24.719122835717,6.5777053579128,0.12762071861392,1.7804120426461,-12.597431325717,-1.5705076257608,0.83942231079827,-1.5974865009998,-29.164505907941,-1.7846837970478,-1.3096117344524,-3.8866614125088,20.274417331993,2.2844160176109,2.1379155567756,2.1954794014229,31.68356414862,1,-2.9592877715295,-1.5244985106452,37.375049178548,1,1.3409358620134,-1.7185111834881,34.711299120254,1,1.3829231236064,2.0621672659544,33.76665145182,1
1.575,-0.013913879028836,0.0090479217835424,0.43786122623465,-0.026412785264105,0.019943858321543,-0.015642716146142,0.99932973173093,-0.029887597604201,0.039412913936582,-0.0083453507150216,0.046689072771181,-0.089489387925478,-0.13475475739461,0.19324455515569,0.44942419399479,-0.17226945379978,-5.2086603903606,1.6837066915483,-4.6225191569825,-0.021563770872503,0.85977788222649,0.33254044985522,-0.22570163292079,0.87474091426644,0.25695956055587,-6.2220274279522,-2.8845749962863,-1.046130696528,-1.9234728651351,-2.8761834798754,0.88492446805697,-0.20541218498614,-0.46712909634978,7.2227048516361,3.6659603460598,0.44801232806308,1.7773600687061,5.7447575355664,-1.0707392465705,-0.82503142861461,1.430941521236,-17.151598010907,1.8483634424847,0.13036475903712,-1.4057589548387,-8.2031889774406,-0.80110390734933,0.35516919906619,-1.7081799474193,16.628910991189,4.847900712933,-1.4259959068259,2.4207373401873,23.705352551258,6.5625802721759,0.13636168242691,1.7152544364212,-13.460251191886,-1.6938224746728,0.83107414829709,-1.7409963724482,-28.225997443357,-1.5646585438328,-1.3287813946409,-3.7791733934003,22.709411802206,2.4832115943796,2.0792620876369,2.1691425245489,31.619819578411,1,-2.9717080213307,-1.5669345540487,37.485104234696,1,1.414190210478,-1.6788973871175,34.578924144368,1,1.30922772202,2.092209383271,33.892490329979,1
1.58,-0.013989585347146,0.0091857985619171,0.43782079950212,-0.026306983148079,0.019704060343432,-0.015947761016225,0.99933245797492,-0.028864866119011,0.038607351884027,-0.0094712291919587,0.049737977432971,-0.092841461691309,-0.13372917781892,0.19583117681722,0.45868158248455,-0.16842883507838,-5.29941207023,1.4451567851727,-4.7033748334776,-0.017261001060126,0.86127474727039,0.26618633129723,-0.26557999737211,0.87594782714029,0.22578435702901,-6.2475055500614,-2.8505629556502,-1.0557829014918,-1.9371863898999,-2.6089099781447,0.92047023372518,-0.20765721109415,-0.43081556287057,7.3016444771675,3.7225650670454,0.45696931979564,1.8051117412033,5.3549048698098,-1.2658023190631,-0.81809266572376,1.3442584427981,-17.517820723735,1.7262991343662,0.12323528055647,-1.4456585762056,-7.7545672815212,-0.7456449312824,0.3468387605342,-1.6234820037381,17.24504597043,4.9163573291434,-1.4136002873902,2.5366231834828,22.640689918416,6.5432541378549,0.14476620915547,1.6458648847452,-14.289861379308,-1.8129581562309,0.82202050111485,-1.8796142776035,-27.208177711807,-1.3432050232739,-1.3473834697592,-3.6596874681367,25.072309714976,2.6821500508559,2.0190375405293,2.1417937971626,31.560025573741,1,-2.9818828663655,-1.6086396618345,37.592575446198,1,1.4863760052972,-1.6385004272795,34.447203047817,1,1.2345430758153,2.1212755374538,34.019747831278,1
1.585,-0.014062648928943,0.0093208068696155,0.43777527741918,-0.026194954753729,0.0194550462006,-0.016250841240204,0.99933539699231,-0.027836681846353,0.037789733823926,-0.010590937042532,0.052774609993075,-0.096150227246866,-0.13268503800988,0.19813614430336,0.46864228732888,-0.16388601710138,-5.4021817400215,1.2100438112728,-4.7782990389607,-0.012951576803262,0.8624395745041,0.19972959284143,-0.30517816139569,0.87699855924432,0.19449000015328,-6.269686671359,-2.8154064459968,-1.0655003254426,-1.9495589549464,-2.3398305360009,0.95721703241948,-0.20971970946174,-0.39412334862794,7.3741660608657,3.774342619675,0.46606017201121,1.8308994065994,4.9592259324988,-1.4588764023142,-0.81159180019805,1.2558018355184,-17.860931541328,1.6060618675448,0.11591196330679,-1.4832842977804,-7.2937483011113,-0.68878372418284,0.33893938172451,-1.5357826276433,17.829298957861,4.9787361349362,-1.4006387519813,2.647063222482,21.527420631172,6.5197546416761,0.15281356280972,1.5724145883399,-15.084215040015,-1.927566807829,0.81228680878581,-2.0129507187445,-26.11390665022,-1.1210337392027,-1.3653589029906,-3.528582973882,27.355609475521,2.8805078633118,1.9572874207596,2.1134459767587,31.504248750056,1,-2.989804618582,-1.6495943796171,37.697343081272,1,1.5574387033172,-1.5973391481411,34.31628257875,1,1.1589256162633,2.1493521698717,34.14828218038,1
1.59,-0.014133055971971,0.0094529045472796,0.43772468964403,-0.026076732058027,0.019196929014628,-0.016551904329565,0.99933853944729,-0.026803239017866,0.036960315075775,-0.011703744762824,0.055798221207846,-0.099414141136115,-0.13162248288334,0.20011131357468,0.47924687120507,-0.15871093103017,-5.5171077315707,0.97891802877888,-4.8469031600048,-0.0086371594669952,0.86327191486455,0.13319585482557,-0.34450881881663,0.87789255607489,0.16309300492322,-6.2885590861852,-2.779134566441,-1.0752762417823,-1.960581995734,-2.0691314156924,0.99516367610195,-0.21159786718213,-0.35708470555727,7.4402058572882,3.8211903923597,0.47527499363332,1.8546950072639,4.5581512322967,-1.6495930210089,-0.80553740886477,1.1656884034019,-18.180477785159,1.4878910573527,0.10840632625242,-1.518576937456,-6.8214568658498,-0.63051256963283,0.3314856667113,-1.4452439544403,18.380589808552,5.0348132871657,-1.3871391273515,2.7518203566006,20.367934735752,6.4921003467902,0.16048388863167,1.4950847667616,-15.841352312374,-2.0373431248942,0.80190042167986,-2.1406310383556,-24.94625901351,-0.89879040660682,-1.3826506269451,-3.386276133777,29.552062192773,3.077591943936,1.8940583863481,2.0841122868833,31.452551247333,1,-2.9954672923516,-1.6897796030493,37.799290420146,1,1.6273246099894,-1.5554327504055,34.186308593354,1,1.0824324794629,2.1764261834808,34.277950179432,1
1.595,-0.01420079317582,0.0095820503444603,0.43766906913527,-0.025952348262764,0.018929826213366,-0.016850897691039,0.9993418757093,-0.025764732858573,0.036119354644092,-0.012808927344444,0.058808065046461,-0.10263168082519,-0.13054165991101,0.20171245111516,0.49042732768025,-0.15298677919467,-5.6441710394798,0.75222348451445,-4.9088011696532,-0.0043194123413383,0.86377144746869,0.066610767272175,-0.38357973108459,0.87862934584238,0.13160994049877,-6.3041128349863,-2.7417766724532,-1.0851038834234,-1.9702478818903,-1.797000000642,1.034307861976,-0.21329003338134,-0.31973219009998,7.4997058183915,3.8630311401314,0.48460375870362,1.8764726529833,4.1521171485927,-1.8375997213095,-0.79993747950164,1.074037036363,-18.476037866296,1.3720179432854,0.10073017513144,-1.5514809828678,-6.3384358505858,-0.57081698887739,0.32449139564229,-1.3520333686196,18.897899316732,5.084349768738,-1.3731303954617,2.8506696857214,19.164721499505,6.4603016582487,0.16775826208175,1.4140662112887,-16.559405156539,-2.1420286847771,0.79089052415168,-2.262296471864,-23.708515734922,-0.67705231832391,-1.3992037448346,-3.2332187355369,31.654694692753,3.2727451373762,1.8293982127742,2.0538064109662,31.404990660847,1,-2.998866608992,-1.7291765867336,37.898303885085,1,1.6959809199415,-1.5128007823547,34.057425893353,1,1.00512146317,2.2024849489338,34.408607367605,1
